codigo orgao,descricao orgao,codigo unidade,descricao unidade,codigo da função,descricao da funcao,codigo subfuncao,descricao da subfuncao,codigo programa,descricao programa,codigo acao,descricao acao,codigo fonte,descricao fonte,' 2022',' 2023',' 2024',' 2025'
2,Hospital do Servidor Público Municipal,10,Hospital do Servidor Público Municipal,10,Saúde,122,Administração Geral,3011,"Modernização Tecnológica, Desburocratização e Inovação do Serviço Público",2818,"Aquisição de Materiais, Equipamentos e Serviços de Informação e Comunicação",0,Tesouro Municipal,1.501.000,1.729.125,1.746.415,1.764.978
2,Hospital do Servidor Público Municipal,10,Hospital do Servidor Público Municipal,10,Saúde,122,Administração Geral,3024,Suporte Administrativo,2100,Administração da Unidade,0,Tesouro Municipal,237.584.938,272.179.517,274.852.853,277.723.036
2,Hospital do Servidor Público Municipal,10,Hospital do Servidor Público Municipal,10,Saúde,126,Tecnologia da Informação,3011,"Modernização Tecnológica, Desburocratização e Inovação do Serviço Público",1220,Desenvolvimento de Sistemas de Informação e Comunicação,0,Tesouro Municipal,1.000,0,0,0
2,Hospital do Servidor Público Municipal,10,Hospital do Servidor Público Municipal,10,Saúde,126,Tecnologia da Informação,3024,Suporte Administrativo,2171,Manutenção e Operação de Sistemas de Informação e Comunicação,0,Tesouro Municipal,3.400.000,3.916.743,3.955.910,3.997.962
2,Hospital do Servidor Público Municipal,10,Hospital do Servidor Público Municipal,10,Saúde,302,Assistência Hospitalar e Ambulatorial,3003,"Ações e Serviços da Saúde em Atenção Básica, Especialidades e Vigilância",9306,E1019 - Compra de Equipamentos para o Hospital do Servidor Público Municipal,0,Tesouro Municipal,150.000,0,0,0
2,Hospital do Servidor Público Municipal,10,Hospital do Servidor Público Municipal,10,Saúde,302,Assistência Hospitalar e Ambulatorial,3003,"Ações e Serviços da Saúde em Atenção Básica, Especialidades e Vigilância",9323,"E1652 - Reforma, Requalificação e Aquisição de Equipamentos para o Hospital do Servidor Público Municipal",0,Tesouro Municipal,1.000.000,0,0,0
2,Hospital do Servidor Público Municipal,10,Hospital do Servidor Público Municipal,10,Saúde,302,Assistência Hospitalar e Ambulatorial,3026,Ações e Serviços da Saúde em Atenção Hospitalar e de Urgência e Emergência,1535,Construção e Implantação de Equipamentos em Atenção Hospitalar e de Urgência e Emergência,0,Tesouro Municipal,1.000,0,0,0
2,Hospital do Servidor Público Municipal,10,Hospital do Servidor Público Municipal,10,Saúde,302,Assistência Hospitalar e Ambulatorial,3026,Ações e Serviços da Saúde em Atenção Hospitalar e de Urgência e Emergência,1536,"Ampliação, Reforma e Requalificação de Equipamentos em Atenção Hospitalar e de Urgência e Emergência",0,Tesouro Municipal,1.000,0,0,0
2,Hospital do Servidor Público Municipal,10,Hospital do Servidor Público Municipal,10,Saúde,302,Assistência Hospitalar e Ambulatorial,3026,Ações e Serviços da Saúde em Atenção Hospitalar e de Urgência e Emergência,2044,Execução de Serviços Médicos de Tratamento de Radioterapia,0,Tesouro Municipal,1.800.000,2.073.569,2.094.305,2.116.567
2,Hospital do Servidor Público Municipal,10,Hospital do Servidor Público Municipal,10,Saúde,302,Assistência Hospitalar e Ambulatorial,3026,Ações e Serviços da Saúde em Atenção Hospitalar e de Urgência e Emergência,2507,Manutenção e Operação em Atenção Hospitalar e de Urgência e Emergência,0,Tesouro Municipal,125.033.853,97.961.059,98.940.691,99.992.431
2,Hospital do Servidor Público Municipal,10,Hospital do Servidor Público Municipal,10,Saúde,302,Assistência Hospitalar e Ambulatorial,3026,Ações e Serviços da Saúde em Atenção Hospitalar e de Urgência e Emergência,2507,Manutenção e Operação em Atenção Hospitalar e de Urgência e Emergência,2,Transferências Federais,4.800.000,0,0,0
2,Hospital do Servidor Público Municipal,10,Hospital do Servidor Público Municipal,10,Saúde,302,Assistência Hospitalar e Ambulatorial,3026,Ações e Serviços da Saúde em Atenção Hospitalar e de Urgência e Emergência,2507,Manutenção e Operação em Atenção Hospitalar e de Urgência e Emergência,6,Recursos Próprios da Administração Indireta,9.070.004,9.070.004,9.070.004,9.070.004
2,Hospital do Servidor Público Municipal,10,Hospital do Servidor Público Municipal,10,Saúde,302,Assistência Hospitalar e Ambulatorial,3026,Ações e Serviços da Saúde em Atenção Hospitalar e de Urgência e Emergência,9032,HSPM - Histeroscópio,0,Tesouro Municipal,200.000,0,0,0
2,Hospital do Servidor Público Municipal,10,Hospital do Servidor Público Municipal,10,Saúde,302,Assistência Hospitalar e Ambulatorial,3026,Ações e Serviços da Saúde em Atenção Hospitalar e de Urgência e Emergência,9160,Construção e Implementação de Equipamentos em Atenção Hospitalar e de Urgência e Emergência,0,Tesouro Municipal,1.000,0,0,0
2,Hospital do Servidor Público Municipal,10,Hospital do Servidor Público Municipal,10,Saúde,302,Assistência Hospitalar e Ambulatorial,3026,Ações e Serviços da Saúde em Atenção Hospitalar e de Urgência e Emergência,9161,"Ampliação, Reforma e Requalificação de Equipamentos em Atenção Hospitalar e de Urgência e Emergência",0,Tesouro Municipal,1.000,0,0,0
3,Instituto de Previdência Municipal de São Paulo,10,Instituto de Previdência Municipal de São Paulo,9,Previdência Social,122,Administração Geral,3021,"Qualidade, Eficiência e Sustentabilidade do Orçamento Público",1221,Ações para Promoção da Sustentabilidade Previdenciária,6,Recursos Próprios da Administração Indireta,6.000.000,6.500.000,42.000,31.500
3,Instituto de Previdência Municipal de São Paulo,10,Instituto de Previdência Municipal de São Paulo,9,Previdência Social,122,Administração Geral,3024,Suporte Administrativo,2100,Administração da Unidade,0,Tesouro Municipal,1.541.000,2.000.000,2.020.000,2.042.000
3,Instituto de Previdência Municipal de São Paulo,10,Instituto de Previdência Municipal de São Paulo,9,Previdência Social,122,Administração Geral,3024,Suporte Administrativo,2100,Administração da Unidade,6,Recursos Próprios da Administração Indireta,74.646.302,75.950.000,76.700.000,77.600.000
3,Instituto de Previdência Municipal de São Paulo,10,Instituto de Previdência Municipal de São Paulo,9,Previdência Social,126,Tecnologia da Informação,3011,"Modernização Tecnológica, Desburocratização e Inovação do Serviço Público",1220,Desenvolvimento de Sistemas de Informação e Comunicação,6,Recursos Próprios da Administração Indireta,3.626.712,0,0,0
3,Instituto de Previdência Municipal de São Paulo,10,Instituto de Previdência Municipal de São Paulo,9,Previdência Social,126,Tecnologia da Informação,3011,"Modernização Tecnológica, Desburocratização e Inovação do Serviço Público",2818,"Aquisição de Materiais, Equipamentos e Serviços de Informação e Comunicação",6,Recursos Próprios da Administração Indireta,600.000,600.000,630.000,667.800
3,Instituto de Previdência Municipal de São Paulo,10,Instituto de Previdência Municipal de São Paulo,9,Previdência Social,126,Tecnologia da Informação,3024,Suporte Administrativo,2171,Manutenção e Operação de Sistemas de Informação e Comunicação,6,Recursos Próprios da Administração Indireta,4.069.639,4.191.728,4.401.314,4.665.393
3,Instituto de Previdência Municipal de São Paulo,10,Instituto de Previdência Municipal de São Paulo,9,Previdência Social,272,Previdência do Regime Estatutário,3004,Benefícios e Previdência de Funcionários,4987,Aposentadorias e Pensões,0,Tesouro Municipal,3.965.759.169,7.299.426.226,8.307.734.577,9.411.573.620
3,Instituto de Previdência Municipal de São Paulo,10,Instituto de Previdência Municipal de São Paulo,9,Previdência Social,272,Previdência do Regime Estatutário,3004,Benefícios e Previdência de Funcionários,4987,Aposentadorias e Pensões,2,Transferências Federais,90.470.340,104.015.893,119.594.777,137.511.994
3,Instituto de Previdência Municipal de São Paulo,10,Instituto de Previdência Municipal de São Paulo,9,Previdência Social,272,Previdência do Regime Estatutário,3004,Benefícios e Previdência de Funcionários,4987,Aposentadorias e Pensões,6,Recursos Próprios da Administração Indireta,8.026.015.898,8.083.066.680,8.144.612.237,8.200.129.909
3,Instituto de Previdência Municipal de São Paulo,10,Instituto de Previdência Municipal de São Paulo,9,Previdência Social,272,Previdência do Regime Estatutário,3004,Benefícios e Previdência de Funcionários,4987,Aposentadorias e Pensões,8,Tesouro Municipal - Recursos Vinculados,155.347.009,160.438.389,154.696.922,144.387.273
3,Instituto de Previdência Municipal de São Paulo,10,Instituto de Previdência Municipal de São Paulo,9,Previdência Social,845,Outras Transferências,3004,Benefícios e Previdência de Funcionários,4980,Compensação Financeira - Outros Fundos de Previdência,3,Transferências Estaduais,20.191.284,27.258.233,36.798.615,49.678.131
3,Instituto de Previdência Municipal de São Paulo,10,Instituto de Previdência Municipal de São Paulo,9,Previdência Social,845,Outras Transferências,3004,Benefícios e Previdência de Funcionários,4980,Compensação Financeira - Outros Fundos de Previdência,5,Outras Fontes,2.243.472,3.028.692,4.088.735,5.519.792
3,Instituto de Previdência Municipal de São Paulo,10,Instituto de Previdência Municipal de São Paulo,9,Previdência Social,845,Outras Transferências,3004,Benefícios e Previdência de Funcionários,4980,Compensação Financeira - Outros Fundos de Previdência,6,Recursos Próprios da Administração Indireta,16.743.551,16.800.000,16.900.000,17.000.000
4,Serviço Funerário do Município de São Paulo,10,Serviço Funerário do Município de São Paulo,15,Urbanismo,122,Administração Geral,3011,"Modernização Tecnológica, Desburocratização e Inovação do Serviço Público",1220,Desenvolvimento de Sistemas de Informação e Comunicação,10,Alienação de Bens/Ativos,100.000,103.250,106.606,110.070
4,Serviço Funerário do Município de São Paulo,10,Serviço Funerário do Município de São Paulo,15,Urbanismo,122,Administração Geral,3024,Suporte Administrativo,2100,Administração da Unidade,6,Recursos Próprios da Administração Indireta,82.506.112,36.226.994,36.814.183,37.390.946
4,Serviço Funerário do Município de São Paulo,10,Serviço Funerário do Município de São Paulo,15,Urbanismo,126,Tecnologia da Informação,3011,"Modernização Tecnológica, Desburocratização e Inovação do Serviço Público",2818,"Aquisição de Materiais, Equipamentos e Serviços de Informação e Comunicação",6,Recursos Próprios da Administração Indireta,150.000,157.500,165.375,173.643
4,Serviço Funerário do Município de São Paulo,10,Serviço Funerário do Município de São Paulo,15,Urbanismo,126,Tecnologia da Informação,3024,Suporte Administrativo,2171,Manutenção e Operação de Sistemas de Informação e Comunicação,6,Recursos Próprios da Administração Indireta,3.770.000,3.958.500,4.156.425,4.364.246
4,Serviço Funerário do Município de São Paulo,10,Serviço Funerário do Município de São Paulo,15,Urbanismo,452,Serviços Urbanos,3011,"Modernização Tecnológica, Desburocratização e Inovação do Serviço Público",2300,Manutenção e Operação de Cemitério,6,Recursos Próprios da Administração Indireta,26.296.172,45.142.708,46.767.225,48.452.412
4,Serviço Funerário do Município de São Paulo,10,Serviço Funerário do Município de São Paulo,15,Urbanismo,452,Serviços Urbanos,3011,"Modernização Tecnológica, Desburocratização e Inovação do Serviço Público",2302,Comercialização de Artigos do Serviço Funerário,6,Recursos Próprios da Administração Indireta,24.335.477,40.843.645,42.313.519,43.838.287
4,Serviço Funerário do Município de São Paulo,10,Serviço Funerário do Município de São Paulo,15,Urbanismo,452,Serviços Urbanos,3011,"Modernização Tecnológica, Desburocratização e Inovação do Serviço Público",2304,Transportes Fúnebres,6,Recursos Próprios da Administração Indireta,13.129.213,23.427.576,24.270.684,25.145.277
4,Serviço Funerário do Município de São Paulo,10,Serviço Funerário do Município de São Paulo,15,Urbanismo,452,Serviços Urbanos,3011,"Modernização Tecnológica, Desburocratização e Inovação do Serviço Público",2306,Manutenção e Operação de Crematório,6,Recursos Próprios da Administração Indireta,7.649.935,13.123.172,13.595.446,14.085.358
4,Serviço Funerário do Município de São Paulo,10,Serviço Funerário do Município de São Paulo,15,Urbanismo,452,Serviços Urbanos,3011,"Modernização Tecnológica, Desburocratização e Inovação do Serviço Público",2308,Manutenção e Operação de Velório,6,Recursos Próprios da Administração Indireta,4.762.000,5.000.100,5.250.105,5.512.610
4,Serviço Funerário do Município de São Paulo,10,Serviço Funerário do Município de São Paulo,15,Urbanismo,813,Lazer,3022,Requalificação e Promoção da Ocupação dos Espaços Públicos,2310,Ações Socioculturais em Espaços Cemiteriais,6,Recursos Próprios da Administração Indireta,180.000,189.000,198.450,208.372
5,São Paulo Urbanismo,10,São Paulo Urbanismo,15,Urbanismo,122,Administração Geral,0,Encargos Especiais,6833,Encargos Referentes a Arrecadação,9,Recursos Próprios da Empresa Dependente,3.500.000,3.850.000,4.235.000,4.658.500
5,São Paulo Urbanismo,10,São Paulo Urbanismo,15,Urbanismo,122,Administração Geral,0,Encargos Especiais,6836,Encargos Referentes a Pagamentos de Manutenção de Conta Corrente,9,Recursos Próprios da Empresa Dependente,1.000,1.100,1.210,1.331
5,São Paulo Urbanismo,10,São Paulo Urbanismo,15,Urbanismo,122,Administração Geral,3011,"Modernização Tecnológica, Desburocratização e Inovação do Serviço Público",2180,"Capacitação, Formação e Aperfeiçoamento de Servidores",9,Recursos Próprios da Empresa Dependente,50.000,55.000,60.500,66.550
5,São Paulo Urbanismo,10,São Paulo Urbanismo,15,Urbanismo,122,Administração Geral,3011,"Modernização Tecnológica, Desburocratização e Inovação do Serviço Público",2818,"Aquisição de Materiais, Equipamentos e Serviços de Informação e Comunicação",9,Recursos Próprios da Empresa Dependente,2.452.000,2.697.200,2.966.920,3.263.612
5,São Paulo Urbanismo,10,São Paulo Urbanismo,15,Urbanismo,122,Administração Geral,3012,"Participação, Transparência e Controle Social da Administração Pública",2153,Publicação de Editais e Outras Publicações Legais e de Interesse do Município,9,Recursos Próprios da Empresa Dependente,15.500,17.050,18.755,20.631
5,São Paulo Urbanismo,10,São Paulo Urbanismo,15,Urbanismo,122,Administração Geral,3024,Suporte Administrativo,2100,Administração da Unidade,0,Tesouro Municipal,11.373.000,11.486.730,11.601.597,11.717.612
5,São Paulo Urbanismo,10,São Paulo Urbanismo,15,Urbanismo,122,Administração Geral,3024,Suporte Administrativo,2100,Administração da Unidade,9,Recursos Próprios da Empresa Dependente,32.379.574,48.874.969,48.956.559,49.038.620
5,São Paulo Urbanismo,10,São Paulo Urbanismo,15,Urbanismo,122,Administração Geral,3024,Suporte Administrativo,2171,Manutenção e Operação de Sistemas de Informação e Comunicação,9,Recursos Próprios da Empresa Dependente,195.000,214.500,235.950,259.545
5,São Paulo Urbanismo,10,São Paulo Urbanismo,15,Urbanismo,122,Administração Geral,3024,Suporte Administrativo,2611,Administração da Carteira Imobiliária,9,Recursos Próprios da Empresa Dependente,30.000,33.000,36.300,39.930
5,São Paulo Urbanismo,10,São Paulo Urbanismo,15,Urbanismo,126,Tecnologia da Informação,3011,"Modernização Tecnológica, Desburocratização e Inovação do Serviço Público",1220,Desenvolvimento de Sistemas de Informação e Comunicação,9,Recursos Próprios da Empresa Dependente,962.597,1.000,1.000,1.000
5,São Paulo Urbanismo,10,São Paulo Urbanismo,15,Urbanismo,451,Infra-Estrutura Urbana,3022,Requalificação e Promoção da Ocupação dos Espaços Públicos,1241,"Desenvolvimento de Estudos, Projetos  e Instrumentos de Políticas Urbanas",9,Recursos Próprios da Empresa Dependente,1.000,1.100,1.210,1.331
6,São Paulo Turismo,10,São Paulo Turismo,23,Comércio e Serviços,122,Administração Geral,3011,"Modernização Tecnológica, Desburocratização e Inovação do Serviço Público",2180,"Capacitação, Formação e Aperfeiçoamento de Servidores",9,Recursos Próprios da Empresa Dependente,666.750,626.745,651.188,687.655
6,São Paulo Turismo,10,São Paulo Turismo,23,Comércio e Serviços,122,Administração Geral,3011,"Modernização Tecnológica, Desburocratização e Inovação do Serviço Público",2818,"Aquisição de Materiais, Equipamentos e Serviços de Informação e Comunicação",0,Tesouro Municipal,1.000,1.000,1.000,1.000
6,São Paulo Turismo,10,São Paulo Turismo,23,Comércio e Serviços,122,Administração Geral,3011,"Modernização Tecnológica, Desburocratização e Inovação do Serviço Público",2818,"Aquisição de Materiais, Equipamentos e Serviços de Informação e Comunicação",9,Recursos Próprios da Empresa Dependente,1.000,940,976,1.031
6,São Paulo Turismo,10,São Paulo Turismo,23,Comércio e Serviços,122,Administração Geral,3012,"Participação, Transparência e Controle Social da Administração Pública",2153,Publicação de Editais e Outras Publicações Legais e de Interesse do Município,0,Tesouro Municipal,1.000,1.000,1.000,1.000
6,São Paulo Turismo,10,São Paulo Turismo,23,Comércio e Serviços,122,Administração Geral,3024,Suporte Administrativo,2100,Administração da Unidade,0,Tesouro Municipal,7.986.939,8.663.766,9.090.827,9.332.383
6,São Paulo Turismo,10,São Paulo Turismo,23,Comércio e Serviços,122,Administração Geral,3024,Suporte Administrativo,2100,Administração da Unidade,9,Recursos Próprios da Empresa Dependente,66.635.173,36.167.651,44.446.586,46.497.163
6,São Paulo Turismo,10,São Paulo Turismo,23,Comércio e Serviços,122,Administração Geral,3024,Suporte Administrativo,2171,Manutenção e Operação de Sistemas de Informação e Comunicação,9,Recursos Próprios da Empresa Dependente,1.882.035,1.769.113,1.838.108,1.941.042
6,São Paulo Turismo,10,São Paulo Turismo,23,Comércio e Serviços,695,Turismo,3015,Promoção da Cidade como Referência Global e Destino Turístico,2640,Apoio às Ações Municipais de Turismo,0,Tesouro Municipal,1.000,1.000,1.000,1.000
6,São Paulo Turismo,10,São Paulo Turismo,23,Comércio e Serviços,695,Turismo,3015,Promoção da Cidade como Referência Global e Destino Turístico,2640,Apoio às Ações Municipais de Turismo,9,Recursos Próprios da Empresa Dependente,54.677.494,84.586.063,81.816.894,88.128.861
7,Fundo Municipal de Desenvolvimento Social,10,Fundo Municipal de Desenvolvimento Social,8,Assistência Social,244,Assistência Comunitária,3023,Proteção à População em Situação de Vulnerabilidade Social,3399,"Ampliação, Reforma e Requalificação de Equipamentos da Assistência Social",8,Tesouro Municipal - Recursos Vinculados,4.557.494,1.446.290,2.257.524,2.037.625
7,Fundo Municipal de Desenvolvimento Social,10,Fundo Municipal de Desenvolvimento Social,10,Saúde,122,Administração Geral,3003,"Ações e Serviços da Saúde em Atenção Básica, Especialidades e Vigilância",5204,"Avança Saúde SP - Ampliação, Reforma e Requalificação de Equipamentos de Saúde",8,Tesouro Municipal - Recursos Vinculados,0,13.257.655,20.693.967,18.678.224
7,Fundo Municipal de Desenvolvimento Social,10,Fundo Municipal de Desenvolvimento Social,10,Saúde,301,Atenção Básica,3003,"Ações e Serviços da Saúde em Atenção Básica, Especialidades e Vigilância",5204,"Avança Saúde SP - Ampliação, Reforma e Requalificação de Equipamentos de Saúde",8,Tesouro Municipal - Recursos Vinculados,41.777.029,13.257.655,20.693.966,18.678.224
7,Fundo Municipal de Desenvolvimento Social,10,Fundo Municipal de Desenvolvimento Social,10,Saúde,302,Assistência Hospitalar e Ambulatorial,3003,"Ações e Serviços da Saúde em Atenção Básica, Especialidades e Vigilância",5204,"Avança Saúde SP - Ampliação, Reforma e Requalificação de Equipamentos de Saúde",8,Tesouro Municipal - Recursos Vinculados,41.777.030,0,0,0
7,Fundo Municipal de Desenvolvimento Social,10,Fundo Municipal de Desenvolvimento Social,13,Cultura,695,Turismo,3015,Promoção da Cidade como Referência Global e Destino Turístico,5409,Implantação de Estrutura Turística no Triângulo Histórico,8,Tesouro Municipal - Recursos Vinculados,1.000,1.000,1.000,1.000
7,Fundo Municipal de Desenvolvimento Social,10,Fundo Municipal de Desenvolvimento Social,15,Urbanismo,451,Infra-Estrutura Urbana,3009,Melhoria da Mobilidade Urbana Universal,3380,"Construção de Pontes, Viadutos e Alças",8,Tesouro Municipal - Recursos Vinculados,1.000,1.000,1.000,1.000
7,Fundo Municipal de Desenvolvimento Social,10,Fundo Municipal de Desenvolvimento Social,15,Urbanismo,451,Infra-Estrutura Urbana,3009,Melhoria da Mobilidade Urbana Universal,5100,Intervenções no Sistema Viário,8,Tesouro Municipal - Recursos Vinculados,1.000,1.000,1.000,1.000
7,Fundo Municipal de Desenvolvimento Social,10,Fundo Municipal de Desenvolvimento Social,15,Urbanismo,451,Infra-Estrutura Urbana,3009,Melhoria da Mobilidade Urbana Universal,5187,Recuperação e Reforço de Obras de Arte Especiais - OAE,8,Tesouro Municipal - Recursos Vinculados,1.000,1.000,1.000,1.000
7,Fundo Municipal de Desenvolvimento Social,10,Fundo Municipal de Desenvolvimento Social,15,Urbanismo,451,Infra-Estrutura Urbana,3009,Melhoria da Mobilidade Urbana Universal,5287,Inspeção de Obras de Artes Especiais - OAE,8,Tesouro Municipal - Recursos Vinculados,1.000,1.000,1.000,1.000
7,Fundo Municipal de Desenvolvimento Social,10,Fundo Municipal de Desenvolvimento Social,15,Urbanismo,451,Infra-Estrutura Urbana,3022,Requalificação e Promoção da Ocupação dos Espaços Públicos,3350,"Ampliação, Reforma e Requalificação de Áreas Públicas",8,Tesouro Municipal - Recursos Vinculados,1.000,1.000,1.000,1.000
7,Fundo Municipal de Desenvolvimento Social,10,Fundo Municipal de Desenvolvimento Social,15,Urbanismo,452,Serviços Urbanos,3006,Promoção dos Direitos da Pessoa com Deficiência,1169,Reforma e Acessibilidade em Passeios Públicos,8,Tesouro Municipal - Recursos Vinculados,1.000,1.000,1.000,1.000
7,Fundo Municipal de Desenvolvimento Social,10,Fundo Municipal de Desenvolvimento Social,15,Urbanismo,452,Serviços Urbanos,3022,Requalificação e Promoção da Ocupação dos Espaços Públicos,1137,Pavimentação e Recapeamento de Vias,8,Tesouro Municipal - Recursos Vinculados,48.613.270,15.427.089,24.080.252,21.734.661
7,Fundo Municipal de Desenvolvimento Social,10,Fundo Municipal de Desenvolvimento Social,15,Urbanismo,452,Serviços Urbanos,3022,Requalificação e Promoção da Ocupação dos Espaços Públicos,5088,Construção e Implantação de Equipamentos Públicos,8,Tesouro Municipal - Recursos Vinculados,1.000,1.000,1.000,1.000
7,Fundo Municipal de Desenvolvimento Social,10,Fundo Municipal de Desenvolvimento Social,15,Urbanismo,543,Recuperação de Áreas Degradadas,3022,Requalificação e Promoção da Ocupação dos Espaços Públicos,1193,Obras e Serviços nas Áreas de Riscos Geológicos,8,Tesouro Municipal - Recursos Vinculados,1.000,1.000,1.000,1.000
7,Fundo Municipal de Desenvolvimento Social,10,Fundo Municipal de Desenvolvimento Social,16,Habitação,451,Infra-Estrutura Urbana,3002,Acesso à Moradia Adequada,3340,Programa Pode Entrar,8,Tesouro Municipal - Recursos Vinculados,16.710.810,5.303.062,8.277.586,7.471.290
7,Fundo Municipal de Desenvolvimento Social,10,Fundo Municipal de Desenvolvimento Social,16,Habitação,451,Infra-Estrutura Urbana,3002,Acesso à Moradia Adequada,3354,Construção de Unidades Habitacionais,8,Tesouro Municipal - Recursos Vinculados,8.355.405,2.651.531,4.138.793,3.735.645
7,Fundo Municipal de Desenvolvimento Social,10,Fundo Municipal de Desenvolvimento Social,16,Habitação,451,Infra-Estrutura Urbana,3002,Acesso à Moradia Adequada,3356,Regularização Fundiária,8,Tesouro Municipal - Recursos Vinculados,41.777.030,13.257.655,20.693.967,18.678.225
7,Fundo Municipal de Desenvolvimento Social,10,Fundo Municipal de Desenvolvimento Social,16,Habitação,451,Infra-Estrutura Urbana,3002,Acesso à Moradia Adequada,3357,Urbanização de Favelas,8,Tesouro Municipal - Recursos Vinculados,16.710.812,5.303.063,8.277.587,7.471.291
7,Fundo Municipal de Desenvolvimento Social,10,Fundo Municipal de Desenvolvimento Social,17,Saneamento,451,Infra-Estrutura Urbana,3022,Requalificação e Promoção da Ocupação dos Espaços Públicos,5084,Obras de Combate a Enchentes e Alagamentos,8,Tesouro Municipal - Recursos Vinculados,1.000,1.000,1.000,1.000
7,Fundo Municipal de Desenvolvimento Social,10,Fundo Municipal de Desenvolvimento Social,26,Transporte,453,Transportes Coletivos Urbanos,3009,Melhoria da Mobilidade Urbana Universal,1099,Construção de Corredores de Ônibus,8,Tesouro Municipal - Recursos Vinculados,26.140.058,26.510.869,41.380.999,37.350.189
7,Fundo Municipal de Desenvolvimento Social,10,Fundo Municipal de Desenvolvimento Social,26,Transporte,453,Transportes Coletivos Urbanos,3009,Melhoria da Mobilidade Urbana Universal,1099,Construção de Corredores de Ônibus,10,Alienação de Bens/Ativos,57.400.000,0,0,0
7,Fundo Municipal de Desenvolvimento Social,10,Fundo Municipal de Desenvolvimento Social,26,Transporte,453,Transportes Coletivos Urbanos,3009,Melhoria da Mobilidade Urbana Universal,5393,"Ampliação, Reforma e Requalificação de Corredores de Ônibus e Faixa Exclusiva de Ônibus em Pavimento Rígido",8,Tesouro Municipal - Recursos Vinculados,1.000,1.000,1.000,1.000
7,Fundo Municipal de Desenvolvimento Social,10,Fundo Municipal de Desenvolvimento Social,26,Transporte,453,Transportes Coletivos Urbanos,3009,Melhoria da Mobilidade Urbana Universal,5394,"Ampliação, Reforma e Requalificação nas Áreas de Parada e Plataforma de Embarque de Faixa Exclusiva de Ônibus",8,Tesouro Municipal - Recursos Vinculados,1.000,1.000,1.000,1.000
7,Fundo Municipal de Desenvolvimento Social,10,Fundo Municipal de Desenvolvimento Social,26,Transporte,785,Transportes Especiais,3009,Melhoria da Mobilidade Urbana Universal,1097,"Construção de Ciclovias, Ciclofaixas e Ciclorrotas",8,Tesouro Municipal - Recursos Vinculados,1.000,1.000,1.000,1.000
7,Fundo Municipal de Desenvolvimento Social,10,Fundo Municipal de Desenvolvimento Social,26,Transporte,785,Transportes Especiais,3009,Melhoria da Mobilidade Urbana Universal,1098,"Ampliação, Reforma e Requalificação de Ciclovias, Ciclofaixas e Ciclorrotas",8,Tesouro Municipal - Recursos Vinculados,1.000,1.000,1.000,1.000
8,Fundo Municipal do Idoso,10,Fundo Municipal do Idoso,8,Assistência Social,241,Assistência ao Idoso,3007,Promoção dos Direitos da População Idosa,2813,Ações Permanentes de Promoção dos Direitos da População Idosa,8,Tesouro Municipal - Recursos Vinculados,17.303.051,7.558.242,18.450.524,8.800.124
9,Câmara Municipal de São Paulo,10,Câmara Municipal de São Paulo,1,Legislativa,31,Ação Legislativa,3011,"Modernização Tecnológica, Desburocratização e Inovação do Serviço Público",2818,"Aquisição de Materiais, Equipamentos e Serviços de Informação e Comunicação",0,Tesouro Municipal,49.010.788,2.134.881,2.219.386,2.924.634
9,Câmara Municipal de São Paulo,10,Câmara Municipal de São Paulo,1,Legislativa,31,Ação Legislativa,3014,Processo Legislativo e Controle Externo,1000,Construção de Edificações da Câmara Municipal de São Paulo,0,Tesouro Municipal,29.322.123,8.644.247,0,0
9,Câmara Municipal de São Paulo,10,Câmara Municipal de São Paulo,1,Legislativa,31,Ação Legislativa,3014,Processo Legislativo e Controle Externo,1001,"Ampliação, Reforma e Requalificação de Edificação da Câmara Municipal de São Paulo",0,Tesouro Municipal,49.548.983,15.209.837,5.961.847,0
9,Câmara Municipal de São Paulo,10,Câmara Municipal de São Paulo,1,Legislativa,31,Ação Legislativa,3014,Processo Legislativo e Controle Externo,2001,Manutenção e Operação de Edificação da Câmara Municipal de São Paulo,0,Tesouro Municipal,26.668.218,10.117.547,10.840.766,11.319.590
9,Câmara Municipal de São Paulo,10,Câmara Municipal de São Paulo,1,Legislativa,31,Ação Legislativa,3014,Processo Legislativo e Controle Externo,8015,"Implementação e Funcionamento do Conselho de Representantes Conforme Lei nº 13.881/2004, RE 626.946 - STF com Repercussão Geral Tema 1040",0,Tesouro Municipal,30.000,300.000,300.000,300.000
9,Câmara Municipal de São Paulo,10,Câmara Municipal de São Paulo,1,Legislativa,31,Ação Legislativa,3024,Suporte Administrativo,2100,Administração da Unidade,0,Tesouro Municipal,684.954.362,707.958.310,733.053.213,758.427.019
9,Câmara Municipal de São Paulo,10,Câmara Municipal de São Paulo,1,Legislativa,122,Administração Geral,3012,"Participação, Transparência e Controle Social da Administração Pública",2421,Publicidade Institucional,0,Tesouro Municipal,27.173.950,27.173.950,28.057.103,28.968.959
9,Câmara Municipal de São Paulo,10,Câmara Municipal de São Paulo,1,Legislativa,122,Administração Geral,3014,Processo Legislativo e Controle Externo,2003,Câmara Municipal - Comunicação,0,Tesouro Municipal,9.500.000,9.880.000,10.275.200,10.686.208
9,Câmara Municipal de São Paulo,10,Câmara Municipal de São Paulo,1,Legislativa,126,Tecnologia da Informação,3024,Suporte Administrativo,2171,Manutenção e Operação de Sistemas de Informação e Comunicação,0,Tesouro Municipal,8.279.615,8.575.855,9.009.356,9.611.119
10,Tribunal de Contas do Município de São Paulo,10,Tribunal de Contas do Município de São Paulo,1,Legislativa,32,Controle Externo,3011,"Modernização Tecnológica, Desburocratização e Inovação do Serviço Público",2818,"Aquisição de Materiais, Equipamentos e Serviços de Informação e Comunicação",0,Tesouro Municipal,9.522.000,9.884.788,10.206.044,10.512.225
10,Tribunal de Contas do Município de São Paulo,10,Tribunal de Contas do Município de São Paulo,1,Legislativa,32,Controle Externo,3014,Processo Legislativo e Controle Externo,1003,"Ampliação, Reforma e Requalificação de Edificação do Tribunal de Contas do Município",0,Tesouro Municipal,608.000,631.165,651.678,671.228
10,Tribunal de Contas do Município de São Paulo,10,Tribunal de Contas do Município de São Paulo,1,Legislativa,32,Controle Externo,3024,Suporte Administrativo,2100,Administração da Unidade,0,Tesouro Municipal,363.712.500,377.569.946,389.840.969,401.536.198
10,Tribunal de Contas do Município de São Paulo,10,Tribunal de Contas do Município de São Paulo,1,Legislativa,126,Tecnologia da Informação,3011,"Modernização Tecnológica, Desburocratização e Inovação do Serviço Público",1220,Desenvolvimento de Sistemas de Informação e Comunicação,0,Tesouro Municipal,1.100.000,1.141.910,1.179.022,1.214.393
10,Tribunal de Contas do Município de São Paulo,10,Tribunal de Contas do Município de São Paulo,1,Legislativa,126,Tecnologia da Informação,3024,Suporte Administrativo,2171,Manutenção e Operação de Sistemas de Informação e Comunicação,0,Tesouro Municipal,4.050.000,4.204.305,4.340.945,4.471.173
10,Tribunal de Contas do Município de São Paulo,10,Tribunal de Contas do Município de São Paulo,1,Legislativa,131,Comunicação Social,3012,"Participação, Transparência e Controle Social da Administração Pública",2153,Publicação de Editais e Outras Publicações Legais e de Interesse do Município,0,Tesouro Municipal,7.500,7.786,8.039,8.280
11,Secretaria do Governo Municipal,10,Gabinete do Prefeito,4,Administração,122,Administração Geral,3012,"Participação, Transparência e Controle Social da Administração Pública",2131,Suporte e Manutenção da Coordenação de Imprensa,0,Tesouro Municipal,9.340.025,9.879.844,10.331.908,10.982.668
11,Secretaria do Governo Municipal,10,Gabinete do Prefeito,4,Administração,122,Administração Geral,3015,Promoção da Cidade como Referência Global e Destino Turístico,2118,Promoção de Campanhas e Eventos de Interesse do Município,0,Tesouro Municipal,1.700.000,1.798.254,1.880.535,1.998.981
11,Secretaria do Governo Municipal,10,Gabinete do Prefeito,4,Administração,122,Administração Geral,3024,Suporte Administrativo,2100,Administração da Unidade,0,Tesouro Municipal,658.089,696.124,727.976,773.828
11,Secretaria do Governo Municipal,10,Gabinete do Prefeito,4,Administração,122,Administração Geral,3024,Suporte Administrativo,2429,Contraprestação de Parceria Público-Privada (PPP),0,Tesouro Municipal,1.000,1.000,1.000,1.000
11,Secretaria do Governo Municipal,10,Gabinete do Prefeito,4,Administração,122,Administração Geral,3024,Suporte Administrativo,4851,Contraprestação de Parceria Público-Privada (PPP) - Geradores Urbanos,0,Tesouro Municipal,1.000,1.000,1.000,1.000
11,Secretaria do Governo Municipal,10,Gabinete do Prefeito,4,Administração,126,Tecnologia da Informação,3024,Suporte Administrativo,2171,Manutenção e Operação de Sistemas de Informação e Comunicação,0,Tesouro Municipal,80.195,84.830,88.711,94.299
11,Secretaria do Governo Municipal,10,Gabinete do Prefeito,24,Comunicações,126,Tecnologia da Informação,3012,"Participação, Transparência e Controle Social da Administração Pública",2401,Operação e Manutenção do Portal da PMSP,0,Tesouro Municipal,1.278.000,1.351.864,1.413.720,1.502.764
11,Secretaria do Governo Municipal,10,Gabinete do Prefeito,24,Comunicações,131,Comunicação Social,3012,"Participação, Transparência e Controle Social da Administração Pública",2153,Publicação de Editais e Outras Publicações Legais e de Interesse do Município,0,Tesouro Municipal,732.750,775.100,810.566,861.620
11,Secretaria do Governo Municipal,10,Gabinete do Prefeito,24,Comunicações,131,Comunicação Social,3012,"Participação, Transparência e Controle Social da Administração Pública",2402,"Pesquisa de Satisfação do Cidadão em Relação aos Serviços, Políticas e Programas",0,Tesouro Municipal,1.395.000,1.475.626,1.543.145,1.640.341
11,Secretaria do Governo Municipal,10,Gabinete do Prefeito,24,Comunicações,131,Comunicação Social,3012,"Participação, Transparência e Controle Social da Administração Pública",2421,Publicidade Institucional,0,Tesouro Municipal,82.179.660,86.929.340,90.906.892,96.632.706
11,Secretaria do Governo Municipal,10,Gabinete do Prefeito,24,Comunicações,131,Comunicação Social,3012,"Participação, Transparência e Controle Social da Administração Pública",2430,Publicidade de Utilidade Pública,0,Tesouro Municipal,1.000,1.000,1.000,1.000
11,Secretaria do Governo Municipal,13,Secretaria Executiva de Gestão,4,Administração,122,Administração Geral,3011,"Modernização Tecnológica, Desburocratização e Inovação do Serviço Público",2000,Comissão Interna de Prevenção de Acidentes - CIPA,0,Tesouro Municipal,1.000,1.000,1.000,1.000
11,Secretaria do Governo Municipal,13,Secretaria Executiva de Gestão,4,Administração,122,Administração Geral,3024,Suporte Administrativo,2405,Sistema de Remuneração Variável,0,Tesouro Municipal,207.243.995,219.221.930,229.252.681,243.692.271
11,Secretaria do Governo Municipal,13,Secretaria Executiva de Gestão,4,Administração,122,Administração Geral,3024,Suporte Administrativo,2556,Valorização de Carreira dos Servidores Admitidos - Vencimentos e Vantagens Fixas,0,Tesouro Municipal,1.000,1.000,1.000,1.000
11,Secretaria do Governo Municipal,13,Secretaria Executiva de Gestão,4,Administração,122,Administração Geral,3024,Suporte Administrativo,8001,Valorização Salarial ds Analistas Admitidos - Lei nº 16.119/15,0,Tesouro Municipal,4.000.000,0,0,0
11,Secretaria do Governo Municipal,13,Secretaria Executiva de Gestão,4,Administração,128,Formação de Recursos Humanos,3011,"Modernização Tecnológica, Desburocratização e Inovação do Serviço Público",2180,"Capacitação, Formação e Aperfeiçoamento de Servidores",0,Tesouro Municipal,170.000,179.825,188.053,199.898
11,Secretaria do Governo Municipal,13,Secretaria Executiva de Gestão,4,Administração,128,Formação de Recursos Humanos,3011,"Modernização Tecnológica, Desburocratização e Inovação do Serviço Público",2551,Curso de Formação para Seleção de Servidores,0,Tesouro Municipal,2.000,2.000,2.000,2.000
11,Secretaria do Governo Municipal,13,Secretaria Executiva de Gestão,4,Administração,131,Comunicação Social,3024,Suporte Administrativo,6816,Edição e Publicação do Diário Oficial da Cidade de São Paulo,0,Tesouro Municipal,3.610.461,3.819.132,3.993.881,4.245.438
11,Secretaria do Governo Municipal,13,Secretaria Executiva de Gestão,4,Administração,303,Suporte Profilático e Terapêutico,3004,Benefícios e Previdência de Funcionários,2753,Promoção à Saúde do Servidor Municipal,0,Tesouro Municipal,5.353.904,5.663.340,5.922.473,6.295.503
11,Secretaria do Governo Municipal,13,Secretaria Executiva de Gestão,11,Trabalho,333,Empregabilidade,3019,Promoção do Crescimento Econômico e Geração de Postos de Trabalho e Oportunidades,2555,Vivência Prática de Gestão de Documentos,0,Tesouro Municipal,742.000,784.885,820.798,872.496
11,Secretaria do Governo Municipal,20,Gabinete do Secretário,4,Administração,122,Administração Geral,3011,"Modernização Tecnológica, Desburocratização e Inovação do Serviço Público",3002,"Ampliação, Reforma e Requalificação de Prédios Administrativos",0,Tesouro Municipal,1.000,1.000,1.000,1.000
11,Secretaria do Governo Municipal,20,Gabinete do Secretário,4,Administração,122,Administração Geral,3012,"Participação, Transparência e Controle Social da Administração Pública",2404,Ações do Programa Agentes de Governo Aberto,0,Tesouro Municipal,229.000,242.235,253.319,269.274
11,Secretaria do Governo Municipal,20,Gabinete do Secretário,4,Administração,122,Administração Geral,3012,"Participação, Transparência e Controle Social da Administração Pública",2803,Manutenção e Operação dos Conselhos e Espaços Participativos Municipais,0,Tesouro Municipal,500.000,528.898,553.098,587.935
11,Secretaria do Governo Municipal,20,Gabinete do Secretário,4,Administração,122,Administração Geral,3024,Suporte Administrativo,2100,Administração da Unidade,0,Tesouro Municipal,150.088.928,151.818.068,158.059.128,167.043.336
11,Secretaria do Governo Municipal,20,Gabinete do Secretário,4,Administração,122,Administração Geral,3024,Suporte Administrativo,2103,Administração do Edifício Matarazzo,0,Tesouro Municipal,8.323.329,8.804.387,9.207.242,9.787.165
11,Secretaria do Governo Municipal,20,Gabinete do Secretário,4,Administração,122,Administração Geral,3024,Suporte Administrativo,6690,Ações de Monitoramento de Mudanças Climáticas,0,Tesouro Municipal,9.100.000,9.520.167,9.955.773,10.582.842
11,Secretaria do Governo Municipal,20,Gabinete do Secretário,4,Administração,126,Tecnologia da Informação,3011,"Modernização Tecnológica, Desburocratização e Inovação do Serviço Público",1220,Desenvolvimento de Sistemas de Informação e Comunicação,0,Tesouro Municipal,1.000,1.000,1.000,1.000
11,Secretaria do Governo Municipal,20,Gabinete do Secretário,4,Administração,126,Tecnologia da Informação,3011,"Modernização Tecnológica, Desburocratização e Inovação do Serviço Público",2818,"Aquisição de Materiais, Equipamentos e Serviços de Informação e Comunicação",0,Tesouro Municipal,3.300.000,3.490.728,3.650.450,3.880.375
11,Secretaria do Governo Municipal,20,Gabinete do Secretário,4,Administração,126,Tecnologia da Informação,3024,Suporte Administrativo,2171,Manutenção e Operação de Sistemas de Informação e Comunicação,0,Tesouro Municipal,43.861.429,46.396.457,48.519.380,51.575.396
11,Secretaria do Governo Municipal,20,Gabinete do Secretário,4,Administração,130,Administração de Concessões,3021,"Qualidade, Eficiência e Sustentabilidade do Orçamento Público",2419,Ações de Desestatização,0,Tesouro Municipal,15.724.380,16.636.000,17.397.748,18.729.482
11,Secretaria do Governo Municipal,20,Gabinete do Secretário,4,Administração,131,Comunicação Social,3025,Proteção e Desenvolvimento Integral na Primeira Infância,2389,Comunicação e Orientação na Valorização e Cuidado na Primeira Infância,0,Tesouro Municipal,200.000,211.559,221.239,0
11,Secretaria do Governo Municipal,20,Gabinete do Secretário,7,Relações Exteriores,212,Cooperação Internacional,3015,Promoção da Cidade como Referência Global e Destino Turístico,4910,"Fomento à Cooperação, Parcerias e Captação de Investimentos Internacionais",0,Tesouro Municipal,200.000,211.559,221.239,235.174
11,Secretaria do Governo Municipal,20,Gabinete do Secretário,8,Assistência Social,244,Assistência Comunitária,3023,Proteção à População em Situação de Vulnerabilidade Social,4884,Programa Reencontro,0,Tesouro Municipal,10.000.000,10.000.000,10.000.000,10.000.000
11,Secretaria do Governo Municipal,20,Gabinete do Secretário,23,Comércio e Serviços,695,Turismo,3015,Promoção da Cidade como Referência Global e Destino Turístico,1032,Construção da Fábrica do Samba,0,Tesouro Municipal,1.000,1.000,1.000,1.000
11,Secretaria do Governo Municipal,20,Gabinete do Secretário,24,Comunicações,131,Comunicação Social,3012,"Participação, Transparência e Controle Social da Administração Pública",2394,Campanhas de Prevenção e Conscientização Sobre Uso Abusivo de Alcool e Outras Drogas,0,Tesouro Municipal,1.000,1.000,1.000,1.000
11,Secretaria do Governo Municipal,60,Casa Civil,4,Administração,122,Administração Geral,3015,Promoção da Cidade como Referência Global e Destino Turístico,2118,Promoção de Campanhas e Eventos de Interesse do Município,0,Tesouro Municipal,1.000,1.000,1.000,1.000
11,Secretaria do Governo Municipal,60,Casa Civil,4,Administração,122,Administração Geral,3024,Suporte Administrativo,2239,Ações Voltadas para Políticas Públicas,0,Tesouro Municipal,219.976.000,1.000,1.000,1.000
11,Secretaria do Governo Municipal,60,Casa Civil,4,Administração,122,Administração Geral,3024,Suporte Administrativo,8005,E2328 - Ações Voltadas a Políticas Públicas,0,Tesouro Municipal,5.000.000,0,0,0
11,Secretaria do Governo Municipal,60,Casa Civil,4,Administração,122,Administração Geral,3024,Suporte Administrativo,8006,E6532 - Ações Voltadas para Implantação de Políticas Públicas,0,Tesouro Municipal,5.000.000,0,0,0
11,Secretaria do Governo Municipal,60,Casa Civil,4,Administração,122,Administração Geral,3024,Suporte Administrativo,8007,E2167 - Realização de Ações Voltadas para Políticas Públicas na Cidade de São Paulo,0,Tesouro Municipal,5.000.000,0,0,0
11,Secretaria do Governo Municipal,60,Casa Civil,4,Administração,122,Administração Geral,3024,Suporte Administrativo,8008,"E1419 - Intervenções Urbanas e Revitalização de Espaços no âmbito das Subprefeituras (CS, C. Ademar, S. Amaro, Parelheiros, entre outras) e Eventos.",0,Tesouro Municipal,5.000.000,0,0,0
11,Secretaria do Governo Municipal,60,Casa Civil,4,Administração,122,Administração Geral,3024,Suporte Administrativo,8009,E130 - Ações Voltadas para Políticas Públicas,0,Tesouro Municipal,5.000.000,0,0,0
11,Secretaria do Governo Municipal,60,Casa Civil,4,Administração,122,Administração Geral,3024,Suporte Administrativo,8010,E633 - Fornecimento de Infraestrutura para a Realização de Eventos,0,Tesouro Municipal,110.000,0,0,0
11,Secretaria do Governo Municipal,60,Casa Civil,4,Administração,122,Administração Geral,3024,Suporte Administrativo,8011,E92 - Ações Voltadas para Políticas Públicas,0,Tesouro Municipal,5.000.000,0,0,0
11,Secretaria do Governo Municipal,60,Casa Civil,4,Administração,122,Administração Geral,3024,Suporte Administrativo,8012,E2416 - Ações Voltadas para Políticas Públicas,0,Tesouro Municipal,5.000.000,0,0,0
11,Secretaria do Governo Municipal,60,Casa Civil,4,Administração,122,Administração Geral,3024,Suporte Administrativo,8013,E1806 - Ações Voltadas para Políticas Públicas,0,Tesouro Municipal,5.000.000,0,0,0
12,Secretaria Municipal das Subprefeituras,10,Gabinete do Secretário,4,Administração,122,Administração Geral,3011,"Modernização Tecnológica, Desburocratização e Inovação do Serviço Público",2403,Manutenção e Operação do Descomplica SP,0,Tesouro Municipal,1.000,1.000,1.000,1.000
12,Secretaria Municipal das Subprefeituras,10,Gabinete do Secretário,4,Administração,122,Administração Geral,3011,"Modernização Tecnológica, Desburocratização e Inovação do Serviço Público",3002,"Ampliação, Reforma e Requalificação de Prédios Administrativos",0,Tesouro Municipal,1.000,1.000,1.000,1.000
12,Secretaria Municipal das Subprefeituras,10,Gabinete do Secretário,4,Administração,122,Administração Geral,3011,"Modernização Tecnológica, Desburocratização e Inovação do Serviço Público",3002,"Ampliação, Reforma e Requalificação de Prédios Administrativos",2,Transferências Federais,256.321,256.321,256.321,256.321
12,Secretaria Municipal das Subprefeituras,10,Gabinete do Secretário,4,Administração,122,Administração Geral,3024,Suporte Administrativo,2999,Manutenção de Prédios Administrativos,0,Tesouro Municipal,100.000,74.875,80.979,87.978
12,Secretaria Municipal das Subprefeituras,10,Gabinete do Secretário,4,Administração,126,Tecnologia da Informação,3011,"Modernização Tecnológica, Desburocratização e Inovação do Serviço Público",2358,Manutenção e Operação de Praças de Atendimento ao Cidadão,0,Tesouro Municipal,1.000,1.000,1.000,1.000
12,Secretaria Municipal das Subprefeituras,10,Gabinete do Secretário,4,Administração,126,Tecnologia da Informação,3011,"Modernização Tecnológica, Desburocratização e Inovação do Serviço Público",2818,"Aquisição de Materiais, Equipamentos e Serviços de Informação e Comunicação",0,Tesouro Municipal,6.348.794,4.753.702,5.133.808,5.577.494
12,Secretaria Municipal das Subprefeituras,10,Gabinete do Secretário,8,Assistência Social,605,Abastecimento,3016,Nutrição e Promoção da Segurança Alimentar,1131,Projetos de Abastecimento e Segurança Alimentar e Nutricional,0,Tesouro Municipal,1.000,1.000,1.000,1.000
12,Secretaria Municipal das Subprefeituras,10,Gabinete do Secretário,8,Assistência Social,605,Abastecimento,3016,Nutrição e Promoção da Segurança Alimentar,2015,Manutenção e Operação da Patrulha Agroecológica Mecanizada,0,Tesouro Municipal,671.950,503.080,544.045,591.017
12,Secretaria Municipal das Subprefeituras,10,Gabinete do Secretário,8,Assistência Social,605,Abastecimento,3016,Nutrição e Promoção da Segurança Alimentar,4301,Ações Municipais de Abastecimento,0,Tesouro Municipal,2.123.204,1.589.730,1.719.275,1.867.813
12,Secretaria Municipal das Subprefeituras,10,Gabinete do Secretário,8,Assistência Social,605,Abastecimento,3016,Nutrição e Promoção da Segurança Alimentar,7001,"Ampliação, Reforma e Requalificação de Unidade de Abastecimento",0,Tesouro Municipal,1.000,1.000,1.000,1.000
12,Secretaria Municipal das Subprefeituras,10,Gabinete do Secretário,8,Assistência Social,605,Abastecimento,3022,Requalificação e Promoção da Ocupação dos Espaços Públicos,1014,"Ampliação, Reforma e Requalificação de Mercado Municipal",0,Tesouro Municipal,1.000,1.000,1.000,1.000
12,Secretaria Municipal das Subprefeituras,10,Gabinete do Secretário,8,Assistência Social,605,Abastecimento,3022,Requalificação e Promoção da Ocupação dos Espaços Públicos,2014,Manutenção e Operação de Mercado Municipal,0,Tesouro Municipal,1.000,1.000,1.000,1.000
12,Secretaria Municipal das Subprefeituras,10,Gabinete do Secretário,8,Assistência Social,605,Abastecimento,3022,Requalificação e Promoção da Ocupação dos Espaços Públicos,9014,Construção do Mercado Municipal de São Mateus,0,Tesouro Municipal,1.000,0,0,0
12,Secretaria Municipal das Subprefeituras,10,Gabinete do Secretário,13,Cultura,392,Difusão Cultural,3001,Acesso à Cultura,6410,Carnaval de Rua de São Paulo,0,Tesouro Municipal,1.000,1.000,1.000,1.000
12,Secretaria Municipal das Subprefeituras,10,Gabinete do Secretário,15,Urbanismo,122,Administração Geral,3005,Promoção da Sustentabilidade Ambiental,6009,"Coleta, Transporte, Tratamento e Dest. Final Resíduos Sólidos Inertes",0,Tesouro Municipal,90.406.134,63.560.761,64.546.664,65.845.134
12,Secretaria Municipal das Subprefeituras,10,Gabinete do Secretário,15,Urbanismo,122,Administração Geral,3019,Promoção do Crescimento Econômico e Geração de Postos de Trabalho e Oportunidades,2337,Fomento Comércio e Desenvolvimento Econômico e Social de Áreas Públicas,0,Tesouro Municipal,1.000,1.000,1.000,1.000
12,Secretaria Municipal das Subprefeituras,10,Gabinete do Secretário,15,Urbanismo,122,Administração Geral,3024,Suporte Administrativo,2100,Administração da Unidade,0,Tesouro Municipal,85.592.859,56.491.651,60.943.530,63.779.575
12,Secretaria Municipal das Subprefeituras,10,Gabinete do Secretário,15,Urbanismo,122,Administração Geral,3024,Suporte Administrativo,2100,Administração da Unidade,2,Transferências Federais,32.004,136.986,136.986,136.986
12,Secretaria Municipal das Subprefeituras,10,Gabinete do Secretário,15,Urbanismo,126,Tecnologia da Informação,3011,"Modernização Tecnológica, Desburocratização e Inovação do Serviço Público",1220,Desenvolvimento de Sistemas de Informação e Comunicação,0,Tesouro Municipal,1.000,1.000,1.000,1.000
12,Secretaria Municipal das Subprefeituras,10,Gabinete do Secretário,15,Urbanismo,126,Tecnologia da Informação,3024,Suporte Administrativo,2171,Manutenção e Operação de Sistemas de Informação e Comunicação,0,Tesouro Municipal,63.870.694,46.381.424,50.162.410,54.497.663
12,Secretaria Municipal das Subprefeituras,10,Gabinete do Secretário,15,Urbanismo,126,Tecnologia da Informação,3024,Suporte Administrativo,2384,Manutenção e Operação de Fluxo e Sistema de Gestão De Zeladoria,0,Tesouro Municipal,1.000,1.000,1.000,1.000
12,Secretaria Municipal das Subprefeituras,10,Gabinete do Secretário,15,Urbanismo,451,Infra-Estrutura Urbana,3022,Requalificação e Promoção da Ocupação dos Espaços Públicos,1170,"Intervenção, Urbanização e Melhoria de Bairros - Plano de Obras das Subprefeituras",0,Tesouro Municipal,1.000,1.000,1.000,1.000
12,Secretaria Municipal das Subprefeituras,10,Gabinete do Secretário,15,Urbanismo,451,Infra-Estrutura Urbana,3022,Requalificação e Promoção da Ocupação dos Espaços Públicos,1170,"Intervenção, Urbanização e Melhoria de Bairros - Plano de Obras das Subprefeituras",2,Transferências Federais,8.727.996,8.842.605,8.842.605,8.842.605
12,Secretaria Municipal das Subprefeituras,10,Gabinete do Secretário,15,Urbanismo,452,Serviços Urbanos,3005,Promoção da Sustentabilidade Ambiental,2386,"Manutenção e Operação de Praças, Canteiros Centrais e Remanescentes",0,Tesouro Municipal,26.000.000,19.467.677,24.519.134,26.638.179
12,Secretaria Municipal das Subprefeituras,10,Gabinete do Secretário,15,Urbanismo,452,Serviços Urbanos,3005,Promoção da Sustentabilidade Ambiental,2705,Manutenção e Operação de Áreas Verdes e Vegetação Arbórea,0,Tesouro Municipal,40.000.000,29.950.273,32.755.436,35.586.303
12,Secretaria Municipal das Subprefeituras,10,Gabinete do Secretário,15,Urbanismo,452,Serviços Urbanos,3005,Promoção da Sustentabilidade Ambiental,6007,Serviços de Limpeza Urbana - Varrição e Lavagem de Áreas Públicas,0,Tesouro Municipal,948.007.945,0,0,0
12,Secretaria Municipal das Subprefeituras,10,Gabinete do Secretário,15,Urbanismo,452,Serviços Urbanos,3006,Promoção dos Direitos da Pessoa com Deficiência,1169,Reforma e Acessibilidade em Passeios Públicos,0,Tesouro Municipal,1.000,1.000,1.000,1.000
12,Secretaria Municipal das Subprefeituras,10,Gabinete do Secretário,15,Urbanismo,452,Serviços Urbanos,3006,Promoção dos Direitos da Pessoa com Deficiência,1169,Reforma e Acessibilidade em Passeios Públicos,2,Transferências Federais,915.009,915.009,915.009,915.009
12,Secretaria Municipal das Subprefeituras,10,Gabinete do Secretário,15,Urbanismo,452,Serviços Urbanos,3022,Requalificação e Promoção da Ocupação dos Espaços Públicos,1137,Pavimentação e Recapeamento de Vias,0,Tesouro Municipal,3.000,1.406,1.427,1.456
12,Secretaria Municipal das Subprefeituras,10,Gabinete do Secretário,15,Urbanismo,452,Serviços Urbanos,3022,Requalificação e Promoção da Ocupação dos Espaços Públicos,1137,Pavimentação e Recapeamento de Vias,1,Operações de Crédito,549.800.000,550.000.000,550.000.000,550.000.000
12,Secretaria Municipal das Subprefeituras,10,Gabinete do Secretário,15,Urbanismo,452,Serviços Urbanos,3022,Requalificação e Promoção da Ocupação dos Espaços Públicos,1137,Pavimentação e Recapeamento de Vias,2,Transferências Federais,5.193.800,2.568.772,2.568.772,2.568.772
12,Secretaria Municipal das Subprefeituras,10,Gabinete do Secretário,15,Urbanismo,452,Serviços Urbanos,3022,Requalificação e Promoção da Ocupação dos Espaços Públicos,1170,"Intervenção, Urbanização e Melhoria de Bairros - Plano de Obras das Subprefeituras",0,Tesouro Municipal,15.750.000,0,0,0
12,Secretaria Municipal das Subprefeituras,10,Gabinete do Secretário,15,Urbanismo,452,Serviços Urbanos,3022,Requalificação e Promoção da Ocupação dos Espaços Públicos,2339,Manutenção e Operação no Serviço de Guias e Sarjetas (Vias e Logradouros),0,Tesouro Municipal,21.741.789,16.279.313,17.911.025,19.458.973
12,Secretaria Municipal das Subprefeituras,10,Gabinete do Secretário,15,Urbanismo,452,Serviços Urbanos,3022,Requalificação e Promoção da Ocupação dos Espaços Públicos,2340,Operação Tapa Buraco,0,Tesouro Municipal,3.000,206.252.029,206.225.318,224.846.813
12,Secretaria Municipal das Subprefeituras,10,Gabinete do Secretário,15,Urbanismo,452,Serviços Urbanos,3022,Requalificação e Promoção da Ocupação dos Espaços Públicos,2341,Manutenção de Vias e Áreas Públicas,0,Tesouro Municipal,61.658.808,44.919.041,48.580.561,52.780.218
12,Secretaria Municipal das Subprefeituras,10,Gabinete do Secretário,15,Urbanismo,452,Serviços Urbanos,3022,Requalificação e Promoção da Ocupação dos Espaços Públicos,2382,Eficiência Energética - Serviços e Intervenções de Redução de Consumo e Geração de Energia Elétrica,0,Tesouro Municipal,1.000,1.000,1.000,1.000
12,Secretaria Municipal das Subprefeituras,10,Gabinete do Secretário,15,Urbanismo,452,Serviços Urbanos,3022,Requalificação e Promoção da Ocupação dos Espaços Públicos,2383,Manutenção e Operação no Serviço de Guinchamento,0,Tesouro Municipal,5.461.669,4.089.462,4.422.832,4.805.073
12,Secretaria Municipal das Subprefeituras,10,Gabinete do Secretário,15,Urbanismo,452,Serviços Urbanos,3022,Requalificação e Promoção da Ocupação dos Espaços Públicos,2385,Manutenção e Operação do Serviço de Moto Verificação,0,Tesouro Municipal,3.278.207,2.454.580,2.654.676,2.884.104
12,Secretaria Municipal das Subprefeituras,10,Gabinete do Secretário,15,Urbanismo,452,Serviços Urbanos,3022,Requalificação e Promoção da Ocupação dos Espaços Públicos,2387,Ações de Fiscalização do Comércio Ilegal,0,Tesouro Municipal,29.308.976,21.945.296,23.734.264,25.785.482
12,Secretaria Municipal das Subprefeituras,10,Gabinete do Secretário,15,Urbanismo,452,Serviços Urbanos,3022,Requalificação e Promoção da Ocupação dos Espaços Públicos,9013,Pavimentação da Estrada Santa Adélia Avelino,0,Tesouro Municipal,8.000.000,0,0,0
12,Secretaria Municipal das Subprefeituras,10,Gabinete do Secretário,15,Urbanismo,452,Serviços Urbanos,3022,Requalificação e Promoção da Ocupação dos Espaços Públicos,9021,"Pavimentação e Recapeamento de Vias - Capela do Socorro, Cidade Ademar e Pedreira",0,Tesouro Municipal,2.000.000,0,0,0
12,Secretaria Municipal das Subprefeituras,10,Gabinete do Secretário,15,Urbanismo,452,Serviços Urbanos,3022,Requalificação e Promoção da Ocupação dos Espaços Públicos,9163,"Pavimentação da Rua Santo André Avelino, Parque São Rafael, Subprefeitura de São Mateus",0,Tesouro Municipal,500.000,0,0,0
12,Secretaria Municipal das Subprefeituras,10,Gabinete do Secretário,15,Urbanismo,452,Serviços Urbanos,3022,Requalificação e Promoção da Ocupação dos Espaços Públicos,9164,Pavimentação da Rua Camilo Angleria - Subprefeitura de Cidade Ademar,0,Tesouro Municipal,400.000,0,0,0
12,Secretaria Municipal das Subprefeituras,10,Gabinete do Secretário,15,Urbanismo,452,Serviços Urbanos,3022,Requalificação e Promoção da Ocupação dos Espaços Públicos,9165,Pavimentação da Viela Boa Esperança - Subprefeitura de Cidade Ademar,0,Tesouro Municipal,300.000,0,0,0
12,Secretaria Municipal das Subprefeituras,10,Gabinete do Secretário,15,Urbanismo,452,Serviços Urbanos,3022,Requalificação e Promoção da Ocupação dos Espaços Públicos,9166,Recapeamento em toda extensão da Avenida Satélite - Subprefeitura de São Mateus,0,Tesouro Municipal,250.000,0,0,0
12,Secretaria Municipal das Subprefeituras,10,Gabinete do Secretário,15,Urbanismo,452,Serviços Urbanos,3022,Requalificação e Promoção da Ocupação dos Espaços Públicos,9167,"Recapeamento da Rua Capitão Claúdio Coutinho x Rua Rua Alcion, em toda sua extensão, Subprefeitura São Mateus",0,Tesouro Municipal,100.000,0,0,0
12,Secretaria Municipal das Subprefeituras,10,Gabinete do Secretário,15,Urbanismo,452,Serviços Urbanos,3022,Requalificação e Promoção da Ocupação dos Espaços Públicos,9168,Recapeamento da Rua dos Apiaris - Subprefeitura de Cidade Ademar,0,Tesouro Municipal,200.000,0,0,0
12,Secretaria Municipal das Subprefeituras,10,Gabinete do Secretário,15,Urbanismo,452,Serviços Urbanos,3022,Requalificação e Promoção da Ocupação dos Espaços Públicos,9169,Recapeamento da Rua dos Calangos - Subprefeitura de Cidade Ademar,0,Tesouro Municipal,200.000,0,0,0
12,Secretaria Municipal das Subprefeituras,10,Gabinete do Secretário,15,Urbanismo,452,Serviços Urbanos,3022,Requalificação e Promoção da Ocupação dos Espaços Públicos,9170,Recapeamento da Rua Alfonso Rendano - Subprefeitura de Cidade Ademar,0,Tesouro Municipal,100.000,0,0,0
12,Secretaria Municipal das Subprefeituras,10,Gabinete do Secretário,15,Urbanismo,452,Serviços Urbanos,3022,Requalificação e Promoção da Ocupação dos Espaços Públicos,9171,Recapeamento da Rua Interlagos - Subprefeitura de Cidade Ademar,0,Tesouro Municipal,250.000,0,0,0
12,Secretaria Municipal das Subprefeituras,10,Gabinete do Secretário,15,Urbanismo,452,Serviços Urbanos,3022,Requalificação e Promoção da Ocupação dos Espaços Públicos,9455,"E2338 - Capeamento Asfáltico na Rua Gen. Silvio Corrêa de Andrade - Vila Industrial - São Paulo - SP, CEP 03250-010",1,Operações de Crédito,100.000,0,0,0
12,Secretaria Municipal das Subprefeituras,10,Gabinete do Secretário,15,Urbanismo,452,Serviços Urbanos,3022,Requalificação e Promoção da Ocupação dos Espaços Públicos,9456,"E2339 - Capeamento Asfáltico na Rua Jurubeba do Campo - Sao Lucas - São Paulo - SP, CEP 03251-160",1,Operações de Crédito,100.000,0,0,0
12,Secretaria Municipal das Subprefeituras,10,Gabinete do Secretário,15,Urbanismo,541,Preservação e Conservação Ambiental,3005,Promoção da Sustentabilidade Ambiental,2324,Serviços de Desfazimento e Demolição de Construções Irregulares em Áreas de Proteção Ambiental,0,Tesouro Municipal,28.000.000,20.965.191,22.674.261,24.633.870
12,Secretaria Municipal das Subprefeituras,10,Gabinete do Secretário,15,Urbanismo,543,Recuperação de Áreas Degradadas,3022,Requalificação e Promoção da Ocupação dos Espaços Públicos,1193,Obras e Serviços nas Áreas de Riscos Geológicos,0,Tesouro Municipal,35.945.600,35.152.903,35.698.166,36.416.298
12,Secretaria Municipal das Subprefeituras,10,Gabinete do Secretário,15,Urbanismo,543,Recuperação de Áreas Degradadas,3022,Requalificação e Promoção da Ocupação dos Espaços Públicos,1193,Obras e Serviços nas Áreas de Riscos Geológicos,2,Transferências Federais,1.210.500,1.210.500,1.210.500,1.210.500
12,Secretaria Municipal das Subprefeituras,10,Gabinete do Secretário,15,Urbanismo,543,Recuperação de Áreas Degradadas,3022,Requalificação e Promoção da Ocupação dos Espaços Públicos,1193,Obras e Serviços nas Áreas de Riscos Geológicos,5,Outras Fontes,14.054.400,14.054.403,3.954.400,3.954.400
12,Secretaria Municipal das Subprefeituras,10,Gabinete do Secretário,17,Saneamento,451,Infra-Estrutura Urbana,3022,Requalificação e Promoção da Ocupação dos Espaços Públicos,5084,Obras de Combate a Enchentes e Alagamentos,2,Transferências Federais,1.000,1.000,1.000,1.000
12,Secretaria Municipal das Subprefeituras,10,Gabinete do Secretário,17,Saneamento,512,Saneamento Básico Urbano,3008,Gestão dos Riscos e Promoção da Resiliência a Desastres e Eventos Críticos,2367,Manutenção de Sistemas de Drenagem,0,Tesouro Municipal,31.401.613,23.512.183,28.134.388,30.565.885
12,Secretaria Municipal das Subprefeituras,10,Gabinete do Secretário,26,Transporte,785,Transportes Especiais,3009,Melhoria da Mobilidade Urbana Universal,2098,"Manutenção de Ciclovias, Ciclofaixas e Ciclorrotas",0,Tesouro Municipal,1.000,1.000,1.000,1.000
14,Secretaria Municipal de Habitação,10,Gabinete do Secretário,4,Administração,126,Tecnologia da Informação,3011,"Modernização Tecnológica, Desburocratização e Inovação do Serviço Público",2818,"Aquisição de Materiais, Equipamentos e Serviços de Informação e Comunicação",0,Tesouro Municipal,1.491.000,1.580.460,1.675.287,1.775.804
14,Secretaria Municipal de Habitação,10,Gabinete do Secretário,16,Habitação,122,Administração Geral,3024,Suporte Administrativo,2100,Administração da Unidade,0,Tesouro Municipal,44.441.185,55.342.771,62.829.535,73.642.964
14,Secretaria Municipal de Habitação,10,Gabinete do Secretário,16,Habitação,126,Tecnologia da Informação,3011,"Modernização Tecnológica, Desburocratização e Inovação do Serviço Público",1220,Desenvolvimento de Sistemas de Informação e Comunicação,0,Tesouro Municipal,1.000,1.000,1.000,1.000
14,Secretaria Municipal de Habitação,10,Gabinete do Secretário,16,Habitação,126,Tecnologia da Informação,3024,Suporte Administrativo,2171,Manutenção e Operação de Sistemas de Informação e Comunicação,0,Tesouro Municipal,6.000.000,6.000.000,6.000.000,6.000.000
14,Secretaria Municipal de Habitação,10,Gabinete do Secretário,16,Habitação,451,Infra-Estrutura Urbana,3002,Acesso à Moradia Adequada,3340,Programa Pode Entrar,1,Operações de Crédito,1.178.500.000,1.178.500.000,1.178.500.000,1.178.500.000
14,Secretaria Municipal de Habitação,10,Gabinete do Secretário,16,Habitação,451,Infra-Estrutura Urbana,3002,Acesso à Moradia Adequada,3354,Construção de Unidades Habitacionais,0,Tesouro Municipal,3.000,2.000,2.000,2.000
14,Secretaria Municipal de Habitação,10,Gabinete do Secretário,16,Habitação,451,Infra-Estrutura Urbana,3002,Acesso à Moradia Adequada,3354,Construção de Unidades Habitacionais,1,Operações de Crédito,23.500.000,23.500.000,23.500.000,23.500.000
14,Secretaria Municipal de Habitação,10,Gabinete do Secretário,16,Habitação,451,Infra-Estrutura Urbana,3002,Acesso à Moradia Adequada,3354,Construção de Unidades Habitacionais,2,Transferências Federais,14.498.643,15.972.017,4.470.737,4.107.500
14,Secretaria Municipal de Habitação,10,Gabinete do Secretário,16,Habitação,451,Infra-Estrutura Urbana,3002,Acesso à Moradia Adequada,3354,Construção de Unidades Habitacionais,3,Transferências Estaduais,85.464.290,131.255.035,87.014.714,9.858.000
14,Secretaria Municipal de Habitação,10,Gabinete do Secretário,16,Habitação,451,Infra-Estrutura Urbana,3002,Acesso à Moradia Adequada,3356,Regularização Fundiária,0,Tesouro Municipal,20.002.000,1.000,1.000,1.000
14,Secretaria Municipal de Habitação,10,Gabinete do Secretário,16,Habitação,451,Infra-Estrutura Urbana,3002,Acesso à Moradia Adequada,3356,Regularização Fundiária,2,Transferências Federais,1.000,1.000,1.000,1.000
14,Secretaria Municipal de Habitação,10,Gabinete do Secretário,16,Habitação,451,Infra-Estrutura Urbana,3002,Acesso à Moradia Adequada,3357,Urbanização de Favelas,0,Tesouro Municipal,14.423.000,34.642.000,30.001.000,15.001.000
14,Secretaria Municipal de Habitação,10,Gabinete do Secretário,16,Habitação,451,Infra-Estrutura Urbana,3002,Acesso à Moradia Adequada,3357,Urbanização de Favelas,2,Transferências Federais,37.195.349,42.165.122,11.801.744,10.842.800
14,Secretaria Municipal de Habitação,10,Gabinete do Secretário,16,Habitação,451,Infra-Estrutura Urbana,3002,Acesso à Moradia Adequada,3358,Locação Social,0,Tesouro Municipal,2.000,1.000,1.000,1.000
14,Secretaria Municipal de Habitação,10,Gabinete do Secretário,16,Habitação,451,Infra-Estrutura Urbana,3002,Acesso à Moradia Adequada,5390,"Ações de Desocupação de Prédios Públicos, Entroncamentos e Vias Arteriais/Marginais",0,Tesouro Municipal,1.000,1.000,1.000,1.000
14,Secretaria Municipal de Habitação,10,Gabinete do Secretário,16,Habitação,451,Infra-Estrutura Urbana,3002,Acesso à Moradia Adequada,7209,Contraprestação de Parceria Público-Privada (PPP) - Habitação,0,Tesouro Municipal,1.000,1.000,1.000,1.000
14,Secretaria Municipal de Habitação,10,Gabinete do Secretário,16,Habitação,451,Infra-Estrutura Urbana,3002,Acesso à Moradia Adequada,9289,E1220 - Programa Lote Urbanizado criado pela Lei 17.474/2020,0,Tesouro Municipal,5.000.000,0,0,0
14,Secretaria Municipal de Habitação,10,Gabinete do Secretário,16,Habitação,451,Infra-Estrutura Urbana,3002,Acesso à Moradia Adequada,9487,"Construção de uma nova unidade da Vila dos Idosos, ou ampliação da mesma para atender ao menos (dois terços) a mais de idoso",0,Tesouro Municipal,0,5.000.000,5.000.000,5.000.000
14,Secretaria Municipal de Habitação,10,Gabinete do Secretário,16,Habitação,451,Infra-Estrutura Urbana,3005,Promoção da Sustentabilidade Ambiental,3355,Execução do Programa de Mananciais,2,Transferências Federais,4.959.000,5.749.925,1.609.465,1.478.700
14,Secretaria Municipal de Habitação,10,Gabinete do Secretário,16,Habitação,482,Habitação Urbana,3002,Acesso à Moradia Adequada,2635,Serviço de Moradia Transitória,0,Tesouro Municipal,106.937.705,105.000.000,105.000.000,105.000.000
14,Secretaria Municipal de Habitação,10,Gabinete do Secretário,16,Habitação,482,Habitação Urbana,3005,Promoção da Sustentabilidade Ambiental,3355,Execução do Programa de Mananciais,3,Transferências Estaduais,55.329.826,87.503.358,58.009.809,6.572.000
15,Cinema e Audiovisual de São Paulo,10,Cinema e Audiovisual de São Paulo,12,Educação,368,Educação Básica,3010,"Manutenção, Desenvolvimento e Promoção da Qualidade da Educação",2872,"Eventos Educacionais, Culturais e Esportivos nos Centros Educacionais Unificados",9,Recursos Próprios da Empresa Dependente,2.000,1.000,1.000,1.000
15,Cinema e Audiovisual de São Paulo,10,Cinema e Audiovisual de São Paulo,13,Cultura,122,Administração Geral,3024,Suporte Administrativo,2100,Administração da Unidade,0,Tesouro Municipal,2.283.156,3.053.741,3.193.468,3.394.611
15,Cinema e Audiovisual de São Paulo,10,Cinema e Audiovisual de São Paulo,13,Cultura,122,Administração Geral,3024,Suporte Administrativo,2100,Administração da Unidade,9,Recursos Próprios da Empresa Dependente,2.455.180,3.351.246,3.570.223,3.535.448
15,Cinema e Audiovisual de São Paulo,10,Cinema e Audiovisual de São Paulo,13,Cultura,126,Tecnologia da Informação,3011,"Modernização Tecnológica, Desburocratização e Inovação do Serviço Público",1220,Desenvolvimento de Sistemas de Informação e Comunicação,9,Recursos Próprios da Empresa Dependente,1.000,1.000,1.000,1.000
15,Cinema e Audiovisual de São Paulo,10,Cinema e Audiovisual de São Paulo,13,Cultura,126,Tecnologia da Informação,3011,"Modernização Tecnológica, Desburocratização e Inovação do Serviço Público",2818,"Aquisição de Materiais, Equipamentos e Serviços de Informação e Comunicação",9,Recursos Próprios da Empresa Dependente,2.000,1.000,1.000,1.000
15,Cinema e Audiovisual de São Paulo,10,Cinema e Audiovisual de São Paulo,13,Cultura,126,Tecnologia da Informação,3024,Suporte Administrativo,2171,Manutenção e Operação de Sistemas de Informação e Comunicação,9,Recursos Próprios da Empresa Dependente,253.661,282.358,284.193,291.245
15,Cinema e Audiovisual de São Paulo,10,Cinema e Audiovisual de São Paulo,13,Cultura,391,"Patrimônio Histórico, Artístico e Arqueológico",3001,Acesso à Cultura,6421,Programa de Atração a Filmagens - Cash Rebate,9,Recursos Próprios da Empresa Dependente,1.000,1.000,1.000,1.000
15,Cinema e Audiovisual de São Paulo,10,Cinema e Audiovisual de São Paulo,13,Cultura,392,Difusão Cultural,3001,Acesso à Cultura,5419,Apoio à Memória do Audiovisual,0,Tesouro Municipal,1.000,1.000,1.000,1.000
15,Cinema e Audiovisual de São Paulo,10,Cinema e Audiovisual de São Paulo,13,Cultura,392,Difusão Cultural,3001,Acesso à Cultura,6702,Políticas de Audiovisual,9,Recursos Próprios da Empresa Dependente,22.293.559,560.996,1.265.384,1.578.307
15,Cinema e Audiovisual de São Paulo,10,Cinema e Audiovisual de São Paulo,13,Cultura,392,Difusão Cultural,3024,Suporte Administrativo,5420,Desenvolvimento Institucional,0,Tesouro Municipal,1.000,1.000,1.000,1.000
15,Cinema e Audiovisual de São Paulo,10,Cinema e Audiovisual de São Paulo,23,Comércio e Serviços,695,Turismo,3015,Promoção da Cidade como Referência Global e Destino Turístico,2048,Ações de Audiovisual,9,Recursos Próprios da Empresa Dependente,1.000,1.000,1.000,1.000
16,Secretaria Municipal de Educação,10,Gabinete do Secretário,12,Educação,122,Administração Geral,3011,"Modernização Tecnológica, Desburocratização e Inovação do Serviço Público",3002,"Ampliação, Reforma e Requalificação de Prédios Administrativos",0,Tesouro Municipal,1.000,0,0,0
16,Secretaria Municipal de Educação,10,Gabinete do Secretário,12,Educação,122,Administração Geral,3012,"Participação, Transparência e Controle Social da Administração Pública",2803,Manutenção e Operação dos Conselhos e Espaços Participativos Municipais,0,Tesouro Municipal,1.660.882,1.555.582,1.560.590,1.625.428
16,Secretaria Municipal de Educação,10,Gabinete do Secretário,12,Educação,122,Administração Geral,3015,Promoção da Cidade como Referência Global e Destino Turístico,2118,Promoção de Campanhas e Eventos de Interesse do Município,0,Tesouro Municipal,3.040.049,4.086.531,4.108.878,4.288.836
16,Secretaria Municipal de Educação,10,Gabinete do Secretário,12,Educação,122,Administração Geral,3024,Suporte Administrativo,2100,Administração da Unidade,0,Tesouro Municipal,546.079.969,378.971.941,435.940.780,498.224.877
16,Secretaria Municipal de Educação,10,Gabinete do Secretário,12,Educação,126,Tecnologia da Informação,3011,"Modernização Tecnológica, Desburocratização e Inovação do Serviço Público",2818,"Aquisição de Materiais, Equipamentos e Serviços de Informação e Comunicação",0,Tesouro Municipal,167.057.323,198.971.693,200.009.772,208.719.491
16,Secretaria Municipal de Educação,10,Gabinete do Secretário,12,Educação,126,Tecnologia da Informação,3024,Suporte Administrativo,2171,Manutenção e Operação de Sistemas de Informação e Comunicação,0,Tesouro Municipal,20.949.171,28.160.546,28.314.541,29.554.641
16,Secretaria Municipal de Educação,10,Gabinete do Secretário,12,Educação,128,Formação de Recursos Humanos,3011,"Modernização Tecnológica, Desburocratização e Inovação do Serviço Público",2180,"Capacitação, Formação e Aperfeiçoamento de Servidores",0,Tesouro Municipal,20.503.123,27.390.715,27.540.499,28.746.697
16,Secretaria Municipal de Educação,10,Gabinete do Secretário,12,Educação,131,Comunicação Social,3012,"Participação, Transparência e Controle Social da Administração Pública",2421,Publicidade Institucional,0,Tesouro Municipal,300.000,403.269,405.474,423.233
16,Secretaria Municipal de Educação,10,Gabinete do Secretário,12,Educação,131,Comunicação Social,3012,"Participação, Transparência e Controle Social da Administração Pública",2430,Publicidade de Utilidade Pública,0,Tesouro Municipal,300.000,403.269,405.474,423.233
16,Secretaria Municipal de Educação,10,Gabinete do Secretário,12,Educação,361,Ensino Fundamental,3010,"Manutenção, Desenvolvimento e Promoção da Qualidade da Educação",2807,Alfabetização na Idade Certa,0,Tesouro Municipal,51.496.069,69.222.665,69.601.204,72.649.548
16,Secretaria Municipal de Educação,10,Gabinete do Secretário,12,Educação,361,Ensino Fundamental,3010,"Manutenção, Desenvolvimento e Promoção da Qualidade da Educação",2816,Fornecimento de Uniformes e Material Escolar-Ensino Fundamental,0,Tesouro Municipal,259.637.818,67.266.317,88.821.729,255.563.662
16,Secretaria Municipal de Educação,10,Gabinete do Secretário,12,Educação,361,Ensino Fundamental,3010,"Manutenção, Desenvolvimento e Promoção da Qualidade da Educação",2826,Manutenção e Operação de Unidades Educacionais - Escola Municipal de Ensino Fundamental (EMEF),0,Tesouro Municipal,1.378.023.948,1.517.977.556,1.558.642.055,1.660.736.968
16,Secretaria Municipal de Educação,10,Gabinete do Secretário,12,Educação,361,Ensino Fundamental,3010,"Manutenção, Desenvolvimento e Promoção da Qualidade da Educação",2826,Manutenção e Operação de Unidades Educacionais - Escola Municipal de Ensino Fundamental (EMEF),4,Fundo Constitucional da Educação,60.000.000,0,0,0
16,Secretaria Municipal de Educação,10,Gabinete do Secretário,12,Educação,361,Ensino Fundamental,3010,"Manutenção, Desenvolvimento e Promoção da Qualidade da Educação",2850,Transporte Escolar - Ensino Fundamental,0,Tesouro Municipal,140.253.575,99.714.668,100.259.952,104.651.066
16,Secretaria Municipal de Educação,10,Gabinete do Secretário,12,Educação,361,Ensino Fundamental,3010,"Manutenção, Desenvolvimento e Promoção da Qualidade da Educação",2857,Remuneração dos Profissionais do Magistério - Ensino Fundamental,4,Fundo Constitucional da Educação,2.879.394.707,2.897.036.878,3.007.093.573,3.125.115.427
16,Secretaria Municipal de Educação,10,Gabinete do Secretário,12,Educação,361,Ensino Fundamental,3010,"Manutenção, Desenvolvimento e Promoção da Qualidade da Educação",2879,Conservação e Manutenção de Segundo Escalão de Unidades Educacionais - Ensino Fundamental,0,Tesouro Municipal,153.200.000,68.762.637,73.127.430,62.708.848
16,Secretaria Municipal de Educação,10,Gabinete do Secretário,12,Educação,361,Ensino Fundamental,3010,"Manutenção, Desenvolvimento e Promoção da Qualidade da Educação",3365,Construção de Escolas Municipais de Ensino Fundamental (EMEF),0,Tesouro Municipal,18.000.000,38.775.923,43.736.501,0
16,Secretaria Municipal de Educação,10,Gabinete do Secretário,12,Educação,361,Ensino Fundamental,3010,"Manutenção, Desenvolvimento e Promoção da Qualidade da Educação",3366,"Ampliação, Reforma e Requalificação de Escola Municipal de Ensino Fundamental (EMEF)",0,Tesouro Municipal,50.430.622,0,0,0
16,Secretaria Municipal de Educação,10,Gabinete do Secretário,12,Educação,361,Ensino Fundamental,3010,"Manutenção, Desenvolvimento e Promoção da Qualidade da Educação",8018,E1025 - Manutenção e Revitalização da Escola EMEF Jean Mermoz,0,Tesouro Municipal,50.000,0,0,0
16,Secretaria Municipal de Educação,10,Gabinete do Secretário,12,Educação,361,Ensino Fundamental,3010,"Manutenção, Desenvolvimento e Promoção da Qualidade da Educação",9441,E1663 - Reforma da EMEF Mário Marques,0,Tesouro Municipal,100.000,0,0,0
16,Secretaria Municipal de Educação,10,Gabinete do Secretário,12,Educação,361,Ensino Fundamental,3010,"Manutenção, Desenvolvimento e Promoção da Qualidade da Educação",9442,E1664 - Reforma da EMEF Zulmira Cavalheiro Faustino,0,Tesouro Municipal,100.000,0,0,0
16,Secretaria Municipal de Educação,10,Gabinete do Secretário,12,Educação,361,Ensino Fundamental,3010,"Manutenção, Desenvolvimento e Promoção da Qualidade da Educação",9444,E1666 - Reforma da EMEF Sussumo Hirata,0,Tesouro Municipal,100.000,0,0,0
16,Secretaria Municipal de Educação,10,Gabinete do Secretário,12,Educação,361,Ensino Fundamental,3010,"Manutenção, Desenvolvimento e Promoção da Qualidade da Educação",9449,"E618 - Reforma da Quadra da Escola Senador José Ermírio de Moraes, Localizada na Rua São Brás do Suaçuí, 159 - Jardim Helena, São Paulo - SP, CEP 08090-290.",0,Tesouro Municipal,250.000,0,0,0
16,Secretaria Municipal de Educação,10,Gabinete do Secretário,12,Educação,362,Ensino Médio,3010,"Manutenção, Desenvolvimento e Promoção da Qualidade da Educação",2883,Manutenção e Operação de Unidades Educacionais - Escola Municipal de Educação Fundamental e Médio (EMEFM),0,Tesouro Municipal,85.124.862,119.414.965,123.509.660,132.516.525
16,Secretaria Municipal de Educação,10,Gabinete do Secretário,12,Educação,363,Ensino Profissional,3010,"Manutenção, Desenvolvimento e Promoção da Qualidade da Educação",2882,Manutenção e Operação de Unidades Educacionais - Centro Municipal de Capacitação e Treinamento (CMCT),0,Tesouro Municipal,557.135,747.477,751.064,783.458
16,Secretaria Municipal de Educação,10,Gabinete do Secretário,12,Educação,364,Ensino Superior,3010,"Manutenção, Desenvolvimento e Promoção da Qualidade da Educação",2820,Manutenção e Operação da UniCEU,0,Tesouro Municipal,1.398.837,1.876.069,1.883.429,1.963.008
16,Secretaria Municipal de Educação,10,Gabinete do Secretário,12,Educação,365,Educação Infantil,3010,"Manutenção, Desenvolvimento e Promoção da Qualidade da Educação",9422,E1001 - Reforma em CEI Conveniada no Território do Jardim Angela - Associação Santo Mártires CNPJ 60.731.569/0001-59.,0,Tesouro Municipal,60.000,0,0,0
16,Secretaria Municipal de Educação,10,Gabinete do Secretário,12,Educação,365,Educação Infantil,3010,"Manutenção, Desenvolvimento e Promoção da Qualidade da Educação",9440,E1662 - Reforma da EMEI Parada de Taipas,0,Tesouro Municipal,100.000,0,0,0
16,Secretaria Municipal de Educação,10,Gabinete do Secretário,12,Educação,365,Educação Infantil,3010,"Manutenção, Desenvolvimento e Promoção da Qualidade da Educação",9443,E1665 - Reforma da EMEI Professor Orlando de Alvarenga Gaudio,0,Tesouro Municipal,100.000,0,0,0
16,Secretaria Municipal de Educação,10,Gabinete do Secretário,12,Educação,365,Educação Infantil,3010,"Manutenção, Desenvolvimento e Promoção da Qualidade da Educação",9445,E1681 - Projeto Ateliê Cozinha,0,Tesouro Municipal,150.000,0,0,0
16,Secretaria Municipal de Educação,10,Gabinete do Secretário,12,Educação,365,Educação Infantil,3025,Proteção e Desenvolvimento Integral na Primeira Infância,2815,Fornecimento de Uniformes e Material Escolar-Educação Infantil,0,Tesouro Municipal,167.477.046,83.256.434,83.711.716,144.969.870
16,Secretaria Municipal de Educação,10,Gabinete do Secretário,12,Educação,365,Educação Infantil,3025,Proteção e Desenvolvimento Integral na Primeira Infância,2824,Manutenção e Operação de Unidades Educacionais - Educação Indígena,0,Tesouro Municipal,37.696,49.457,49.228,50.883
16,Secretaria Municipal de Educação,10,Gabinete do Secretário,12,Educação,365,Educação Infantil,3025,Proteção e Desenvolvimento Integral na Primeira Infância,2828,Manutenção e Operação da Rede Parceira - Centro de Educação Infantil (CEI),0,Tesouro Municipal,154.550.041,397.795.257,322.985.198,315.981.432
16,Secretaria Municipal de Educação,10,Gabinete do Secretário,12,Educação,365,Educação Infantil,3025,Proteção e Desenvolvimento Integral na Primeira Infância,2849,Transporte Escolar - Educação Infantil,0,Tesouro Municipal,176.014.560,180.975.598,181.965.251,189.934.836
16,Secretaria Municipal de Educação,10,Gabinete do Secretário,12,Educação,365,Educação Infantil,3025,Proteção e Desenvolvimento Integral na Primeira Infância,2856,Remuneração dos Profissionais do Magistério - Centro de Educação Infantil (CEI),4,Fundo Constitucional da Educação,1.183.062.274,1.265.668.190,1.309.895.550,1.359.080.153
16,Secretaria Municipal de Educação,10,Gabinete do Secretário,12,Educação,365,Educação Infantil,3025,Proteção e Desenvolvimento Integral na Primeira Infância,2858,Remuneração dos Profissionais do Magistério - Escola Municipal de Educação Infantil (EMEI),4,Fundo Constitucional da Educação,1.470.271.061,1.559.195.570,1.615.252.082,1.676.773.090
16,Secretaria Municipal de Educação,10,Gabinete do Secretário,12,Educação,365,Educação Infantil,3025,Proteção e Desenvolvimento Integral na Primeira Infância,2874,Recursos do Fundo Nacional para o Desenvolvimento da Educação - Educação Infantil,2,Transferências Federais,16.570.310,16.499.113,16.737.747,16.984.139
16,Secretaria Municipal de Educação,10,Gabinete do Secretário,12,Educação,365,Educação Infantil,3025,Proteção e Desenvolvimento Integral na Primeira Infância,2876,Manutenção e Operação de Centros Municipais de Educação Infantil(CEMEI),0,Tesouro Municipal,126.698.988,141.268.737,145.569.429,155.557.863
16,Secretaria Municipal de Educação,10,Gabinete do Secretário,12,Educação,365,Educação Infantil,3025,Proteção e Desenvolvimento Integral na Primeira Infância,2877,Remuneração dos Profissionais do Magistério - Centro Municipal de Educação Infantil( CEMEI),4,Fundo Constitucional da Educação,54.437.778,112.213.953,109.957.108,110.664.197
16,Secretaria Municipal de Educação,10,Gabinete do Secretário,12,Educação,365,Educação Infantil,3025,Proteção e Desenvolvimento Integral na Primeira Infância,2878,Conservação e Manutenção de Segundo Escalão de Unidades Educacionais - Educação Infantil,0,Tesouro Municipal,155.400.000,84.531.513,165.248.999,125.417.697
16,Secretaria Municipal de Educação,10,Gabinete do Secretário,12,Educação,365,Educação Infantil,3025,Proteção e Desenvolvimento Integral na Primeira Infância,2886,Bolsa Primeira Infância,0,Tesouro Municipal,1.303.200,1.751.803,1.761.382,1.838.526
16,Secretaria Municipal de Educação,10,Gabinete do Secretário,12,Educação,365,Educação Infantil,3025,Proteção e Desenvolvimento Integral na Primeira Infância,2887,Ações de Apoio à Educação Infantil,0,Tesouro Municipal,3.750.000,5.040.870,5.068.435,5.290.419
16,Secretaria Municipal de Educação,10,Gabinete do Secretário,12,Educação,365,Educação Infantil,3025,Proteção e Desenvolvimento Integral na Primeira Infância,3359,Construção de Centros de Educação Infantil - CEI,0,Tesouro Municipal,52.400.000,51.701.231,64.979.945,0
16,Secretaria Municipal de Educação,10,Gabinete do Secretário,12,Educação,365,Educação Infantil,3025,Proteção e Desenvolvimento Integral na Primeira Infância,3360,"Ampliação, Reforma e Requalificação de Centros de Educação Infantil (CEI)",0,Tesouro Municipal,10.000.000,0,0,0
16,Secretaria Municipal de Educação,10,Gabinete do Secretário,12,Educação,365,Educação Infantil,3025,Proteção e Desenvolvimento Integral na Primeira Infância,3361,Construção de Escolas Municipais de Educação Infantil (EMEI),0,Tesouro Municipal,24.400.000,51.701.231,62.480.716,0
16,Secretaria Municipal de Educação,10,Gabinete do Secretário,12,Educação,365,Educação Infantil,3025,Proteção e Desenvolvimento Integral na Primeira Infância,3362,"Ampliação, Reforma e Requalificação de Escolas Municipais de Educação Infantil (EMEI)",0,Tesouro Municipal,32.313.156,0,0,0
16,Secretaria Municipal de Educação,10,Gabinete do Secretário,12,Educação,365,Educação Infantil,3025,Proteção e Desenvolvimento Integral na Primeira Infância,4360,Manutenção e Operação de Centros de Educação Infantil (CEI),0,Tesouro Municipal,563.192.332,623.153.351,638.244.991,679.678.107
16,Secretaria Municipal de Educação,10,Gabinete do Secretário,12,Educação,365,Educação Infantil,3025,Proteção e Desenvolvimento Integral na Primeira Infância,4362,Manutenção e Operação de Escolas Municipais de Educação Infantil (EMEI),0,Tesouro Municipal,898.357.157,1.004.850.644,1.031.922.826,1.100.940.524
16,Secretaria Municipal de Educação,10,Gabinete do Secretário,12,Educação,365,Educação Infantil,3025,Proteção e Desenvolvimento Integral na Primeira Infância,4362,Manutenção e Operação de Escolas Municipais de Educação Infantil (EMEI),4,Fundo Constitucional da Educação,40.000.000,0,0,0
16,Secretaria Municipal de Educação,10,Gabinete do Secretário,12,Educação,366,Educação de Jovens e Adultos,3010,"Manutenção, Desenvolvimento e Promoção da Qualidade da Educação",2823,Manutenção e Operação de Unidades Educacionais - Centro Integrado de Jovens e Adultos (CIEJA),0,Tesouro Municipal,5.296.653,6.176.415,6.207.691,6.477.062
16,Secretaria Municipal de Educação,10,Gabinete do Secretário,12,Educação,366,Educação de Jovens e Adultos,3010,"Manutenção, Desenvolvimento e Promoção da Qualidade da Educação",2829,Manutenção e Operação da Rede Parceira - Alfabetização de Jovens e Adultos,0,Tesouro Municipal,100.000,134.423,135.158,141.077
16,Secretaria Municipal de Educação,10,Gabinete do Secretário,12,Educação,367,Educação Especial,3010,"Manutenção, Desenvolvimento e Promoção da Qualidade da Educação",2821,Manutenção e Operação da Rede Parceira - Educação Especial,0,Tesouro Municipal,11.117.658,14.944.711,15.026.436,15.684.552
16,Secretaria Municipal de Educação,10,Gabinete do Secretário,12,Educação,367,Educação Especial,3010,"Manutenção, Desenvolvimento e Promoção da Qualidade da Educação",2827,Manutenção e Operação de Unidades Educacionais - Escola Municipal de Educação Bilíngue para Surdos (EMEBS),0,Tesouro Municipal,29.798.566,41.604.442,43.097.164,46.307.200
16,Secretaria Municipal de Educação,10,Gabinete do Secretário,12,Educação,367,Educação Especial,3010,"Manutenção, Desenvolvimento e Promoção da Qualidade da Educação",2848,Transporte Escolar - Educação Especial,0,Tesouro Municipal,8.671.242,10.310.997,10.367.382,10.821.446
16,Secretaria Municipal de Educação,10,Gabinete do Secretário,12,Educação,367,Educação Especial,3010,"Manutenção, Desenvolvimento e Promoção da Qualidade da Educação",2861,Ações de Apoio à Educação Especial,0,Tesouro Municipal,73.212.517,98.074.581,98.610.896,102.929.785
16,Secretaria Municipal de Educação,10,Gabinete do Secretário,12,Educação,368,Educação Básica,3001,Acesso à Cultura,2880,"Plano Municipal do Livro, Leitura, Literatura e Biblioteca (PMLLLB)",0,Tesouro Municipal,2.860.032,3.844.546,3.865.570,4.034.872
16,Secretaria Municipal de Educação,10,Gabinete do Secretário,12,Educação,368,Educação Básica,3010,"Manutenção, Desenvolvimento e Promoção da Qualidade da Educação",2439,Programa Suplementar de Assistência à Saúde dos Estudantes,0,Tesouro Municipal,7.150.360,9.611.742,9.664.303,10.087.573
16,Secretaria Municipal de Educação,10,Gabinete do Secretário,12,Educação,368,Educação Básica,3010,"Manutenção, Desenvolvimento e Promoção da Qualidade da Educação",2830,Conservação e Manutenção de Segundo Escalão de Unidades Educacionais - CEU,0,Tesouro Municipal,50.500.000,7.108.919,8.122.493,8.152.150
16,Secretaria Municipal de Educação,10,Gabinete do Secretário,12,Educação,368,Educação Básica,3010,"Manutenção, Desenvolvimento e Promoção da Qualidade da Educação",2831,Ações e Materiais de Apoio Didático-Pedagógico Educacional,0,Tesouro Municipal,62.772.861,81.690.901,82.137.622,85.735.027
16,Secretaria Municipal de Educação,10,Gabinete do Secretário,12,Educação,368,Educação Básica,3010,"Manutenção, Desenvolvimento e Promoção da Qualidade da Educação",2832,Manutenção e Operação dos Centros de Estudos de Línguas Paulistano - CELP,0,Tesouro Municipal,450.000,581.638,584.819,610.433
16,Secretaria Municipal de Educação,10,Gabinete do Secretário,12,Educação,368,Educação Básica,3010,"Manutenção, Desenvolvimento e Promoção da Qualidade da Educação",2872,"Eventos Educacionais, Culturais e Esportivos nos Centros Educacionais Unificados",0,Tesouro Municipal,18.288.210,24.567.053,24.698.898,25.778.135
16,Secretaria Municipal de Educação,10,Gabinete do Secretário,12,Educação,368,Educação Básica,3010,"Manutenção, Desenvolvimento e Promoção da Qualidade da Educação",2884,Atualização do Currículo da Rede Municipal de Ensino,0,Tesouro Municipal,1.272.960,1.711.153,1.720.510,1.795.863
16,Secretaria Municipal de Educação,10,Gabinete do Secretário,12,Educação,368,Educação Básica,3010,"Manutenção, Desenvolvimento e Promoção da Qualidade da Educação",2885,Sistema de Avaliação Escolar dos Alunos da Rede Municipal de Ensino,0,Tesouro Municipal,6.276.248,8.403.207,8.449.161,8.819.211
16,Secretaria Municipal de Educação,10,Gabinete do Secretário,12,Educação,368,Educação Básica,3010,"Manutenção, Desenvolvimento e Promoção da Qualidade da Educação",2888,Acompanhamento das Aprendizagens e Permanência Escolar,0,Tesouro Municipal,1.326.155,1.782.659,1.792.408,1.870.910
16,Secretaria Municipal de Educação,10,Gabinete do Secretário,12,Educação,368,Educação Básica,3010,"Manutenção, Desenvolvimento e Promoção da Qualidade da Educação",3363,Construção e Implantação de Centros Educacionais Unificados (CEU),0,Tesouro Municipal,253.000.000,329.595.351,318.651.655,0
16,Secretaria Municipal de Educação,10,Gabinete do Secretário,12,Educação,368,Educação Básica,3010,"Manutenção, Desenvolvimento e Promoção da Qualidade da Educação",3364,"Ampliação, Reforma e Requalificação de Centros Educacionais Unificados (CEU)",0,Tesouro Municipal,10.000.000,0,0,0
16,Secretaria Municipal de Educação,10,Gabinete do Secretário,12,Educação,368,Educação Básica,3010,"Manutenção, Desenvolvimento e Promoção da Qualidade da Educação",4303,Ações de Educação Integral,0,Tesouro Municipal,102.591.782,126.975.898,127.645.265,133.210.698
16,Secretaria Municipal de Educação,10,Gabinete do Secretário,12,Educação,368,Educação Básica,3010,"Manutenção, Desenvolvimento e Promoção da Qualidade da Educação",4364,Manutenção e Operação de Centros Educacionais Unificados (CEU),0,Tesouro Municipal,418.061.376,573.002.550,583.660.497,621.979.498
16,Secretaria Municipal de Educação,10,Gabinete do Secretário,12,Educação,368,Educação Básica,3010,"Manutenção, Desenvolvimento e Promoção da Qualidade da Educação",9109,CEU Cidade Ademar e Construção da Sede da Sub.,0,Tesouro Municipal,1.000,0,0,0
16,Secretaria Municipal de Educação,10,Gabinete do Secretário,12,Educação,368,Educação Básica,3010,"Manutenção, Desenvolvimento e Promoção da Qualidade da Educação",9110,CEU Americanópolis,0,Tesouro Municipal,1.000,0,0,0
16,Secretaria Municipal de Educação,10,Gabinete do Secretário,12,Educação,368,Educação Básica,3010,"Manutenção, Desenvolvimento e Promoção da Qualidade da Educação",9129,"Complexo CEU Parelheiros (Teatro, Auditório e Cinema)",0,Tesouro Municipal,1.000,0,0,0
16,Secretaria Municipal de Educação,10,Gabinete do Secretário,12,Educação,368,Educação Básica,3010,"Manutenção, Desenvolvimento e Promoção da Qualidade da Educação",9421,E6714 - Implementação de Laboratórios de Ciências em EMEI e EMEF.,0,Tesouro Municipal,250.000,0,0,0
16,Secretaria Municipal de Educação,10,Gabinete do Secretário,12,Educação,368,Educação Básica,3010,"Manutenção, Desenvolvimento e Promoção da Qualidade da Educação",9446,E1691 - Programa Teatro de Arena nas Escolas Públicas,0,Tesouro Municipal,250.000,0,0,0
16,Secretaria Municipal de Educação,10,Gabinete do Secretário,12,Educação,368,Educação Básica,3010,"Manutenção, Desenvolvimento e Promoção da Qualidade da Educação",9499,Construção de Centro de Educação Unificada (CEU) na região da Saúde,0,Tesouro Municipal,0,1.000,1.000,1.000
16,Secretaria Municipal de Educação,10,Gabinete do Secretário,12,Educação,368,Educação Básica,3011,"Modernização Tecnológica, Desburocratização e Inovação do Serviço Público",3660,Cooperação Técnica Internacional,0,Tesouro Municipal,3.455.222,0,0,0
16,Secretaria Municipal de Educação,10,Gabinete do Secretário,12,Educação,368,Educação Básica,3017,"Promoção de Atividades Esportivas, Recreativas e de Lazer",9158,"Ações do ""Mês Julho Faixa Preta"" - Lei nº 17.423 de 21 de julho de 2020",0,Tesouro Municipal,1.000.000,0,0,0
16,Secretaria Municipal de Educação,10,Gabinete do Secretário,12,Educação,422,"Direitos Individuais, Coletivos e Difusos",3012,"Participação, Transparência e Controle Social da Administração Pública",6250,Realização de Conferências Municipais Temáticas,0,Tesouro Municipal,2.200.000,268.846,270.316,282.155
16,Secretaria Municipal de Educação,11,Diretoria Regional de Educação Ipiranga,12,Educação,122,Administração Geral,3024,Suporte Administrativo,2100,Administração da Unidade,0,Tesouro Municipal,2.367.212,3.178.720,3.195.103,3.334.037
16,Secretaria Municipal de Educação,11,Diretoria Regional de Educação Ipiranga,12,Educação,128,Formação de Recursos Humanos,3011,"Modernização Tecnológica, Desburocratização e Inovação do Serviço Público",2180,"Capacitação, Formação e Aperfeiçoamento de Servidores",0,Tesouro Municipal,158.408,210.818,211.970,221.255
16,Secretaria Municipal de Educação,11,Diretoria Regional de Educação Ipiranga,12,Educação,361,Ensino Fundamental,3010,"Manutenção, Desenvolvimento e Promoção da Qualidade da Educação",2826,Manutenção e Operação de Unidades Educacionais - Escola Municipal de Ensino Fundamental (EMEF),0,Tesouro Municipal,7.368.522,9.885.950,9.940.010,10.375.357
16,Secretaria Municipal de Educação,11,Diretoria Regional de Educação Ipiranga,12,Educação,361,Ensino Fundamental,3010,"Manutenção, Desenvolvimento e Promoção da Qualidade da Educação",2841,Transferência de Recursos Financeiros para as Unidades Educacionais - Ensino Fundamental,0,Tesouro Municipal,3.551.925,3.568.835,3.588.351,3.745.511
16,Secretaria Municipal de Educação,11,Diretoria Regional de Educação Ipiranga,12,Educação,365,Educação Infantil,3010,"Manutenção, Desenvolvimento e Promoção da Qualidade da Educação",9423,E1002 - Revitalização e Manutenção do Espaço - CEMEI Irapará,0,Tesouro Municipal,100.000,0,0,0
16,Secretaria Municipal de Educação,11,Diretoria Regional de Educação Ipiranga,12,Educação,365,Educação Infantil,3025,Proteção e Desenvolvimento Integral na Primeira Infância,2828,Manutenção e Operação da Rede Parceira - Centro de Educação Infantil (CEI),0,Tesouro Municipal,306.729.119,400.477.150,390.555.276,400.202.708
16,Secretaria Municipal de Educação,11,Diretoria Regional de Educação Ipiranga,12,Educação,365,Educação Infantil,3025,Proteção e Desenvolvimento Integral na Primeira Infância,2840,Transferência de Recursos Financeiros para as Unidades Educacionais - Educação Infantil,0,Tesouro Municipal,4.472.715,4.173.457,4.196.279,4.380.065
16,Secretaria Municipal de Educação,11,Diretoria Regional de Educação Ipiranga,12,Educação,365,Educação Infantil,3025,Proteção e Desenvolvimento Integral na Primeira Infância,2876,Manutenção e Operação de Centros Municipais de Educação Infantil(CEMEI),0,Tesouro Municipal,113.300,150.373,151.195,157.818
16,Secretaria Municipal de Educação,11,Diretoria Regional de Educação Ipiranga,12,Educação,365,Educação Infantil,3025,Proteção e Desenvolvimento Integral na Primeira Infância,4360,Manutenção e Operação de Centros de Educação Infantil (CEI),0,Tesouro Municipal,3.472.929,4.647.741,4.673.157,4.877.829
16,Secretaria Municipal de Educação,11,Diretoria Regional de Educação Ipiranga,12,Educação,365,Educação Infantil,3025,Proteção e Desenvolvimento Integral na Primeira Infância,4362,Manutenção e Operação de Escolas Municipais de Educação Infantil (EMEI),0,Tesouro Municipal,7.800.000,10.469.499,10.526.751,10.987.794
16,Secretaria Municipal de Educação,11,Diretoria Regional de Educação Ipiranga,12,Educação,366,Educação de Jovens e Adultos,3010,"Manutenção, Desenvolvimento e Promoção da Qualidade da Educação",2823,Manutenção e Operação de Unidades Educacionais - Centro Integrado de Jovens e Adultos (CIEJA),0,Tesouro Municipal,391.010,524.573,527.442,550.542
16,Secretaria Municipal de Educação,11,Diretoria Regional de Educação Ipiranga,12,Educação,366,Educação de Jovens e Adultos,3010,"Manutenção, Desenvolvimento e Promoção da Qualidade da Educação",2829,Manutenção e Operação da Rede Parceira - Alfabetização de Jovens e Adultos,0,Tesouro Municipal,577.320,776.052,780.296,814.471
16,Secretaria Municipal de Educação,11,Diretoria Regional de Educação Ipiranga,12,Educação,367,Educação Especial,3010,"Manutenção, Desenvolvimento e Promoção da Qualidade da Educação",2827,Manutenção e Operação de Unidades Educacionais - Escola Municipal de Educação Bilíngue para Surdos (EMEBS),0,Tesouro Municipal,568.304,762.898,767.069,800.665
16,Secretaria Municipal de Educação,11,Diretoria Regional de Educação Ipiranga,12,Educação,367,Educação Especial,3010,"Manutenção, Desenvolvimento e Promoção da Qualidade da Educação",2861,Ações de Apoio à Educação Especial,0,Tesouro Municipal,10.000,13.442,13.515,14.108
16,Secretaria Municipal de Educação,11,Diretoria Regional de Educação Ipiranga,12,Educação,368,Educação Básica,3010,"Manutenção, Desenvolvimento e Promoção da Qualidade da Educação",2831,Ações e Materiais de Apoio Didático-Pedagógico Educacional,0,Tesouro Municipal,746.900,999.152,1.003.366,1.046.057
16,Secretaria Municipal de Educação,11,Diretoria Regional de Educação Ipiranga,12,Educação,368,Educação Básica,3010,"Manutenção, Desenvolvimento e Promoção da Qualidade da Educação",2839,Transferência de Recursos Financeiros para as Unidades Educacionais - Centro Educacional Unificado (CEU),0,Tesouro Municipal,365.142,394.051,396.206,413.559
16,Secretaria Municipal de Educação,11,Diretoria Regional de Educação Ipiranga,12,Educação,368,Educação Básica,3010,"Manutenção, Desenvolvimento e Promoção da Qualidade da Educação",4364,Manutenção e Operação de Centros Educacionais Unificados (CEU),0,Tesouro Municipal,4.510.000,6.046.459,6.069.026,6.324.299
16,Secretaria Municipal de Educação,12,Diretoria Regional de Educação Jaçanã/Tremembé,12,Educação,122,Administração Geral,3024,Suporte Administrativo,2100,Administração da Unidade,0,Tesouro Municipal,3.079.604,4.129.175,4.150.755,4.331.542
16,Secretaria Municipal de Educação,12,Diretoria Regional de Educação Jaçanã/Tremembé,12,Educação,128,Formação de Recursos Humanos,3011,"Modernização Tecnológica, Desburocratização e Inovação do Serviço Público",2180,"Capacitação, Formação e Aperfeiçoamento de Servidores",0,Tesouro Municipal,76.600,101.779,102.335,106.816
16,Secretaria Municipal de Educação,12,Diretoria Regional de Educação Jaçanã/Tremembé,12,Educação,361,Ensino Fundamental,3010,"Manutenção, Desenvolvimento e Promoção da Qualidade da Educação",2826,Manutenção e Operação de Unidades Educacionais - Escola Municipal de Ensino Fundamental (EMEF),0,Tesouro Municipal,5.223.847,7.011.825,7.050.169,7.358.947
16,Secretaria Municipal de Educação,12,Diretoria Regional de Educação Jaçanã/Tremembé,12,Educação,361,Ensino Fundamental,3010,"Manutenção, Desenvolvimento e Promoção da Qualidade da Educação",2841,Transferência de Recursos Financeiros para as Unidades Educacionais - Ensino Fundamental,0,Tesouro Municipal,4.164.272,4.330.137,4.353.816,4.544.501
16,Secretaria Municipal de Educação,12,Diretoria Regional de Educação Jaçanã/Tremembé,12,Educação,362,Ensino Médio,3010,"Manutenção, Desenvolvimento e Promoção da Qualidade da Educação",2883,Manutenção e Operação de Unidades Educacionais - Escola Municipal de Educação Fundamental e Médio (EMEFM),0,Tesouro Municipal,974.032,1.307.825,1.314.976,1.372.568
16,Secretaria Municipal de Educação,12,Diretoria Regional de Educação Jaçanã/Tremembé,12,Educação,365,Educação Infantil,3025,Proteção e Desenvolvimento Integral na Primeira Infância,2828,Manutenção e Operação da Rede Parceira - Centro de Educação Infantil (CEI),0,Tesouro Municipal,219.274.541,304.780.068,301.072.867,321.480.026
16,Secretaria Municipal de Educação,12,Diretoria Regional de Educação Jaçanã/Tremembé,12,Educação,365,Educação Infantil,3025,Proteção e Desenvolvimento Integral na Primeira Infância,2840,Transferência de Recursos Financeiros para as Unidades Educacionais - Educação Infantil,0,Tesouro Municipal,3.952.493,3.764.512,3.785.099,3.950.876
16,Secretaria Municipal de Educação,12,Diretoria Regional de Educação Jaçanã/Tremembé,12,Educação,365,Educação Infantil,3025,Proteção e Desenvolvimento Integral na Primeira Infância,2876,Manutenção e Operação de Centros Municipais de Educação Infantil(CEMEI),0,Tesouro Municipal,465.852,610.661,614.000,640.891
16,Secretaria Municipal de Educação,12,Diretoria Regional de Educação Jaçanã/Tremembé,12,Educação,365,Educação Infantil,3025,Proteção e Desenvolvimento Integral na Primeira Infância,4360,Manutenção e Operação de Centros de Educação Infantil (CEI),0,Tesouro Municipal,2.603.927,3.494.077,3.513.184,3.667.052
16,Secretaria Municipal de Educação,12,Diretoria Regional de Educação Jaçanã/Tremembé,12,Educação,365,Educação Infantil,3025,Proteção e Desenvolvimento Integral na Primeira Infância,4362,Manutenção e Operação de Escolas Municipais de Educação Infantil (EMEI),0,Tesouro Municipal,4.128.753,5.542.763,5.573.073,5.817.158
16,Secretaria Municipal de Educação,12,Diretoria Regional de Educação Jaçanã/Tremembé,12,Educação,366,Educação de Jovens e Adultos,3010,"Manutenção, Desenvolvimento e Promoção da Qualidade da Educação",2823,Manutenção e Operação de Unidades Educacionais - Centro Integrado de Jovens e Adultos (CIEJA),0,Tesouro Municipal,166.268,222.055,223.269,233.048
16,Secretaria Municipal de Educação,12,Diretoria Regional de Educação Jaçanã/Tremembé,12,Educação,366,Educação de Jovens e Adultos,3010,"Manutenção, Desenvolvimento e Promoção da Qualidade da Educação",2829,Manutenção e Operação da Rede Parceira - Alfabetização de Jovens e Adultos,0,Tesouro Municipal,277.969,373.655,375.699,392.153
16,Secretaria Municipal de Educação,12,Diretoria Regional de Educação Jaçanã/Tremembé,12,Educação,367,Educação Especial,3010,"Manutenção, Desenvolvimento e Promoção da Qualidade da Educação",2827,Manutenção e Operação de Unidades Educacionais - Escola Municipal de Educação Bilíngue para Surdos (EMEBS),0,Tesouro Municipal,320.175,429.227,431.574,450.475
16,Secretaria Municipal de Educação,12,Diretoria Regional de Educação Jaçanã/Tremembé,12,Educação,367,Educação Especial,3010,"Manutenção, Desenvolvimento e Promoção da Qualidade da Educação",2861,Ações de Apoio à Educação Especial,0,Tesouro Municipal,5.500,7.393,7.433,7.759
16,Secretaria Municipal de Educação,12,Diretoria Regional de Educação Jaçanã/Tremembé,12,Educação,368,Educação Básica,3010,"Manutenção, Desenvolvimento e Promoção da Qualidade da Educação",2831,Ações e Materiais de Apoio Didático-Pedagógico Educacional,0,Tesouro Municipal,638.200,850.743,854.146,890.302
16,Secretaria Municipal de Educação,12,Diretoria Regional de Educação Jaçanã/Tremembé,12,Educação,368,Educação Básica,3010,"Manutenção, Desenvolvimento e Promoção da Qualidade da Educação",2839,Transferência de Recursos Financeiros para as Unidades Educacionais - Centro Educacional Unificado (CEU),0,Tesouro Municipal,262.992,280.934,282.470,294.841
16,Secretaria Municipal de Educação,12,Diretoria Regional de Educação Jaçanã/Tremembé,12,Educação,368,Educação Básica,3010,"Manutenção, Desenvolvimento e Promoção da Qualidade da Educação",4364,Manutenção e Operação de Centros Educacionais Unificados (CEU),0,Tesouro Municipal,2.036.105,2.726.336,2.741.245,2.861.304
16,Secretaria Municipal de Educação,13,Diretoria Regional de Educação Freguesia/Brasilândia,12,Educação,122,Administração Geral,3024,Suporte Administrativo,2100,Administração da Unidade,0,Tesouro Municipal,1.111.558,1.488.777,1.495.168,1.558.896
16,Secretaria Municipal de Educação,13,Diretoria Regional de Educação Freguesia/Brasilândia,12,Educação,128,Formação de Recursos Humanos,3011,"Modernização Tecnológica, Desburocratização e Inovação do Serviço Público",2180,"Capacitação, Formação e Aperfeiçoamento de Servidores",0,Tesouro Municipal,75.700,101.231,101.784,106.242
16,Secretaria Municipal de Educação,13,Diretoria Regional de Educação Freguesia/Brasilândia,12,Educação,361,Ensino Fundamental,3010,"Manutenção, Desenvolvimento e Promoção da Qualidade da Educação",2826,Manutenção e Operação de Unidades Educacionais - Escola Municipal de Ensino Fundamental (EMEF),0,Tesouro Municipal,6.611.208,8.876.192,8.924.731,9.315.611
16,Secretaria Municipal de Educação,13,Diretoria Regional de Educação Freguesia/Brasilândia,12,Educação,361,Ensino Fundamental,3010,"Manutenção, Desenvolvimento e Promoção da Qualidade da Educação",2841,Transferência de Recursos Financeiros para as Unidades Educacionais - Ensino Fundamental,0,Tesouro Municipal,3.851.308,3.809.989,3.830.823,3.998.603
16,Secretaria Municipal de Educação,13,Diretoria Regional de Educação Freguesia/Brasilândia,12,Educação,365,Educação Infantil,3025,Proteção e Desenvolvimento Integral na Primeira Infância,2828,Manutenção e Operação da Rede Parceira - Centro de Educação Infantil (CEI),0,Tesouro Municipal,280.914.083,373.209.381,364.023.821,378.224.872
16,Secretaria Municipal de Educação,13,Diretoria Regional de Educação Freguesia/Brasilândia,12,Educação,365,Educação Infantil,3025,Proteção e Desenvolvimento Integral na Primeira Infância,2840,Transferência de Recursos Financeiros para as Unidades Educacionais - Educação Infantil,0,Tesouro Municipal,3.422.564,3.294.127,3.312.140,3.457.202
16,Secretaria Municipal de Educação,13,Diretoria Regional de Educação Freguesia/Brasilândia,12,Educação,365,Educação Infantil,3025,Proteção e Desenvolvimento Integral na Primeira Infância,2876,Manutenção e Operação de Centros Municipais de Educação Infantil(CEMEI),0,Tesouro Municipal,432.435,577.117,580.273,605.687
16,Secretaria Municipal de Educação,13,Diretoria Regional de Educação Freguesia/Brasilândia,12,Educação,365,Educação Infantil,3025,Proteção e Desenvolvimento Integral na Primeira Infância,4360,Manutenção e Operação de Centros de Educação Infantil (CEI),0,Tesouro Municipal,2.280.974,3.055.275,3.071.983,3.206.526
16,Secretaria Municipal de Educação,13,Diretoria Regional de Educação Freguesia/Brasilândia,12,Educação,365,Educação Infantil,3025,Proteção e Desenvolvimento Integral na Primeira Infância,4362,Manutenção e Operação de Escolas Municipais de Educação Infantil (EMEI),0,Tesouro Municipal,5.003.078,6.711.317,6.748.017,7.043.562
16,Secretaria Municipal de Educação,13,Diretoria Regional de Educação Freguesia/Brasilândia,12,Educação,366,Educação de Jovens e Adultos,3010,"Manutenção, Desenvolvimento e Promoção da Qualidade da Educação",2823,Manutenção e Operação de Unidades Educacionais - Centro Integrado de Jovens e Adultos (CIEJA),0,Tesouro Municipal,436.159,585.552,588.754,614.540
16,Secretaria Municipal de Educação,13,Diretoria Regional de Educação Freguesia/Brasilândia,12,Educação,366,Educação de Jovens e Adultos,3010,"Manutenção, Desenvolvimento e Promoção da Qualidade da Educação",2829,Manutenção e Operação da Rede Parceira - Alfabetização de Jovens e Adultos,0,Tesouro Municipal,1.368.462,1.839.529,1.849.589,1.930.596
16,Secretaria Municipal de Educação,13,Diretoria Regional de Educação Freguesia/Brasilândia,12,Educação,367,Educação Especial,3010,"Manutenção, Desenvolvimento e Promoção da Qualidade da Educação",2827,Manutenção e Operação de Unidades Educacionais - Escola Municipal de Educação Bilíngue para Surdos (EMEBS),0,Tesouro Municipal,529.915,711.406,715.295,746.624
16,Secretaria Municipal de Educação,13,Diretoria Regional de Educação Freguesia/Brasilândia,12,Educação,367,Educação Especial,3010,"Manutenção, Desenvolvimento e Promoção da Qualidade da Educação",2861,Ações de Apoio à Educação Especial,0,Tesouro Municipal,356.800,474.451,477.045,497.938
16,Secretaria Municipal de Educação,13,Diretoria Regional de Educação Freguesia/Brasilândia,12,Educação,368,Educação Básica,3010,"Manutenção, Desenvolvimento e Promoção da Qualidade da Educação",2831,Ações e Materiais de Apoio Didático-Pedagógico Educacional,0,Tesouro Municipal,867.820,1.163.573,1.167.687,1.216.570
16,Secretaria Municipal de Educação,13,Diretoria Regional de Educação Freguesia/Brasilândia,12,Educação,368,Educação Básica,3010,"Manutenção, Desenvolvimento e Promoção da Qualidade da Educação",2839,Transferência de Recursos Financeiros para as Unidades Educacionais - Centro Educacional Unificado (CEU),0,Tesouro Municipal,286.209,312.142,313.849,327.594
16,Secretaria Municipal de Educação,13,Diretoria Regional de Educação Freguesia/Brasilândia,12,Educação,368,Educação Básica,3010,"Manutenção, Desenvolvimento e Promoção da Qualidade da Educação",4364,Manutenção e Operação de Centros Educacionais Unificados (CEU),0,Tesouro Municipal,2.235.468,3.002.764,3.019.185,3.151.418
16,Secretaria Municipal de Educação,14,Diretoria Regional de Educação Pirituba,12,Educação,122,Administração Geral,3024,Suporte Administrativo,2100,Administração da Unidade,0,Tesouro Municipal,2.707.010,3.619.086,3.636.977,3.794.360
16,Secretaria Municipal de Educação,14,Diretoria Regional de Educação Pirituba,12,Educação,128,Formação de Recursos Humanos,3011,"Modernização Tecnológica, Desburocratização e Inovação do Serviço Público",2180,"Capacitação, Formação e Aperfeiçoamento de Servidores",0,Tesouro Municipal,495.804,660.930,662.045,688.533
16,Secretaria Municipal de Educação,14,Diretoria Regional de Educação Pirituba,12,Educação,361,Ensino Fundamental,3010,"Manutenção, Desenvolvimento e Promoção da Qualidade da Educação",2826,Manutenção e Operação de Unidades Educacionais - Escola Municipal de Ensino Fundamental (EMEF),0,Tesouro Municipal,9.678.000,13.000.274,13.071.365,13.643.856
16,Secretaria Municipal de Educação,14,Diretoria Regional de Educação Pirituba,12,Educação,361,Ensino Fundamental,3010,"Manutenção, Desenvolvimento e Promoção da Qualidade da Educação",2841,Transferência de Recursos Financeiros para as Unidades Educacionais - Ensino Fundamental,0,Tesouro Municipal,6.074.421,6.248.556,6.282.725,6.557.892
16,Secretaria Municipal de Educação,14,Diretoria Regional de Educação Pirituba,12,Educação,361,Ensino Fundamental,3010,"Manutenção, Desenvolvimento e Promoção da Qualidade da Educação",9425,"E1004 - Aquisição de Materiais para Salas de Informática, Laboratório, Ciências Educativas e Teatro na EMEF Érico Veríssimo.",0,Tesouro Municipal,50.000,0,0,0
16,Secretaria Municipal de Educação,14,Diretoria Regional de Educação Pirituba,12,Educação,362,Ensino Médio,3010,"Manutenção, Desenvolvimento e Promoção da Qualidade da Educação",2883,Manutenção e Operação de Unidades Educacionais - Escola Municipal de Educação Fundamental e Médio (EMEFM),0,Tesouro Municipal,701.996,942.730,947.884,989.398
16,Secretaria Municipal de Educação,14,Diretoria Regional de Educação Pirituba,12,Educação,365,Educação Infantil,3025,Proteção e Desenvolvimento Integral na Primeira Infância,2824,Manutenção e Operação de Unidades Educacionais - Educação Indígena,0,Tesouro Municipal,1.752.605,2.355.648,2.368.530,2.472.265
16,Secretaria Municipal de Educação,14,Diretoria Regional de Educação Pirituba,12,Educação,365,Educação Infantil,3025,Proteção e Desenvolvimento Integral na Primeira Infância,2828,Manutenção e Operação da Rede Parceira - Centro de Educação Infantil (CEI),0,Tesouro Municipal,266.681.789,354.813.703,346.238.942,360.375.057
16,Secretaria Municipal de Educação,14,Diretoria Regional de Educação Pirituba,12,Educação,365,Educação Infantil,3025,Proteção e Desenvolvimento Integral na Primeira Infância,2840,Transferência de Recursos Financeiros para as Unidades Educacionais - Educação Infantil,0,Tesouro Municipal,4.903.156,4.655.284,4.680.741,4.885.745
16,Secretaria Municipal de Educação,14,Diretoria Regional de Educação Pirituba,12,Educação,365,Educação Infantil,3025,Proteção e Desenvolvimento Integral na Primeira Infância,2876,Manutenção e Operação de Centros Municipais de Educação Infantil(CEMEI),0,Tesouro Municipal,1.361.385,1.825.001,1.834.981,1.915.347
16,Secretaria Municipal de Educação,14,Diretoria Regional de Educação Pirituba,12,Educação,365,Educação Infantil,3025,Proteção e Desenvolvimento Integral na Primeira Infância,4360,Manutenção e Operação de Centros de Educação Infantil (CEI),0,Tesouro Municipal,3.870.000,5.167.538,5.195.796,5.423.358
16,Secretaria Municipal de Educação,14,Diretoria Regional de Educação Pirituba,12,Educação,365,Educação Infantil,3025,Proteção e Desenvolvimento Integral na Primeira Infância,4362,Manutenção e Operação de Escolas Municipais de Educação Infantil (EMEI),0,Tesouro Municipal,6.212.000,8.339.408,8.385.012,8.752.252
16,Secretaria Municipal de Educação,14,Diretoria Regional de Educação Pirituba,12,Educação,366,Educação de Jovens e Adultos,3010,"Manutenção, Desenvolvimento e Promoção da Qualidade da Educação",2823,Manutenção e Operação de Unidades Educacionais - Centro Integrado de Jovens e Adultos (CIEJA),0,Tesouro Municipal,540.279,725.949,729.918,761.887
16,Secretaria Municipal de Educação,14,Diretoria Regional de Educação Pirituba,12,Educação,366,Educação de Jovens e Adultos,3010,"Manutenção, Desenvolvimento e Promoção da Qualidade da Educação",2829,Manutenção e Operação da Rede Parceira - Alfabetização de Jovens e Adultos,0,Tesouro Municipal,726.993,977.247,982.591,1.025.627
16,Secretaria Municipal de Educação,14,Diretoria Regional de Educação Pirituba,12,Educação,367,Educação Especial,3010,"Manutenção, Desenvolvimento e Promoção da Qualidade da Educação",2827,Manutenção e Operação de Unidades Educacionais - Escola Municipal de Educação Bilíngue para Surdos (EMEBS),0,Tesouro Municipal,359.845,483.250,485.892,507.172
16,Secretaria Municipal de Educação,14,Diretoria Regional de Educação Pirituba,12,Educação,367,Educação Especial,3010,"Manutenção, Desenvolvimento e Promoção da Qualidade da Educação",2861,Ações de Apoio à Educação Especial,0,Tesouro Municipal,40.000,53.769,54.063,56.431
16,Secretaria Municipal de Educação,14,Diretoria Regional de Educação Pirituba,12,Educação,368,Educação Básica,3010,"Manutenção, Desenvolvimento e Promoção da Qualidade da Educação",2831,Ações e Materiais de Apoio Didático-Pedagógico Educacional,0,Tesouro Municipal,660.000,883.780,887.614,925.487
16,Secretaria Municipal de Educação,14,Diretoria Regional de Educação Pirituba,12,Educação,368,Educação Básica,3010,"Manutenção, Desenvolvimento e Promoção da Qualidade da Educação",2839,Transferência de Recursos Financeiros para as Unidades Educacionais - Centro Educacional Unificado (CEU),0,Tesouro Municipal,666.654,726.764,730.738,762.742
16,Secretaria Municipal de Educação,14,Diretoria Regional de Educação Pirituba,12,Educação,368,Educação Básica,3010,"Manutenção, Desenvolvimento e Promoção da Qualidade da Educação",4364,Manutenção e Operação de Centros Educacionais Unificados (CEU),0,Tesouro Municipal,5.825.239,7.824.941,7.867.731,8.212.316
16,Secretaria Municipal de Educação,15,Diretoria Regional de Educação Campo Limpo,12,Educação,122,Administração Geral,3024,Suporte Administrativo,2100,Administração da Unidade,0,Tesouro Municipal,4.941.102,6.634.104,6.667.560,6.956.752
16,Secretaria Municipal de Educação,15,Diretoria Regional de Educação Campo Limpo,12,Educação,122,Administração Geral,3024,Suporte Administrativo,9251,Recuperação da Área Externa - Prédio do Almoxarifado - DRE,0,Tesouro Municipal,300.000,0,0,0
16,Secretaria Municipal de Educação,15,Diretoria Regional de Educação Campo Limpo,12,Educação,128,Formação de Recursos Humanos,3011,"Modernização Tecnológica, Desburocratização e Inovação do Serviço Público",2180,"Capacitação, Formação e Aperfeiçoamento de Servidores",0,Tesouro Municipal,95.020,126.876,127.569,133.154
16,Secretaria Municipal de Educação,15,Diretoria Regional de Educação Campo Limpo,12,Educação,361,Ensino Fundamental,3010,"Manutenção, Desenvolvimento e Promoção da Qualidade da Educação",2826,Manutenção e Operação de Unidades Educacionais - Escola Municipal de Ensino Fundamental (EMEF),0,Tesouro Municipal,14.495.840,19.465.092,19.571.535,20.428.716
16,Secretaria Municipal de Educação,15,Diretoria Regional de Educação Campo Limpo,12,Educação,361,Ensino Fundamental,3010,"Manutenção, Desenvolvimento e Promoção da Qualidade da Educação",2841,Transferência de Recursos Financeiros para as Unidades Educacionais - Ensino Fundamental,0,Tesouro Municipal,7.141.098,7.404.161,7.444.651,7.770.706
16,Secretaria Municipal de Educação,15,Diretoria Regional de Educação Campo Limpo,12,Educação,361,Ensino Fundamental,3010,"Manutenção, Desenvolvimento e Promoção da Qualidade da Educação",9256,Cobertura de Quadra - EMEF Mauro Faccio Zacarias,0,Tesouro Municipal,150.000,0,0,0
16,Secretaria Municipal de Educação,15,Diretoria Regional de Educação Campo Limpo,12,Educação,361,Ensino Fundamental,3010,"Manutenção, Desenvolvimento e Promoção da Qualidade da Educação",9257,Readequação do Parque - EMEF Teresa Margarida,0,Tesouro Municipal,100.000,0,0,0
16,Secretaria Municipal de Educação,15,Diretoria Regional de Educação Campo Limpo,12,Educação,361,Ensino Fundamental,3010,"Manutenção, Desenvolvimento e Promoção da Qualidade da Educação",9258,Recuperação da EMEF Otoniel Mota,0,Tesouro Municipal,150.000,0,0,0
16,Secretaria Municipal de Educação,15,Diretoria Regional de Educação Campo Limpo,12,Educação,361,Ensino Fundamental,3010,"Manutenção, Desenvolvimento e Promoção da Qualidade da Educação",9259,Recuperação da EMEF Villas Boas,0,Tesouro Municipal,150.000,0,0,0
16,Secretaria Municipal de Educação,15,Diretoria Regional de Educação Campo Limpo,12,Educação,361,Ensino Fundamental,3010,"Manutenção, Desenvolvimento e Promoção da Qualidade da Educação",9260,Recuperação EMEF Vera Lúcia Fusco Borba,0,Tesouro Municipal,150.000,0,0,0
16,Secretaria Municipal de Educação,15,Diretoria Regional de Educação Campo Limpo,12,Educação,361,Ensino Fundamental,3010,"Manutenção, Desenvolvimento e Promoção da Qualidade da Educação",9261,EMEF Donato Susumu Hirata - Recuperação caixa d'água,0,Tesouro Municipal,100.000,0,0,0
16,Secretaria Municipal de Educação,15,Diretoria Regional de Educação Campo Limpo,12,Educação,361,Ensino Fundamental,3010,"Manutenção, Desenvolvimento e Promoção da Qualidade da Educação",9424,E1003 - Compra e Instalação de Elevador de Plataforma para Cadeirante na EMEF Dep. João Sussumu Hirata,0,Tesouro Municipal,60.000,0,0,0
16,Secretaria Municipal de Educação,15,Diretoria Regional de Educação Campo Limpo,12,Educação,365,Educação Infantil,3025,Proteção e Desenvolvimento Integral na Primeira Infância,2828,Manutenção e Operação da Rede Parceira - Centro de Educação Infantil (CEI),0,Tesouro Municipal,468.520.432,637.113.106,640.005.803,666.477.455
16,Secretaria Municipal de Educação,15,Diretoria Regional de Educação Campo Limpo,12,Educação,365,Educação Infantil,3025,Proteção e Desenvolvimento Integral na Primeira Infância,2840,Transferência de Recursos Financeiros para as Unidades Educacionais - Educação Infantil,0,Tesouro Municipal,7.503.756,7.183.247,7.222.528,7.538.855
16,Secretaria Municipal de Educação,15,Diretoria Regional de Educação Campo Limpo,12,Educação,365,Educação Infantil,3025,Proteção e Desenvolvimento Integral na Primeira Infância,2876,Manutenção e Operação de Centros Municipais de Educação Infantil(CEMEI),0,Tesouro Municipal,3.163.575,4.244.121,4.267.330,4.454.228
16,Secretaria Municipal de Educação,15,Diretoria Regional de Educação Campo Limpo,12,Educação,365,Educação Infantil,3025,Proteção e Desenvolvimento Integral na Primeira Infância,4360,Manutenção e Operação de Centros de Educação Infantil (CEI),0,Tesouro Municipal,6.200.000,8.298.047,8.343.424,8.708.844
16,Secretaria Municipal de Educação,15,Diretoria Regional de Educação Campo Limpo,12,Educação,365,Educação Infantil,3025,Proteção e Desenvolvimento Integral na Primeira Infância,4362,Manutenção e Operação de Escolas Municipais de Educação Infantil (EMEI),0,Tesouro Municipal,8.733.635,11.702.101,11.766.093,12.281.416
16,Secretaria Municipal de Educação,15,Diretoria Regional de Educação Campo Limpo,12,Educação,365,Educação Infantil,3025,Proteção e Desenvolvimento Integral na Primeira Infância,9252,Recuperação muro divisa da unidade - CEMEI Morumbi,0,Tesouro Municipal,200.000,0,0,0
16,Secretaria Municipal de Educação,15,Diretoria Regional de Educação Campo Limpo,12,Educação,365,Educação Infantil,3025,Proteção e Desenvolvimento Integral na Primeira Infância,9253,CEI São Jorge - Recuperação da caixa d'água,0,Tesouro Municipal,100.000,0,0,0
16,Secretaria Municipal de Educação,15,Diretoria Regional de Educação Campo Limpo,12,Educação,365,Educação Infantil,3025,Proteção e Desenvolvimento Integral na Primeira Infância,9254,Adequação de Berçário - CEI Indiano,0,Tesouro Municipal,450.000,0,0,0
16,Secretaria Municipal de Educação,15,Diretoria Regional de Educação Campo Limpo,12,Educação,365,Educação Infantil,3025,Proteção e Desenvolvimento Integral na Primeira Infância,9255,CEI Nossa Senhora - CIO da Terra - Recuperação do Muro de Divisa da Unidade,0,Tesouro Municipal,100.000,0,0,0
16,Secretaria Municipal de Educação,15,Diretoria Regional de Educação Campo Limpo,12,Educação,365,Educação Infantil,3025,Proteção e Desenvolvimento Integral na Primeira Infância,9262,EMEI Assis Chateaubriand - Recuperação caixa d'água,0,Tesouro Municipal,100.000,0,0,0
16,Secretaria Municipal de Educação,15,Diretoria Regional de Educação Campo Limpo,12,Educação,366,Educação de Jovens e Adultos,3010,"Manutenção, Desenvolvimento e Promoção da Qualidade da Educação",2823,Manutenção e Operação de Unidades Educacionais - Centro Integrado de Jovens e Adultos (CIEJA),0,Tesouro Municipal,425.299,570.153,573.270,598.377
16,Secretaria Municipal de Educação,15,Diretoria Regional de Educação Campo Limpo,12,Educação,366,Educação de Jovens e Adultos,3010,"Manutenção, Desenvolvimento e Promoção da Qualidade da Educação",2829,Manutenção e Operação da Rede Parceira - Alfabetização de Jovens e Adultos,0,Tesouro Municipal,1.646.424,2.213.175,2.225.278,2.322.739
16,Secretaria Municipal de Educação,15,Diretoria Regional de Educação Campo Limpo,12,Educação,367,Educação Especial,3010,"Manutenção, Desenvolvimento e Promoção da Qualidade da Educação",2861,Ações de Apoio à Educação Especial,0,Tesouro Municipal,67.500,87.633,88.112,91.971
16,Secretaria Municipal de Educação,15,Diretoria Regional de Educação Campo Limpo,12,Educação,368,Educação Básica,3010,"Manutenção, Desenvolvimento e Promoção da Qualidade da Educação",2831,Ações e Materiais de Apoio Didático-Pedagógico Educacional,0,Tesouro Municipal,1.173.800,1.568.873,1.575.653,1.642.856
16,Secretaria Municipal de Educação,15,Diretoria Regional de Educação Campo Limpo,12,Educação,368,Educação Básica,3010,"Manutenção, Desenvolvimento e Promoção da Qualidade da Educação",2839,Transferência de Recursos Financeiros para as Unidades Educacionais - Centro Educacional Unificado (CEU),0,Tesouro Municipal,836.037,930.257,935.345,976.310
16,Secretaria Municipal de Educação,15,Diretoria Regional de Educação Campo Limpo,12,Educação,368,Educação Básica,3010,"Manutenção, Desenvolvimento e Promoção da Qualidade da Educação",4364,Manutenção e Operação de Centros Educacionais Unificados (CEU),0,Tesouro Municipal,14.090.000,18.935.576,19.039.124,19.872.986
16,Secretaria Municipal de Educação,16,Diretoria Regional de Educação Capela do Socorro,12,Educação,122,Administração Geral,3024,Suporte Administrativo,2100,Administração da Unidade,0,Tesouro Municipal,2.826.220,3.794.511,3.814.260,3.980.311
16,Secretaria Municipal de Educação,16,Diretoria Regional de Educação Capela do Socorro,12,Educação,128,Formação de Recursos Humanos,3011,"Modernização Tecnológica, Desburocratização e Inovação do Serviço Público",2180,"Capacitação, Formação e Aperfeiçoamento de Servidores",0,Tesouro Municipal,114.000,151.691,152.520,159.200
16,Secretaria Municipal de Educação,16,Diretoria Regional de Educação Capela do Socorro,12,Educação,361,Ensino Fundamental,3010,"Manutenção, Desenvolvimento e Promoção da Qualidade da Educação",2826,Manutenção e Operação de Unidades Educacionais - Escola Municipal de Ensino Fundamental (EMEF),0,Tesouro Municipal,7.088.000,9.523.366,9.575.444,9.994.823
16,Secretaria Municipal de Educação,16,Diretoria Regional de Educação Capela do Socorro,12,Educação,361,Ensino Fundamental,3010,"Manutenção, Desenvolvimento e Promoção da Qualidade da Educação",2841,Transferência de Recursos Financeiros para as Unidades Educacionais - Ensino Fundamental,0,Tesouro Municipal,3.856.413,3.978.138,3.999.893,4.175.077
16,Secretaria Municipal de Educação,16,Diretoria Regional de Educação Capela do Socorro,12,Educação,365,Educação Infantil,3025,Proteção e Desenvolvimento Integral na Primeira Infância,2824,Manutenção e Operação de Unidades Educacionais - Educação Indígena,0,Tesouro Municipal,2.654.787,3.567.607,3.587.115,3.744.222
16,Secretaria Municipal de Educação,16,Diretoria Regional de Educação Capela do Socorro,12,Educação,365,Educação Infantil,3025,Proteção e Desenvolvimento Integral na Primeira Infância,2828,Manutenção e Operação da Rede Parceira - Centro de Educação Infantil (CEI),0,Tesouro Municipal,282.750.264,392.164.636,395.174.783,412.707.553
16,Secretaria Municipal de Educação,16,Diretoria Regional de Educação Capela do Socorro,12,Educação,365,Educação Infantil,3025,Proteção e Desenvolvimento Integral na Primeira Infância,2840,Transferência de Recursos Financeiros para as Unidades Educacionais - Educação Infantil,0,Tesouro Municipal,4.744.061,4.562.404,4.587.354,4.788.268
16,Secretaria Municipal de Educação,16,Diretoria Regional de Educação Capela do Socorro,12,Educação,365,Educação Infantil,3025,Proteção e Desenvolvimento Integral na Primeira Infância,2876,Manutenção e Operação de Centros Municipais de Educação Infantil(CEMEI),0,Tesouro Municipal,784.225,1.050.044,1.055.786,1.102.027
16,Secretaria Municipal de Educação,16,Diretoria Regional de Educação Capela do Socorro,12,Educação,365,Educação Infantil,3025,Proteção e Desenvolvimento Integral na Primeira Infância,4360,Manutenção e Operação de Centros de Educação Infantil (CEI),0,Tesouro Municipal,4.514.000,6.030.948,6.063.928,6.329.511
16,Secretaria Municipal de Educação,16,Diretoria Regional de Educação Capela do Socorro,12,Educação,365,Educação Infantil,3025,Proteção e Desenvolvimento Integral na Primeira Infância,4362,Manutenção e Operação de Escolas Municipais de Educação Infantil (EMEI),0,Tesouro Municipal,9.156.307,12.302.669,12.369.946,12.911.715
16,Secretaria Municipal de Educação,16,Diretoria Regional de Educação Capela do Socorro,12,Educação,366,Educação de Jovens e Adultos,3010,"Manutenção, Desenvolvimento e Promoção da Qualidade da Educação",2823,Manutenção e Operação de Unidades Educacionais - Centro Integrado de Jovens e Adultos (CIEJA),0,Tesouro Municipal,107.160,143.750,144.535,150.866
16,Secretaria Municipal de Educação,16,Diretoria Regional de Educação Capela do Socorro,12,Educação,366,Educação de Jovens e Adultos,3010,"Manutenção, Desenvolvimento e Promoção da Qualidade da Educação",2829,Manutenção e Operação da Rede Parceira - Alfabetização de Jovens e Adultos,0,Tesouro Municipal,748.376,1.005.990,1.011.491,1.055.792
16,Secretaria Municipal de Educação,16,Diretoria Regional de Educação Capela do Socorro,12,Educação,367,Educação Especial,3010,"Manutenção, Desenvolvimento e Promoção da Qualidade da Educação",2861,Ações de Apoio à Educação Especial,0,Tesouro Municipal,145.150,189.880,190.918,199.279
16,Secretaria Municipal de Educação,16,Diretoria Regional de Educação Capela do Socorro,12,Educação,368,Educação Básica,3010,"Manutenção, Desenvolvimento e Promoção da Qualidade da Educação",2831,Ações e Materiais de Apoio Didático-Pedagógico Educacional,0,Tesouro Municipal,495.321,661.506,663.142,690.198
16,Secretaria Municipal de Educação,16,Diretoria Regional de Educação Capela do Socorro,12,Educação,368,Educação Básica,3010,"Manutenção, Desenvolvimento e Promoção da Qualidade da Educação",2839,Transferência de Recursos Financeiros para as Unidades Educacionais - Centro Educacional Unificado (CEU),0,Tesouro Municipal,511.125,566.089,569.185,594.114
16,Secretaria Municipal de Educação,16,Diretoria Regional de Educação Capela do Socorro,12,Educação,368,Educação Básica,3010,"Manutenção, Desenvolvimento e Promoção da Qualidade da Educação",4364,Manutenção e Operação de Centros Educacionais Unificados (CEU),0,Tesouro Municipal,6.970.496,9.367.813,9.419.040,9.831.569
16,Secretaria Municipal de Educação,17,Diretoria Regional de Educação Penha,12,Educação,122,Administração Geral,3024,Suporte Administrativo,2100,Administração da Unidade,0,Tesouro Municipal,3.166.634,4.244.810,4.264.630,4.448.003
16,Secretaria Municipal de Educação,17,Diretoria Regional de Educação Penha,12,Educação,128,Formação de Recursos Humanos,3011,"Modernização Tecnológica, Desburocratização e Inovação do Serviço Público",2180,"Capacitação, Formação e Aperfeiçoamento de Servidores",0,Tesouro Municipal,163.462,218.576,219.772,229.397
16,Secretaria Municipal de Educação,17,Diretoria Regional de Educação Penha,12,Educação,361,Ensino Fundamental,3010,"Manutenção, Desenvolvimento e Promoção da Qualidade da Educação",2826,Manutenção e Operação de Unidades Educacionais - Escola Municipal de Ensino Fundamental (EMEF),0,Tesouro Municipal,7.849.760,10.539.774,10.597.410,11.061.548
16,Secretaria Municipal de Educação,17,Diretoria Regional de Educação Penha,12,Educação,361,Ensino Fundamental,3010,"Manutenção, Desenvolvimento e Promoção da Qualidade da Educação",2841,Transferência de Recursos Financeiros para as Unidades Educacionais - Ensino Fundamental,0,Tesouro Municipal,3.684.467,3.716.085,3.736.406,3.900.051
16,Secretaria Municipal de Educação,17,Diretoria Regional de Educação Penha,12,Educação,365,Educação Infantil,3025,Proteção e Desenvolvimento Integral na Primeira Infância,2828,Manutenção e Operação da Rede Parceira - Centro de Educação Infantil (CEI),0,Tesouro Municipal,228.116.244,301.284.499,294.487.092,303.607.281
16,Secretaria Municipal de Educação,17,Diretoria Regional de Educação Penha,12,Educação,365,Educação Infantil,3025,Proteção e Desenvolvimento Integral na Primeira Infância,2840,Transferência de Recursos Financeiros para as Unidades Educacionais - Educação Infantil,0,Tesouro Municipal,4.855.798,4.519.036,4.543.748,4.742.753
16,Secretaria Municipal de Educação,17,Diretoria Regional de Educação Penha,12,Educação,365,Educação Infantil,3025,Proteção e Desenvolvimento Integral na Primeira Infância,2876,Manutenção e Operação de Centros Municipais de Educação Infantil(CEMEI),0,Tesouro Municipal,266.760,355.831,357.777,373.446
16,Secretaria Municipal de Educação,17,Diretoria Regional de Educação Penha,12,Educação,365,Educação Infantil,3025,Proteção e Desenvolvimento Integral na Primeira Infância,4360,Manutenção e Operação de Centros de Educação Infantil (CEI),0,Tesouro Municipal,4.622.100,6.181.011,6.214.811,6.487.003
16,Secretaria Municipal de Educação,17,Diretoria Regional de Educação Penha,12,Educação,365,Educação Infantil,3025,Proteção e Desenvolvimento Integral na Primeira Infância,4362,Manutenção e Operação de Escolas Municipais de Educação Infantil (EMEI),0,Tesouro Municipal,6.190.770,8.301.456,8.346.851,8.712.421
16,Secretaria Municipal de Educação,17,Diretoria Regional de Educação Penha,12,Educação,366,Educação de Jovens e Adultos,3010,"Manutenção, Desenvolvimento e Promoção da Qualidade da Educação",2823,Manutenção e Operação de Unidades Educacionais - Centro Integrado de Jovens e Adultos (CIEJA),0,Tesouro Municipal,419.320,560.907,563.975,588.676
16,Secretaria Municipal de Educação,17,Diretoria Regional de Educação Penha,12,Educação,366,Educação de Jovens e Adultos,3010,"Manutenção, Desenvolvimento e Promoção da Qualidade da Educação",2829,Manutenção e Operação da Rede Parceira - Alfabetização de Jovens e Adultos,0,Tesouro Municipal,598.706,804.799,809.200,844.640
16,Secretaria Municipal de Educação,17,Diretoria Regional de Educação Penha,12,Educação,367,Educação Especial,3010,"Manutenção, Desenvolvimento e Promoção da Qualidade da Educação",2827,Manutenção e Operação de Unidades Educacionais - Escola Municipal de Educação Bilíngue para Surdos (EMEBS),0,Tesouro Municipal,456.200,610.793,614.132,641.031
16,Secretaria Municipal de Educação,17,Diretoria Regional de Educação Penha,12,Educação,367,Educação Especial,3010,"Manutenção, Desenvolvimento e Promoção da Qualidade da Educação",2861,Ações de Apoio à Educação Especial,0,Tesouro Municipal,10.000,13.442,13.515,14.108
16,Secretaria Municipal de Educação,17,Diretoria Regional de Educação Penha,12,Educação,368,Educação Básica,3010,"Manutenção, Desenvolvimento e Promoção da Qualidade da Educação",2831,Ações e Materiais de Apoio Didático-Pedagógico Educacional,0,Tesouro Municipal,296.321,393.385,394.037,409.789
16,Secretaria Municipal de Educação,17,Diretoria Regional de Educação Penha,12,Educação,368,Educação Básica,3010,"Manutenção, Desenvolvimento e Promoção da Qualidade da Educação",2839,Transferência de Recursos Financeiros para as Unidades Educacionais - Centro Educacional Unificado (CEU),0,Tesouro Municipal,363.048,391.236,393.376,410.605
16,Secretaria Municipal de Educação,17,Diretoria Regional de Educação Penha,12,Educação,368,Educação Básica,3010,"Manutenção, Desenvolvimento e Promoção da Qualidade da Educação",4364,Manutenção e Operação de Centros Educacionais Unificados (CEU),0,Tesouro Municipal,5.624.000,7.548.379,7.589.657,7.922.064
16,Secretaria Municipal de Educação,18,Diretoria Regional de Educação Santo Amaro,12,Educação,122,Administração Geral,3024,Suporte Administrativo,2100,Administração da Unidade,0,Tesouro Municipal,2.325.037,3.121.769,3.137.841,3.274.266
16,Secretaria Municipal de Educação,18,Diretoria Regional de Educação Santo Amaro,12,Educação,128,Formação de Recursos Humanos,3011,"Modernização Tecnológica, Desburocratização e Inovação do Serviço Público",2180,"Capacitação, Formação e Aperfeiçoamento de Servidores",0,Tesouro Municipal,234.000,312.482,314.190,327.950
16,Secretaria Municipal de Educação,18,Diretoria Regional de Educação Santo Amaro,12,Educação,361,Ensino Fundamental,3010,"Manutenção, Desenvolvimento e Promoção da Qualidade da Educação",2826,Manutenção e Operação de Unidades Educacionais - Escola Municipal de Ensino Fundamental (EMEF),0,Tesouro Municipal,6.840.774,9.178.844,9.229.037,9.633.244
16,Secretaria Municipal de Educação,18,Diretoria Regional de Educação Santo Amaro,12,Educação,361,Ensino Fundamental,3010,"Manutenção, Desenvolvimento e Promoção da Qualidade da Educação",2841,Transferência de Recursos Financeiros para as Unidades Educacionais - Ensino Fundamental,0,Tesouro Municipal,3.530.163,3.731.785,3.752.193,3.916.528
16,Secretaria Municipal de Educação,18,Diretoria Regional de Educação Santo Amaro,12,Educação,362,Ensino Médio,3010,"Manutenção, Desenvolvimento e Promoção da Qualidade da Educação",2883,Manutenção e Operação de Unidades Educacionais - Escola Municipal de Educação Fundamental e Médio (EMEFM),0,Tesouro Municipal,370.000,496.331,499.045,520.902
16,Secretaria Municipal de Educação,18,Diretoria Regional de Educação Santo Amaro,12,Educação,365,Educação Infantil,3025,Proteção e Desenvolvimento Integral na Primeira Infância,2828,Manutenção e Operação da Rede Parceira - Centro de Educação Infantil (CEI),0,Tesouro Municipal,252.767.028,346.807.785,341.735.463,362.322.764
16,Secretaria Municipal de Educação,18,Diretoria Regional de Educação Santo Amaro,12,Educação,365,Educação Infantil,3025,Proteção e Desenvolvimento Integral na Primeira Infância,2840,Transferência de Recursos Financeiros para as Unidades Educacionais - Educação Infantil,0,Tesouro Municipal,3.173.164,3.055.660,3.072.370,3.206.931
16,Secretaria Municipal de Educação,18,Diretoria Regional de Educação Santo Amaro,12,Educação,365,Educação Infantil,3025,Proteção e Desenvolvimento Integral na Primeira Infância,2876,Manutenção e Operação de Centros Municipais de Educação Infantil(CEMEI),0,Tesouro Municipal,10.000,13.442,13.515,14.108
16,Secretaria Municipal de Educação,18,Diretoria Regional de Educação Santo Amaro,12,Educação,365,Educação Infantil,3025,Proteção e Desenvolvimento Integral na Primeira Infância,4360,Manutenção e Operação de Centros de Educação Infantil (CEI),0,Tesouro Municipal,2.695.900,3.603.446,3.623.151,3.781.835
16,Secretaria Municipal de Educação,18,Diretoria Regional de Educação Santo Amaro,12,Educação,365,Educação Infantil,3025,Proteção e Desenvolvimento Integral na Primeira Infância,4362,Manutenção e Operação de Escolas Municipais de Educação Infantil (EMEI),0,Tesouro Municipal,9.176.719,12.326.409,12.393.816,12.936.631
16,Secretaria Municipal de Educação,18,Diretoria Regional de Educação Santo Amaro,12,Educação,366,Educação de Jovens e Adultos,3010,"Manutenção, Desenvolvimento e Promoção da Qualidade da Educação",2823,Manutenção e Operação de Unidades Educacionais - Centro Integrado de Jovens e Adultos (CIEJA),0,Tesouro Municipal,76.840,102.243,102.802,107.304
16,Secretaria Municipal de Educação,18,Diretoria Regional de Educação Santo Amaro,12,Educação,366,Educação de Jovens e Adultos,3010,"Manutenção, Desenvolvimento e Promoção da Qualidade da Educação",2829,Manutenção e Operação da Rede Parceira - Alfabetização de Jovens e Adultos,0,Tesouro Municipal,855.289,1.149.707,1.155.994,1.206.623
16,Secretaria Municipal de Educação,18,Diretoria Regional de Educação Santo Amaro,12,Educação,367,Educação Especial,3010,"Manutenção, Desenvolvimento e Promoção da Qualidade da Educação",2827,Manutenção e Operação de Unidades Educacionais - Escola Municipal de Educação Bilíngue para Surdos (EMEBS),0,Tesouro Municipal,684.989,918.379,923.401,963.843
16,Secretaria Municipal de Educação,18,Diretoria Regional de Educação Santo Amaro,12,Educação,367,Educação Especial,3010,"Manutenção, Desenvolvimento e Promoção da Qualidade da Educação",2861,Ações de Apoio à Educação Especial,0,Tesouro Municipal,10.000,13.442,13.515,14.108
16,Secretaria Municipal de Educação,18,Diretoria Regional de Educação Santo Amaro,12,Educação,368,Educação Básica,3010,"Manutenção, Desenvolvimento e Promoção da Qualidade da Educação",2831,Ações e Materiais de Apoio Didático-Pedagógico Educacional,0,Tesouro Municipal,984.000,1.318.381,1.325.590,1.383.648
16,Secretaria Municipal de Educação,18,Diretoria Regional de Educação Santo Amaro,12,Educação,368,Educação Básica,3010,"Manutenção, Desenvolvimento e Promoção da Qualidade da Educação",2839,Transferência de Recursos Financeiros para as Unidades Educacionais - Centro Educacional Unificado (CEU),0,Tesouro Municipal,200.247,220.786,221.993,231.716
16,Secretaria Municipal de Educação,18,Diretoria Regional de Educação Santo Amaro,12,Educação,368,Educação Básica,3010,"Manutenção, Desenvolvimento e Promoção da Qualidade da Educação",4364,Manutenção e Operação de Centros Educacionais Unificados (CEU),0,Tesouro Municipal,2.532.180,3.396.308,3.414.881,3.564.443
16,Secretaria Municipal de Educação,19,Diretoria Regional de Educação Itaquera,12,Educação,122,Administração Geral,3011,"Modernização Tecnológica, Desburocratização e Inovação do Serviço Público",9503,Mudança da Diretoria Regional de Educação Itaquera,0,Tesouro Municipal,0,1.000,1.000,1.000
16,Secretaria Municipal de Educação,19,Diretoria Regional de Educação Itaquera,12,Educação,122,Administração Geral,3024,Suporte Administrativo,2100,Administração da Unidade,0,Tesouro Municipal,2.896.189,3.885.065,3.905.312,4.075.350
16,Secretaria Municipal de Educação,19,Diretoria Regional de Educação Itaquera,12,Educação,128,Formação de Recursos Humanos,3011,"Modernização Tecnológica, Desburocratização e Inovação do Serviço Público",2180,"Capacitação, Formação e Aperfeiçoamento de Servidores",0,Tesouro Municipal,93.163,124.686,125.368,130.859
16,Secretaria Municipal de Educação,19,Diretoria Regional de Educação Itaquera,12,Educação,361,Ensino Fundamental,3010,"Manutenção, Desenvolvimento e Promoção da Qualidade da Educação",2826,Manutenção e Operação de Unidades Educacionais - Escola Municipal de Ensino Fundamental (EMEF),0,Tesouro Municipal,4.105.667,5.513.013,5.543.160,5.785.936
16,Secretaria Municipal de Educação,19,Diretoria Regional de Educação Itaquera,12,Educação,361,Ensino Fundamental,3010,"Manutenção, Desenvolvimento e Promoção da Qualidade da Educação",2841,Transferência de Recursos Financeiros para as Unidades Educacionais - Ensino Fundamental,0,Tesouro Municipal,2.939.088,2.992.379,3.008.742,3.140.516
16,Secretaria Municipal de Educação,19,Diretoria Regional de Educação Itaquera,12,Educação,365,Educação Infantil,3025,Proteção e Desenvolvimento Integral na Primeira Infância,2828,Manutenção e Operação da Rede Parceira - Centro de Educação Infantil (CEI),0,Tesouro Municipal,243.968.641,321.802.477,314.352.223,323.574.611
16,Secretaria Municipal de Educação,19,Diretoria Regional de Educação Itaquera,12,Educação,365,Educação Infantil,3025,Proteção e Desenvolvimento Integral na Primeira Infância,2840,Transferência de Recursos Financeiros para as Unidades Educacionais - Educação Infantil,0,Tesouro Municipal,4.272.134,4.024.810,4.046.819,4.224.059
16,Secretaria Municipal de Educação,19,Diretoria Regional de Educação Itaquera,12,Educação,365,Educação Infantil,3025,Proteção e Desenvolvimento Integral na Primeira Infância,2876,Manutenção e Operação de Centros Municipais de Educação Infantil(CEMEI),0,Tesouro Municipal,251.481,336.565,338.406,353.227
16,Secretaria Municipal de Educação,19,Diretoria Regional de Educação Itaquera,12,Educação,365,Educação Infantil,3025,Proteção e Desenvolvimento Integral na Primeira Infância,4360,Manutenção e Operação de Centros de Educação Infantil (CEI),0,Tesouro Municipal,2.623.510,3.519.160,3.538.405,3.693.378
16,Secretaria Municipal de Educação,19,Diretoria Regional de Educação Itaquera,12,Educação,365,Educação Infantil,3025,Proteção e Desenvolvimento Integral na Primeira Infância,4362,Manutenção e Operação de Escolas Municipais de Educação Infantil (EMEI),0,Tesouro Municipal,5.018.736,6.739.923,6.776.781,7.073.585
16,Secretaria Municipal de Educação,19,Diretoria Regional de Educação Itaquera,12,Educação,366,Educação de Jovens e Adultos,3010,"Manutenção, Desenvolvimento e Promoção da Qualidade da Educação",2823,Manutenção e Operação de Unidades Educacionais - Centro Integrado de Jovens e Adultos (CIEJA),0,Tesouro Municipal,188.160,250.957,252.329,263.380
16,Secretaria Municipal de Educação,19,Diretoria Regional de Educação Itaquera,12,Educação,366,Educação de Jovens e Adultos,3010,"Manutenção, Desenvolvimento e Promoção da Qualidade da Educação",2829,Manutenção e Operação da Rede Parceira - Alfabetização de Jovens e Adultos,0,Tesouro Municipal,791.144,1.063.481,1.069.297,1.116.129
16,Secretaria Municipal de Educação,19,Diretoria Regional de Educação Itaquera,12,Educação,367,Educação Especial,3010,"Manutenção, Desenvolvimento e Promoção da Qualidade da Educação",2861,Ações de Apoio à Educação Especial,0,Tesouro Municipal,381.282,512.532,515.335,537.906
16,Secretaria Municipal de Educação,19,Diretoria Regional de Educação Itaquera,12,Educação,368,Educação Básica,3010,"Manutenção, Desenvolvimento e Promoção da Qualidade da Educação",2831,Ações e Materiais de Apoio Didático-Pedagógico Educacional,0,Tesouro Municipal,408.000,541.622,539.785,558.611
16,Secretaria Municipal de Educação,19,Diretoria Regional de Educação Itaquera,12,Educação,368,Educação Básica,3010,"Manutenção, Desenvolvimento e Promoção da Qualidade da Educação",2839,Transferência de Recursos Financeiros para as Unidades Educacionais - Centro Educacional Unificado (CEU),0,Tesouro Municipal,459.948,497.296,500.015,521.914
16,Secretaria Municipal de Educação,19,Diretoria Regional de Educação Itaquera,12,Educação,368,Educação Básica,3010,"Manutenção, Desenvolvimento e Promoção da Qualidade da Educação",4364,Manutenção e Operação de Centros Educacionais Unificados (CEU),0,Tesouro Municipal,3.592.442,4.816.915,4.843.256,5.055.377
16,Secretaria Municipal de Educação,20,Diretoria Regional de Educação São Miguel,12,Educação,122,Administração Geral,3024,Suporte Administrativo,2100,Administração da Unidade,0,Tesouro Municipal,3.471.149,4.657.757,4.680.729,4.883.224
16,Secretaria Municipal de Educação,20,Diretoria Regional de Educação São Miguel,12,Educação,128,Formação de Recursos Humanos,3011,"Modernização Tecnológica, Desburocratização e Inovação do Serviço Público",2180,"Capacitação, Formação e Aperfeiçoamento de Servidores",0,Tesouro Municipal,172.826,229.207,230.460,240.554
16,Secretaria Municipal de Educação,20,Diretoria Regional de Educação São Miguel,12,Educação,361,Ensino Fundamental,3010,"Manutenção, Desenvolvimento e Promoção da Qualidade da Educação",2826,Manutenção e Operação de Unidades Educacionais - Escola Municipal de Ensino Fundamental (EMEF),0,Tesouro Municipal,9.712.531,13.019.056,13.090.249,13.663.567
16,Secretaria Municipal de Educação,20,Diretoria Regional de Educação São Miguel,12,Educação,361,Ensino Fundamental,3010,"Manutenção, Desenvolvimento e Promoção da Qualidade da Educação",2841,Transferência de Recursos Financeiros para as Unidades Educacionais - Ensino Fundamental,0,Tesouro Municipal,5.196.473,5.377.564,5.406.971,5.643.781
16,Secretaria Municipal de Educação,20,Diretoria Regional de Educação São Miguel,12,Educação,362,Ensino Médio,3010,"Manutenção, Desenvolvimento e Promoção da Qualidade da Educação",2883,Manutenção e Operação de Unidades Educacionais - Escola Municipal de Educação Fundamental e Médio (EMEFM),0,Tesouro Municipal,344.136,461.472,463.995,484.316
16,Secretaria Municipal de Educação,20,Diretoria Regional de Educação São Miguel,12,Educação,363,Ensino Profissional,3010,"Manutenção, Desenvolvimento e Promoção da Qualidade da Educação",2882,Manutenção e Operação de Unidades Educacionais - Centro Municipal de Capacitação e Treinamento (CMCT),0,Tesouro Municipal,450.000,602.319,605.613,632.137
16,Secretaria Municipal de Educação,20,Diretoria Regional de Educação São Miguel,12,Educação,365,Educação Infantil,3025,Proteção e Desenvolvimento Integral na Primeira Infância,2828,Manutenção e Operação da Rede Parceira - Centro de Educação Infantil (CEI),0,Tesouro Municipal,274.607.741,360.085.604,349.734.617,360.667.556
16,Secretaria Municipal de Educação,20,Diretoria Regional de Educação São Miguel,12,Educação,365,Educação Infantil,3025,Proteção e Desenvolvimento Integral na Primeira Infância,2840,Transferência de Recursos Financeiros para as Unidades Educacionais - Educação Infantil,0,Tesouro Municipal,5.097.798,4.820.144,4.846.502,5.058.766
16,Secretaria Municipal de Educação,20,Diretoria Regional de Educação São Miguel,12,Educação,365,Educação Infantil,3025,Proteção e Desenvolvimento Integral na Primeira Infância,2876,Manutenção e Operação de Centros Municipais de Educação Infantil(CEMEI),0,Tesouro Municipal,494.253,648.624,648.922,674.082
16,Secretaria Municipal de Educação,20,Diretoria Regional de Educação São Miguel,12,Educação,365,Educação Infantil,3025,Proteção e Desenvolvimento Integral na Primeira Infância,4360,Manutenção e Operação de Centros de Educação Infantil (CEI),0,Tesouro Municipal,7.000.000,9.306.221,9.357.112,9.766.928
16,Secretaria Municipal de Educação,20,Diretoria Regional de Educação São Miguel,12,Educação,365,Educação Infantil,3025,Proteção e Desenvolvimento Integral na Primeira Infância,4362,Manutenção e Operação de Escolas Municipais de Educação Infantil (EMEI),0,Tesouro Municipal,6.362.112,8.513.502,8.560.056,8.934.964
16,Secretaria Municipal de Educação,20,Diretoria Regional de Educação São Miguel,12,Educação,366,Educação de Jovens e Adultos,3010,"Manutenção, Desenvolvimento e Promoção da Qualidade da Educação",2829,Manutenção e Operação da Rede Parceira - Alfabetização de Jovens e Adultos,0,Tesouro Municipal,1.453.993,1.954.504,1.965.192,2.051.262
16,Secretaria Municipal de Educação,20,Diretoria Regional de Educação São Miguel,12,Educação,367,Educação Especial,3010,"Manutenção, Desenvolvimento e Promoção da Qualidade da Educação",2861,Ações de Apoio à Educação Especial,0,Tesouro Municipal,1.314.552,1.756.722,1.766.329,1.843.690
16,Secretaria Municipal de Educação,20,Diretoria Regional de Educação São Miguel,12,Educação,368,Educação Básica,3010,"Manutenção, Desenvolvimento e Promoção da Qualidade da Educação",2831,Ações e Materiais de Apoio Didático-Pedagógico Educacional,0,Tesouro Municipal,1.208.130,1.613.246,1.615.740,1.680.154
16,Secretaria Municipal de Educação,20,Diretoria Regional de Educação São Miguel,12,Educação,368,Educação Básica,3010,"Manutenção, Desenvolvimento e Promoção da Qualidade da Educação",2839,Transferência de Recursos Financeiros para as Unidades Educacionais - Centro Educacional Unificado (CEU),0,Tesouro Municipal,475.275,517.898,520.730,543.537
16,Secretaria Municipal de Educação,20,Diretoria Regional de Educação São Miguel,12,Educação,368,Educação Básica,3010,"Manutenção, Desenvolvimento e Promoção da Qualidade da Educação",4364,Manutenção e Operação de Centros Educacionais Unificados (CEU),0,Tesouro Municipal,6.306.528,8.461.588,8.507.860,8.880.482
16,Secretaria Municipal de Educação,21,Diretoria Regional de Educação Guaianases,12,Educação,122,Administração Geral,3024,Suporte Administrativo,2100,Administração da Unidade,0,Tesouro Municipal,2.679.326,3.596.419,3.615.085,3.772.415
16,Secretaria Municipal de Educação,21,Diretoria Regional de Educação Guaianases,12,Educação,128,Formação de Recursos Humanos,3011,"Modernização Tecnológica, Desburocratização e Inovação do Serviço Público",2180,"Capacitação, Formação e Aperfeiçoamento de Servidores",0,Tesouro Municipal,37.200,49.385,49.655,51.831
16,Secretaria Municipal de Educação,21,Diretoria Regional de Educação Guaianases,12,Educação,361,Ensino Fundamental,3010,"Manutenção, Desenvolvimento e Promoção da Qualidade da Educação",2826,Manutenção e Operação de Unidades Educacionais - Escola Municipal de Ensino Fundamental (EMEF),0,Tesouro Municipal,7.056.110,9.482.464,9.534.318,9.951.895
16,Secretaria Municipal de Educação,21,Diretoria Regional de Educação Guaianases,12,Educação,361,Ensino Fundamental,3010,"Manutenção, Desenvolvimento e Promoção da Qualidade da Educação",2841,Transferência de Recursos Financeiros para as Unidades Educacionais - Ensino Fundamental,0,Tesouro Municipal,3.776.974,3.933.187,3.954.696,4.127.901
16,Secretaria Municipal de Educação,21,Diretoria Regional de Educação Guaianases,12,Educação,362,Ensino Médio,3010,"Manutenção, Desenvolvimento e Promoção da Qualidade da Educação",2883,Manutenção e Operação de Unidades Educacionais - Escola Municipal de Educação Fundamental e Médio (EMEFM),0,Tesouro Municipal,452.088,607.608,610.931,637.688
16,Secretaria Municipal de Educação,21,Diretoria Regional de Educação Guaianases,12,Educação,365,Educação Infantil,3025,Proteção e Desenvolvimento Integral na Primeira Infância,2828,Manutenção e Operação da Rede Parceira - Centro de Educação Infantil (CEI),0,Tesouro Municipal,274.308.191,354.734.220,346.174.484,350.669.357
16,Secretaria Municipal de Educação,21,Diretoria Regional de Educação Guaianases,12,Educação,365,Educação Infantil,3025,Proteção e Desenvolvimento Integral na Primeira Infância,2840,Transferência de Recursos Financeiros para as Unidades Educacionais - Educação Infantil,0,Tesouro Municipal,3.892.167,3.635.028,3.654.905,3.814.980
16,Secretaria Municipal de Educação,21,Diretoria Regional de Educação Guaianases,12,Educação,365,Educação Infantil,3025,Proteção e Desenvolvimento Integral na Primeira Infância,2876,Manutenção e Operação de Centros Municipais de Educação Infantil(CEMEI),0,Tesouro Municipal,193.888,257.322,258.728,270.059
16,Secretaria Municipal de Educação,21,Diretoria Regional de Educação Guaianases,12,Educação,365,Educação Infantil,3025,Proteção e Desenvolvimento Integral na Primeira Infância,4360,Manutenção e Operação de Centros de Educação Infantil (CEI),0,Tesouro Municipal,3.776.995,5.062.681,5.090.366,5.313.310
16,Secretaria Municipal de Educação,21,Diretoria Regional de Educação Guaianases,12,Educação,365,Educação Infantil,3025,Proteção e Desenvolvimento Integral na Primeira Infância,4362,Manutenção e Operação de Escolas Municipais de Educação Infantil (EMEI),0,Tesouro Municipal,4.737.729,6.365.297,6.400.106,6.680.413
16,Secretaria Municipal de Educação,21,Diretoria Regional de Educação Guaianases,12,Educação,366,Educação de Jovens e Adultos,3010,"Manutenção, Desenvolvimento e Promoção da Qualidade da Educação",2823,Manutenção e Operação de Unidades Educacionais - Centro Integrado de Jovens e Adultos (CIEJA),0,Tesouro Municipal,354.622,476.565,479.170,500.156
16,Secretaria Municipal de Educação,21,Diretoria Regional de Educação Guaianases,12,Educação,366,Educação de Jovens e Adultos,3010,"Manutenção, Desenvolvimento e Promoção da Qualidade da Educação",2829,Manutenção e Operação da Rede Parceira - Alfabetização de Jovens e Adultos,0,Tesouro Municipal,705.611,948.504,953.690,995.460
16,Secretaria Municipal de Educação,21,Diretoria Regional de Educação Guaianases,12,Educação,367,Educação Especial,3010,"Manutenção, Desenvolvimento e Promoção da Qualidade da Educação",2861,Ações de Apoio à Educação Especial,0,Tesouro Municipal,311.261,417.992,420.279,438.686
16,Secretaria Municipal de Educação,21,Diretoria Regional de Educação Guaianases,12,Educação,368,Educação Básica,3010,"Manutenção, Desenvolvimento e Promoção da Qualidade da Educação",2831,Ações e Materiais de Apoio Didático-Pedagógico Educacional,0,Tesouro Municipal,80.000,104.669,104.641,108.623
16,Secretaria Municipal de Educação,21,Diretoria Regional de Educação Guaianases,12,Educação,368,Educação Básica,3010,"Manutenção, Desenvolvimento e Promoção da Qualidade da Educação",2839,Transferência de Recursos Financeiros para as Unidades Educacionais - Centro Educacional Unificado (CEU),0,Tesouro Municipal,489.447,536.949,539.885,563.531
16,Secretaria Municipal de Educação,21,Diretoria Regional de Educação Guaianases,12,Educação,368,Educação Básica,3010,"Manutenção, Desenvolvimento e Promoção da Qualidade da Educação",4364,Manutenção e Operação de Centros Educacionais Unificados (CEU),0,Tesouro Municipal,5.728.392,7.696.772,7.738.861,8.077.802
16,Secretaria Municipal de Educação,22,Diretoria Regional de Educação Butantã,12,Educação,122,Administração Geral,3024,Suporte Administrativo,2100,Administração da Unidade,0,Tesouro Municipal,2.765.007,3.713.669,3.732.979,3.895.469
16,Secretaria Municipal de Educação,22,Diretoria Regional de Educação Butantã,12,Educação,128,Formação de Recursos Humanos,3011,"Modernização Tecnológica, Desburocratização e Inovação do Serviço Público",2180,"Capacitação, Formação e Aperfeiçoamento de Servidores",0,Tesouro Municipal,76.035,101.587,102.142,106.615
16,Secretaria Municipal de Educação,22,Diretoria Regional de Educação Butantã,12,Educação,361,Ensino Fundamental,3010,"Manutenção, Desenvolvimento e Promoção da Qualidade da Educação",2826,Manutenção e Operação de Unidades Educacionais - Escola Municipal de Ensino Fundamental (EMEF),0,Tesouro Municipal,5.137.550,6.898.298,6.936.021,7.239.800
16,Secretaria Municipal de Educação,22,Diretoria Regional de Educação Butantã,12,Educação,361,Ensino Fundamental,3010,"Manutenção, Desenvolvimento e Promoção da Qualidade da Educação",2841,Transferência de Recursos Financeiros para as Unidades Educacionais - Ensino Fundamental,0,Tesouro Municipal,3.169.052,3.208.751,3.226.298,3.367.600
16,Secretaria Municipal de Educação,22,Diretoria Regional de Educação Butantã,12,Educação,365,Educação Infantil,3025,Proteção e Desenvolvimento Integral na Primeira Infância,2828,Manutenção e Operação da Rede Parceira - Centro de Educação Infantil (CEI),0,Tesouro Municipal,148.359.716,199.123.599,195.718.283,202.868.854
16,Secretaria Municipal de Educação,22,Diretoria Regional de Educação Butantã,12,Educação,365,Educação Infantil,3025,Proteção e Desenvolvimento Integral na Primeira Infância,2840,Transferência de Recursos Financeiros para as Unidades Educacionais - Educação Infantil,0,Tesouro Municipal,2.869.832,2.672.107,2.686.719,2.804.391
16,Secretaria Municipal de Educação,22,Diretoria Regional de Educação Butantã,12,Educação,365,Educação Infantil,3025,Proteção e Desenvolvimento Integral na Primeira Infância,2876,Manutenção e Operação de Centros Municipais de Educação Infantil(CEMEI),0,Tesouro Municipal,329.005,441.467,443.881,463.321
16,Secretaria Municipal de Educação,22,Diretoria Regional de Educação Butantã,12,Educação,365,Educação Infantil,3025,Proteção e Desenvolvimento Integral na Primeira Infância,4360,Manutenção e Operação de Centros de Educação Infantil (CEI),0,Tesouro Municipal,3.224.018,4.317.567,4.341.177,4.531.310
16,Secretaria Municipal de Educação,22,Diretoria Regional de Educação Butantã,12,Educação,365,Educação Infantil,3025,Proteção e Desenvolvimento Integral na Primeira Infância,4362,Manutenção e Operação de Escolas Municipais de Educação Infantil (EMEI),0,Tesouro Municipal,3.319.960,4.451.680,4.476.023,4.672.061
16,Secretaria Municipal de Educação,22,Diretoria Regional de Educação Butantã,12,Educação,366,Educação de Jovens e Adultos,3010,"Manutenção, Desenvolvimento e Promoção da Qualidade da Educação",2823,Manutenção e Operação de Unidades Educacionais - Centro Integrado de Jovens e Adultos (CIEJA),0,Tesouro Municipal,200.486,268.956,270.426,282.270
16,Secretaria Municipal de Educação,22,Diretoria Regional de Educação Butantã,12,Educação,366,Educação de Jovens e Adultos,3010,"Manutenção, Desenvolvimento e Promoção da Qualidade da Educação",2829,Manutenção e Operação da Rede Parceira - Alfabetização de Jovens e Adultos,0,Tesouro Municipal,235.443,316.490,318.220,332.157
16,Secretaria Municipal de Educação,22,Diretoria Regional de Educação Butantã,12,Educação,367,Educação Especial,3010,"Manutenção, Desenvolvimento e Promoção da Qualidade da Educação",2861,Ações de Apoio à Educação Especial,0,Tesouro Municipal,10.000,13.442,13.515,14.108
16,Secretaria Municipal de Educação,22,Diretoria Regional de Educação Butantã,12,Educação,368,Educação Básica,3010,"Manutenção, Desenvolvimento e Promoção da Qualidade da Educação",2831,Ações e Materiais de Apoio Didático-Pedagógico Educacional,0,Tesouro Municipal,691.880,921.129,923.167,960.589
16,Secretaria Municipal de Educação,22,Diretoria Regional de Educação Butantã,12,Educação,368,Educação Básica,3010,"Manutenção, Desenvolvimento e Promoção da Qualidade da Educação",2839,Transferência de Recursos Financeiros para as Unidades Educacionais - Centro Educacional Unificado (CEU),0,Tesouro Municipal,192.030,209.740,210.887,220.123
16,Secretaria Municipal de Educação,22,Diretoria Regional de Educação Butantã,12,Educação,368,Educação Básica,3010,"Manutenção, Desenvolvimento e Promoção da Qualidade da Educação",4364,Manutenção e Operação de Centros Educacionais Unificados (CEU),0,Tesouro Municipal,1.906.978,2.561.735,2.575.743,2.688.554
16,Secretaria Municipal de Educação,23,Diretoria Regional de Educação São Mateus,12,Educação,122,Administração Geral,3024,Suporte Administrativo,2100,Administração da Unidade,0,Tesouro Municipal,2.603.884,3.496.087,3.514.205,3.667.113
16,Secretaria Municipal de Educação,23,Diretoria Regional de Educação São Mateus,12,Educação,128,Formação de Recursos Humanos,3011,"Modernização Tecnológica, Desburocratização e Inovação do Serviço Público",2180,"Capacitação, Formação e Aperfeiçoamento de Servidores",0,Tesouro Municipal,36.800,48.950,49.218,51.374
16,Secretaria Municipal de Educação,23,Diretoria Regional de Educação São Mateus,12,Educação,361,Ensino Fundamental,3010,"Manutenção, Desenvolvimento e Promoção da Qualidade da Educação",2826,Manutenção e Operação de Unidades Educacionais - Escola Municipal de Ensino Fundamental (EMEF),0,Tesouro Municipal,9.030.000,12.136.864,12.203.233,12.737.702
16,Secretaria Municipal de Educação,23,Diretoria Regional de Educação São Mateus,12,Educação,361,Ensino Fundamental,3010,"Manutenção, Desenvolvimento e Promoção da Qualidade da Educação",2841,Transferência de Recursos Financeiros para as Unidades Educacionais - Ensino Fundamental,0,Tesouro Municipal,5.242.154,5.346.217,5.375.453,5.610.884
16,Secretaria Municipal de Educação,23,Diretoria Regional de Educação São Mateus,12,Educação,362,Ensino Médio,3010,"Manutenção, Desenvolvimento e Promoção da Qualidade da Educação",2883,Manutenção e Operação de Unidades Educacionais - Escola Municipal de Educação Fundamental e Médio (EMEFM),0,Tesouro Municipal,176.872,237.705,239.004,249.473
16,Secretaria Municipal de Educação,23,Diretoria Regional de Educação São Mateus,12,Educação,365,Educação Infantil,3025,Proteção e Desenvolvimento Integral na Primeira Infância,2828,Manutenção e Operação da Rede Parceira - Centro de Educação Infantil (CEI),0,Tesouro Municipal,227.529.591,310.670.936,303.561.866,317.542.156
16,Secretaria Municipal de Educação,23,Diretoria Regional de Educação São Mateus,12,Educação,365,Educação Infantil,3025,Proteção e Desenvolvimento Integral na Primeira Infância,2840,Transferência de Recursos Financeiros para as Unidades Educacionais - Educação Infantil,0,Tesouro Municipal,4.932.300,4.646.069,4.671.475,4.876.073
16,Secretaria Municipal de Educação,23,Diretoria Regional de Educação São Mateus,12,Educação,365,Educação Infantil,3025,Proteção e Desenvolvimento Integral na Primeira Infância,2876,Manutenção e Operação de Centros Municipais de Educação Infantil(CEMEI),0,Tesouro Municipal,240.188,322.610,324.374,338.581
16,Secretaria Municipal de Educação,23,Diretoria Regional de Educação São Mateus,12,Educação,365,Educação Infantil,3025,Proteção e Desenvolvimento Integral na Primeira Infância,4360,Manutenção e Operação de Centros de Educação Infantil (CEI),0,Tesouro Municipal,3.530.480,4.738.028,4.763.938,4.972.585
16,Secretaria Municipal de Educação,23,Diretoria Regional de Educação São Mateus,12,Educação,365,Educação Infantil,3025,Proteção e Desenvolvimento Integral na Primeira Infância,4362,Manutenção e Operação de Escolas Municipais de Educação Infantil (EMEI),0,Tesouro Municipal,5.330.000,7.163.205,7.202.377,7.517.821
16,Secretaria Municipal de Educação,23,Diretoria Regional de Educação São Mateus,12,Educação,366,Educação de Jovens e Adultos,3010,"Manutenção, Desenvolvimento e Promoção da Qualidade da Educação",2823,Manutenção e Operação de Unidades Educacionais - Centro Integrado de Jovens e Adultos (CIEJA),0,Tesouro Municipal,852.166,1.145.301,1.151.563,1.201.998
16,Secretaria Municipal de Educação,23,Diretoria Regional de Educação São Mateus,12,Educação,366,Educação de Jovens e Adultos,3010,"Manutenção, Desenvolvimento e Promoção da Qualidade da Educação",2829,Manutenção e Operação da Rede Parceira - Alfabetização de Jovens e Adultos,0,Tesouro Municipal,769.756,1.034.730,1.040.388,1.085.955
16,Secretaria Municipal de Educação,23,Diretoria Regional de Educação São Mateus,12,Educação,367,Educação Especial,3010,"Manutenção, Desenvolvimento e Promoção da Qualidade da Educação",2861,Ações de Apoio à Educação Especial,0,Tesouro Municipal,1.740.000,2.335.861,2.348.635,2.451.499
16,Secretaria Municipal de Educação,23,Diretoria Regional de Educação São Mateus,12,Educação,368,Educação Básica,3010,"Manutenção, Desenvolvimento e Promoção da Qualidade da Educação",2831,Ações e Materiais de Apoio Didático-Pedagógico Educacional,0,Tesouro Municipal,516.000,692.899,696.090,725.974
16,Secretaria Municipal de Educação,23,Diretoria Regional de Educação São Mateus,12,Educação,368,Educação Básica,3010,"Manutenção, Desenvolvimento e Promoção da Qualidade da Educação",2839,Transferência de Recursos Financeiros para as Unidades Educacionais - Centro Educacional Unificado (CEU),0,Tesouro Municipal,487.425,534.231,537.152,560.678
16,Secretaria Municipal de Educação,23,Diretoria Regional de Educação São Mateus,12,Educação,368,Educação Básica,3010,"Manutenção, Desenvolvimento e Promoção da Qualidade da Educação",4364,Manutenção e Operação de Centros Educacionais Unificados (CEU),0,Tesouro Municipal,6.002.223,8.067.553,8.111.670,8.466.939
16,Secretaria Municipal de Educação,24,Coordenadoria de Alimentação Escolar,12,Educação,122,Administração Geral,3024,Suporte Administrativo,2100,Administração da Unidade,0,Tesouro Municipal,2.484.176,3.334.412,3.350.148,3.494.367
16,Secretaria Municipal de Educação,24,Coordenadoria de Alimentação Escolar,12,Educação,306,Alimentação e Nutrição,3016,Nutrição e Promoção da Segurança Alimentar,2801,Programa Nacional de Alimentação Escolar - PNAE/ FNDE,2,Transferências Federais,141.148.160,146.047.645,150.794.187,155.695.000
16,Secretaria Municipal de Educação,24,Coordenadoria de Alimentação Escolar,12,Educação,306,Alimentação e Nutrição,3016,Nutrição e Promoção da Segurança Alimentar,2873,Leve-Leite,0,Tesouro Municipal,103.480.681,134.748.795,135.485.660,141.419.565
16,Secretaria Municipal de Educação,24,Coordenadoria de Alimentação Escolar,12,Educação,306,Alimentação e Nutrição,3016,Nutrição e Promoção da Segurança Alimentar,6553,Alimentação Escolar,0,Tesouro Municipal,219.253.451,284.277.657,285.832.211,323.434.428
16,Secretaria Municipal de Educação,24,Coordenadoria de Alimentação Escolar,12,Educação,306,Alimentação e Nutrição,3016,Nutrição e Promoção da Segurança Alimentar,6553,Alimentação Escolar,2,Transferências Federais,593.696.678,612.991.812,632.914.043,653.483.752
17,Secretaria Municipal da Fazenda,10,Gabinete do Secretário,4,Administração,122,Administração Geral,3021,"Qualidade, Eficiência e Sustentabilidade do Orçamento Público",3004,Aumento de Capital da Companhia São Paulo de Desenvolvimento e Mobilização de Ativos - SPDA,0,Tesouro Municipal,1.000,1.000,1.000,1.000
17,Secretaria Municipal da Fazenda,10,Gabinete do Secretário,4,Administração,122,Administração Geral,3024,Suporte Administrativo,2100,Administração da Unidade,0,Tesouro Municipal,362.140.552,380.734.166,396.494.086,419.216.316
17,Secretaria Municipal da Fazenda,10,Gabinete do Secretário,4,Administração,126,Tecnologia da Informação,3011,"Modernização Tecnológica, Desburocratização e Inovação do Serviço Público",1220,Desenvolvimento de Sistemas de Informação e Comunicação,0,Tesouro Municipal,1.500.000,3.390.278,3.160.647,3.845.339
17,Secretaria Municipal da Fazenda,10,Gabinete do Secretário,4,Administração,126,Tecnologia da Informação,3011,"Modernização Tecnológica, Desburocratização e Inovação do Serviço Público",1220,Desenvolvimento de Sistemas de Informação e Comunicação,1,Operações de Crédito,23.942.496,29.597.500,26.027.500,26.472.500
17,Secretaria Municipal da Fazenda,10,Gabinete do Secretário,4,Administração,126,Tecnologia da Informação,3011,"Modernização Tecnológica, Desburocratização e Inovação do Serviço Público",2818,"Aquisição de Materiais, Equipamentos e Serviços de Informação e Comunicação",0,Tesouro Municipal,2.630.218,2.782.235,2.909.539,3.092.798
17,Secretaria Municipal da Fazenda,10,Gabinete do Secretário,4,Administração,126,Tecnologia da Informação,3024,Suporte Administrativo,2171,Manutenção e Operação de Sistemas de Informação e Comunicação,0,Tesouro Municipal,31.605.183,63.525.000,66.701.250,70.036.312
17,Secretaria Municipal da Fazenda,10,Gabinete do Secretário,4,Administração,128,Formação de Recursos Humanos,3011,"Modernização Tecnológica, Desburocratização e Inovação do Serviço Público",2180,"Capacitação, Formação e Aperfeiçoamento de Servidores",0,Tesouro Municipal,1.621.062,1.714.753,1.793.214,1.906.160
17,Secretaria Municipal da Fazenda,10,Gabinete do Secretário,4,Administração,129,Administração de Receitas,3011,"Modernização Tecnológica, Desburocratização e Inovação do Serviço Público",3001,Programa Nacional de Apoio à Gestão Adm. e Fiscal - PNAFM,0,Tesouro Municipal,2.000,0,0,0
17,Secretaria Municipal da Fazenda,10,Gabinete do Secretário,4,Administração,129,Administração de Receitas,3011,"Modernização Tecnológica, Desburocratização e Inovação do Serviço Público",3001,Programa Nacional de Apoio à Gestão Adm. e Fiscal - PNAFM,1,Operações de Crédito,25.420.000,0,0,0
17,Secretaria Municipal da Fazenda,20,Fundo Esp. p Modernização da Adm.Tributária e Adm.Fazendária do Mun SP,4,Administração,122,Administração Geral,3021,"Qualidade, Eficiência e Sustentabilidade do Orçamento Público",3004,Aumento de Capital da Companhia São Paulo de Desenvolvimento e Mobilização de Ativos - SPDA,8,Tesouro Municipal - Recursos Vinculados,1.000,0,0,0
17,Secretaria Municipal da Fazenda,20,Fundo Esp. p Modernização da Adm.Tributária e Adm.Fazendária do Mun SP,4,Administração,122,Administração Geral,3024,Suporte Administrativo,2100,Administração da Unidade,8,Tesouro Municipal - Recursos Vinculados,1.000,0,0,0
17,Secretaria Municipal da Fazenda,20,Fundo Esp. p Modernização da Adm.Tributária e Adm.Fazendária do Mun SP,4,Administração,126,Tecnologia da Informação,3011,"Modernização Tecnológica, Desburocratização e Inovação do Serviço Público",1220,Desenvolvimento de Sistemas de Informação e Comunicação,8,Tesouro Municipal - Recursos Vinculados,2.997.000,0,0,0
17,Secretaria Municipal da Fazenda,20,Fundo Esp. p Modernização da Adm.Tributária e Adm.Fazendária do Mun SP,4,Administração,126,Tecnologia da Informação,3011,"Modernização Tecnológica, Desburocratização e Inovação do Serviço Público",2818,"Aquisição de Materiais, Equipamentos e Serviços de Informação e Comunicação",8,Tesouro Municipal - Recursos Vinculados,1.000,0,0,0
17,Secretaria Municipal da Fazenda,20,Fundo Esp. p Modernização da Adm.Tributária e Adm.Fazendária do Mun SP,4,Administração,126,Tecnologia da Informação,3024,Suporte Administrativo,2171,Manutenção e Operação de Sistemas de Informação e Comunicação,8,Tesouro Municipal - Recursos Vinculados,28.889.817,0,0,0
17,Secretaria Municipal da Fazenda,20,Fundo Esp. p Modernização da Adm.Tributária e Adm.Fazendária do Mun SP,4,Administração,128,Formação de Recursos Humanos,3011,"Modernização Tecnológica, Desburocratização e Inovação do Serviço Público",2180,"Capacitação, Formação e Aperfeiçoamento de Servidores",8,Tesouro Municipal - Recursos Vinculados,1.000,0,0,0
17,Secretaria Municipal da Fazenda,20,Fundo Esp. p Modernização da Adm.Tributária e Adm.Fazendária do Mun SP,4,Administração,129,Administração de Receitas,3011,"Modernização Tecnológica, Desburocratização e Inovação do Serviço Público",3001,Programa Nacional de Apoio à Gestão Adm. e Fiscal - PNAFM,8,Tesouro Municipal - Recursos Vinculados,1.000,0,0,0
19,Secretaria Municipal de Esportes e Lazer,10,Gabinete do Secretário,27,Desporto e Lazer,122,Administração Geral,3024,Suporte Administrativo,2100,Administração da Unidade,0,Tesouro Municipal,69.603.464,65.985.688,59.792.313,64.813.057
19,Secretaria Municipal de Esportes e Lazer,10,Gabinete do Secretário,27,Desporto e Lazer,126,Tecnologia da Informação,3011,"Modernização Tecnológica, Desburocratização e Inovação do Serviço Público",1220,Desenvolvimento de Sistemas de Informação e Comunicação,0,Tesouro Municipal,1.000,1.000,1.000,1.000
19,Secretaria Municipal de Esportes e Lazer,10,Gabinete do Secretário,27,Desporto e Lazer,126,Tecnologia da Informação,3011,"Modernização Tecnológica, Desburocratização e Inovação do Serviço Público",2818,"Aquisição de Materiais, Equipamentos e Serviços de Informação e Comunicação",0,Tesouro Municipal,930.000,877.564,787.825,860.577
19,Secretaria Municipal de Esportes e Lazer,10,Gabinete do Secretário,27,Desporto e Lazer,126,Tecnologia da Informação,3024,Suporte Administrativo,2171,Manutenção e Operação de Sistemas de Informação e Comunicação,0,Tesouro Municipal,7.000.000,6.605.326,5.929.859,6.477.435
19,Secretaria Municipal de Esportes e Lazer,10,Gabinete do Secretário,27,Desporto e Lazer,811,Desporto de Rendimento,3017,"Promoção de Atividades Esportivas, Recreativas e de Lazer",3377,"Ampliação, Reforma e Requalificação de Centro Olímpicos",0,Tesouro Municipal,1.000,1.000,1.000,1.000
19,Secretaria Municipal de Esportes e Lazer,10,Gabinete do Secretário,27,Desporto e Lazer,811,Desporto de Rendimento,3017,"Promoção de Atividades Esportivas, Recreativas e de Lazer",3377,"Ampliação, Reforma e Requalificação de Centro Olímpicos",2,Transferências Federais,398.879,1.000,1.000,1.000
19,Secretaria Municipal de Esportes e Lazer,10,Gabinete do Secretário,27,Desporto e Lazer,811,Desporto de Rendimento,3017,"Promoção de Atividades Esportivas, Recreativas e de Lazer",4550,Bolsa Atleta,0,Tesouro Municipal,555.555,1.086.941,1.380.834,1.508.343
19,Secretaria Municipal de Esportes e Lazer,10,Gabinete do Secretário,27,Desporto e Lazer,811,Desporto de Rendimento,3017,"Promoção de Atividades Esportivas, Recreativas e de Lazer",4560,Manutenção de Modalidades Desportivas do Centro Olímpico de Treinamento e Pesquisa (COTP),0,Tesouro Municipal,1.105.000,1.082.045,1.008.050,1.142.688
19,Secretaria Municipal de Esportes e Lazer,10,Gabinete do Secretário,27,Desporto e Lazer,811,Desporto de Rendimento,3017,"Promoção de Atividades Esportivas, Recreativas e de Lazer",4567,"Equipes de Alto Desempenho com Representatividade em Competições Locais, Regionais, Nacionais e Mundiais",0,Tesouro Municipal,1.300.000,1.272.994,1.185.941,1.344.339
19,Secretaria Municipal de Esportes e Lazer,10,Gabinete do Secretário,27,Desporto e Lazer,811,Desporto de Rendimento,3017,"Promoção de Atividades Esportivas, Recreativas e de Lazer",4570,Manutenção e Operação dos Pólos Regionais de Esporte,0,Tesouro Municipal,15.946.765,14.195.899,12.022.843,12.389.678
19,Secretaria Municipal de Esportes e Lazer,10,Gabinete do Secretário,27,Desporto e Lazer,812,Desporto Comunitário,3017,"Promoção de Atividades Esportivas, Recreativas e de Lazer",1895,Implantação de Equipamentos Esportivos,0,Tesouro Municipal,1.000,0,0,0
19,Secretaria Municipal de Esportes e Lazer,10,Gabinete do Secretário,27,Desporto e Lazer,812,Desporto Comunitário,3017,"Promoção de Atividades Esportivas, Recreativas e de Lazer",1896,"Ampliação, Reforma e Requalificação de Clube da Comunidade (CDC)",0,Tesouro Municipal,1.000,1.000,1.000,1.000
19,Secretaria Municipal de Esportes e Lazer,10,Gabinete do Secretário,27,Desporto e Lazer,812,Desporto Comunitário,3017,"Promoção de Atividades Esportivas, Recreativas e de Lazer",1896,"Ampliação, Reforma e Requalificação de Clube da Comunidade (CDC)",2,Transferências Federais,3.600.121,600.121,600.121,600.121
19,Secretaria Municipal de Esportes e Lazer,10,Gabinete do Secretário,27,Desporto e Lazer,812,Desporto Comunitário,3017,"Promoção de Atividades Esportivas, Recreativas e de Lazer",2896,Manutenção e Operação de Clube da Comunidade (CDC),0,Tesouro Municipal,1.000,1.000,1.000,1.000
19,Secretaria Municipal de Esportes e Lazer,10,Gabinete do Secretário,27,Desporto e Lazer,812,Desporto Comunitário,3017,"Promoção de Atividades Esportivas, Recreativas e de Lazer",2897,"Realização de Eventos de Esporte, Lazer e Recreação",0,Tesouro Municipal,5.001.000,4.451.918,3.770.435,3.885.476
19,Secretaria Municipal de Esportes e Lazer,10,Gabinete do Secretário,27,Desporto e Lazer,812,Desporto Comunitário,3017,"Promoção de Atividades Esportivas, Recreativas e de Lazer",3512,"Ampliação, Reforma e Requalificação de Equipamentos Esportivos",0,Tesouro Municipal,1.000,1.000,1.000,1.000
19,Secretaria Municipal de Esportes e Lazer,10,Gabinete do Secretário,27,Desporto e Lazer,812,Desporto Comunitário,3017,"Promoção de Atividades Esportivas, Recreativas e de Lazer",3512,"Ampliação, Reforma e Requalificação de Equipamentos Esportivos",2,Transferências Federais,1.000,1.000,1.000,1.000
19,Secretaria Municipal de Esportes e Lazer,10,Gabinete do Secretário,27,Desporto e Lazer,812,Desporto Comunitário,3017,"Promoção de Atividades Esportivas, Recreativas e de Lazer",4502,Manutenção e Operação de Equipamentos Esportivos,0,Tesouro Municipal,109.999.000,102.818.755,91.433.615,98.934.566
19,Secretaria Municipal de Esportes e Lazer,10,Gabinete do Secretário,27,Desporto e Lazer,812,Desporto Comunitário,3017,"Promoção de Atividades Esportivas, Recreativas e de Lazer",4503,Incentivo à Prática de Esportes,0,Tesouro Municipal,10.000.000,9.347.159,8.312.146,8.994.051
19,Secretaria Municipal de Esportes e Lazer,10,Gabinete do Secretário,27,Desporto e Lazer,812,Desporto Comunitário,3017,"Promoção de Atividades Esportivas, Recreativas e de Lazer",4514,Programação da Virada Esportiva,0,Tesouro Municipal,7.000.000,6.231.439,5.277.553,5.438.579
19,Secretaria Municipal de Esportes e Lazer,10,Gabinete do Secretário,27,Desporto e Lazer,812,Desporto Comunitário,3017,"Promoção de Atividades Esportivas, Recreativas e de Lazer",9016,Reforma do CDC São Mateus,0,Tesouro Municipal,1.500.000,0,0,0
19,Secretaria Municipal de Esportes e Lazer,10,Gabinete do Secretário,27,Desporto e Lazer,812,Desporto Comunitário,3017,"Promoção de Atividades Esportivas, Recreativas e de Lazer",9035,Gramação Sintética do Campo de Futebol do CDC Fogão da Vila Bela,0,Tesouro Municipal,800.000,0,0,0
19,Secretaria Municipal de Esportes e Lazer,10,Gabinete do Secretário,27,Desporto e Lazer,812,Desporto Comunitário,3017,"Promoção de Atividades Esportivas, Recreativas e de Lazer",9265,"Projeto: ""Talento no Campo, Talento na Escola""",0,Tesouro Municipal,2.000.000,0,0,0
19,Secretaria Municipal de Esportes e Lazer,10,Gabinete do Secretário,27,Desporto e Lazer,812,Desporto Comunitário,3017,"Promoção de Atividades Esportivas, Recreativas e de Lazer",9353,E997 - Realização de Projeto Voltado a Prática de Esportes para Crianças e Adolescentes a ser Executado pela Associação Beneficente Anjos de Ouro CNPJ 22.227.741/0001-42,0,Tesouro Municipal,100.000,0,0,0
19,Secretaria Municipal de Esportes e Lazer,10,Gabinete do Secretário,27,Desporto e Lazer,812,Desporto Comunitário,3017,"Promoção de Atividades Esportivas, Recreativas e de Lazer",9361,E1048 - Construção de Cobertura da Quadra Poliesportiva Situada à Rua Constantino Cavafi,0,Tesouro Municipal,600.000,0,0,0
19,Secretaria Municipal de Esportes e Lazer,10,Gabinete do Secretário,27,Desporto e Lazer,812,Desporto Comunitário,3017,"Promoção de Atividades Esportivas, Recreativas e de Lazer",9363,E5540 - Eventos Diversos a Serem Realizados na Cidade de São Paulo.,0,Tesouro Municipal,500.000,0,0,0
19,Secretaria Municipal de Esportes e Lazer,10,Gabinete do Secretário,27,Desporto e Lazer,812,Desporto Comunitário,3017,"Promoção de Atividades Esportivas, Recreativas e de Lazer",9364,E5541 - Readequação e Revitalização do Clube Náutico Vera Cruz,0,Tesouro Municipal,1.000,0,0,0
19,Secretaria Municipal de Esportes e Lazer,10,Gabinete do Secretário,27,Desporto e Lazer,812,Desporto Comunitário,3017,"Promoção de Atividades Esportivas, Recreativas e de Lazer",9365,E5550 - Projeto Esportivo - Esportes para Todos (SEME),0,Tesouro Municipal,150.000,0,0,0
19,Secretaria Municipal de Esportes e Lazer,10,Gabinete do Secretário,27,Desporto e Lazer,812,Desporto Comunitário,3017,"Promoção de Atividades Esportivas, Recreativas e de Lazer",9374,Construção de Ginásio de Esporte no Estádio Municipal Jack Marin,0,Tesouro Municipal,1.000,1.000,1.000,1.000
19,Secretaria Municipal de Esportes e Lazer,10,Gabinete do Secretário,27,Desporto e Lazer,812,Desporto Comunitário,3017,"Promoção de Atividades Esportivas, Recreativas e de Lazer",9395,"E616 - Reforma do CDC Universo Localizada a Praça Hereny da Costa, 89 - Vila Cleonice, São Paulo - SP, CEP 03286-160",0,Tesouro Municipal,300.000,0,0,0
19,Secretaria Municipal de Esportes e Lazer,10,Gabinete do Secretário,27,Desporto e Lazer,812,Desporto Comunitário,3017,"Promoção de Atividades Esportivas, Recreativas e de Lazer",9404,E630 - Projeto Esportivo Escolinha de Skate do Chuvisko Executado pela Associação de Skate do Parque Chuvisco (CNPJ nº 29.136.907/0001-64),0,Tesouro Municipal,70.000,0,0,0
19,Secretaria Municipal de Esportes e Lazer,10,Gabinete do Secretário,27,Desporto e Lazer,812,Desporto Comunitário,3017,"Promoção de Atividades Esportivas, Recreativas e de Lazer",9406,"E2342 - Cobertura da Pista de Skate, Elevação de Alambrados, Reformas Rampas e Pintura da Pista, do CDC Passagem Funda, Localizado em Avenida Doutor Guilherme de Abreu Sodré, nº 71 - 85, Conj. Res. Prester Maia, São Paulo - CEP 08490-010",0,Tesouro Municipal,700.000,0,0,0
19,Secretaria Municipal de Esportes e Lazer,10,Gabinete do Secretário,27,Desporto e Lazer,812,Desporto Comunitário,3017,"Promoção de Atividades Esportivas, Recreativas e de Lazer",9407,"E2343 - Ampliação da Pista de Skate do Parque do Chuvisco, Localizado na Rua Ipiranga, 792 - Jardim Aeroporto, São Paulo - SP, CEP 04630-010",0,Tesouro Municipal,700.000,0,0,0
19,Secretaria Municipal de Esportes e Lazer,10,Gabinete do Secretário,27,Desporto e Lazer,812,Desporto Comunitário,3017,"Promoção de Atividades Esportivas, Recreativas e de Lazer",9500,Reforma do campo de futebol do Estádio Municipal Jack Marin,0,Tesouro Municipal,0,1.000,1.000,1.000
19,Secretaria Municipal de Esportes e Lazer,10,Gabinete do Secretário,27,Desporto e Lazer,813,Lazer,3015,Promoção da Cidade como Referência Global e Destino Turístico,9159,"Evento ""Daytona Experience Brasil""",0,Tesouro Municipal,2.000.000,0,0,0
19,Secretaria Municipal de Esportes e Lazer,10,Gabinete do Secretário,27,Desporto e Lazer,813,Lazer,3015,Promoção da Cidade como Referência Global e Destino Turístico,9162,Comemoração do Aniversário do Bairro da Pedreira - Subprefeitura de Cidade Ademar,0,Tesouro Municipal,200.000,210.000,220.000,230.000
19,Secretaria Municipal de Esportes e Lazer,73,Secretaria Executiva de Lazer,27,Desporto e Lazer,392,Difusão Cultural,3015,Promoção da Cidade como Referência Global e Destino Turístico,2048,Ações de Audiovisual,0,Tesouro Municipal,1.000.000,890.205,753.936,776.939
19,Secretaria Municipal de Esportes e Lazer,73,Secretaria Executiva de Lazer,27,Desporto e Lazer,695,Turismo,3015,Promoção da Cidade como Referência Global e Destino Turístico,1021,Projetos de Fomento ao Turismo,0,Tesouro Municipal,2.000,1.780,1.507,1.553
19,Secretaria Municipal de Esportes e Lazer,73,Secretaria Executiva de Lazer,27,Desporto e Lazer,695,Turismo,3015,Promoção da Cidade como Referência Global e Destino Turístico,2102,Operação e Manutenção da Infraestrutura Turística,0,Tesouro Municipal,5.037.560,4.753.531,4.267.431,4.661.639
19,Secretaria Municipal de Esportes e Lazer,73,Secretaria Executiva de Lazer,27,Desporto e Lazer,695,Turismo,3015,Promoção da Cidade como Referência Global e Destino Turístico,2640,Apoio às Ações Municipais de Turismo,0,Tesouro Municipal,2.000,1.780,1.507,1.553
19,Secretaria Municipal de Esportes e Lazer,73,Secretaria Executiva de Lazer,27,Desporto e Lazer,813,Lazer,3015,Promoção da Cidade como Referência Global e Destino Turístico,2118,Promoção de Campanhas e Eventos de Interesse do Município,0,Tesouro Municipal,175.237.525,178.041.135,226.180.867,233.081.995
19,Secretaria Municipal de Esportes e Lazer,73,Secretaria Executiva de Lazer,27,Desporto e Lazer,813,Lazer,3015,Promoção da Cidade como Referência Global e Destino Turístico,2118,Promoção de Campanhas e Eventos de Interesse do Município,3,Transferências Estaduais,53.158.000,0,0,0
19,Secretaria Municipal de Esportes e Lazer,73,Secretaria Executiva de Lazer,27,Desporto e Lazer,813,Lazer,3015,Promoção da Cidade como Referência Global e Destino Turístico,2471,Administração do Autódromo de Interlagos,0,Tesouro Municipal,13.449.000,13.169.613,12.269.022,13.907.706
19,Secretaria Municipal de Esportes e Lazer,73,Secretaria Executiva de Lazer,27,Desporto e Lazer,813,Lazer,3015,Promoção da Cidade como Referência Global e Destino Turístico,9266,"Evento: ""Cidade Jovem SP""",0,Tesouro Municipal,2.565.500,0,0,0
19,Secretaria Municipal de Esportes e Lazer,73,Secretaria Executiva de Lazer,27,Desporto e Lazer,813,Lazer,3015,Promoção da Cidade como Referência Global e Destino Turístico,9267,"Evento: ""Cycle City""",0,Tesouro Municipal,3.163.500,0,0,0
19,Secretaria Municipal de Esportes e Lazer,73,Secretaria Executiva de Lazer,27,Desporto e Lazer,813,Lazer,3015,Promoção da Cidade como Referência Global e Destino Turístico,9360,E1024 - Realização de Eventos Durante o Ano de 2022,0,Tesouro Municipal,535.000,0,0,0
20,Secretaria Municipal de Mobilidade e Trânsito,10,Gabinete do Secretário,15,Urbanismo,452,Serviços Urbanos,3009,Melhoria da Mobilidade Urbana Universal,3757,Implantação de Projetos de Redesenho Urbano para Segurança Viária,0,Tesouro Municipal,1.000,22.147.775,23.460.603,25.307.085
20,Secretaria Municipal de Mobilidade e Trânsito,10,Gabinete do Secretário,15,Urbanismo,452,Serviços Urbanos,3009,Melhoria da Mobilidade Urbana Universal,9293,E6706 - Implantação de Projetos de Redesenho Urbano para Segurança Viária em parceria com a CET,0,Tesouro Municipal,500.000,0,0,0
20,Secretaria Municipal de Mobilidade e Trânsito,10,Gabinete do Secretário,15,Urbanismo,452,Serviços Urbanos,3022,Requalificação e Promoção da Ocupação dos Espaços Públicos,1137,Pavimentação e Recapeamento de Vias,0,Tesouro Municipal,1.000,1.000,1.000,1.000
20,Secretaria Municipal de Mobilidade e Trânsito,10,Gabinete do Secretário,26,Transporte,122,Administração Geral,3024,Suporte Administrativo,2100,Administração da Unidade,0,Tesouro Municipal,13.183.373,14.660.477,14.757.430,15.345.547
20,Secretaria Municipal de Mobilidade e Trânsito,10,Gabinete do Secretário,26,Transporte,126,Tecnologia da Informação,3011,"Modernização Tecnológica, Desburocratização e Inovação do Serviço Público",1220,Desenvolvimento de Sistemas de Informação e Comunicação,0,Tesouro Municipal,1.000,1.000,1.000,1.000
20,Secretaria Municipal de Mobilidade e Trânsito,10,Gabinete do Secretário,26,Transporte,126,Tecnologia da Informação,3011,"Modernização Tecnológica, Desburocratização e Inovação do Serviço Público",2818,"Aquisição de Materiais, Equipamentos e Serviços de Informação e Comunicação",0,Tesouro Municipal,500.000,559.887,563.686,587.400
20,Secretaria Municipal de Mobilidade e Trânsito,10,Gabinete do Secretário,26,Transporte,126,Tecnologia da Informação,3024,Suporte Administrativo,2171,Manutenção e Operação de Sistemas de Informação e Comunicação,0,Tesouro Municipal,2.960.888,3.316.631,3.339.981,3.481.623
20,Secretaria Municipal de Mobilidade e Trânsito,10,Gabinete do Secretário,26,Transporte,572,Desenvolvimento Tecnológico e Engenharia,3009,Melhoria da Mobilidade Urbana Universal,1240,Modernização Semafórica,0,Tesouro Municipal,1.000,1.000,1.000,1.000
20,Secretaria Municipal de Mobilidade e Trânsito,10,Gabinete do Secretário,26,Transporte,572,Desenvolvimento Tecnológico e Engenharia,3009,Melhoria da Mobilidade Urbana Universal,3746,Aumento de Capital da CET,0,Tesouro Municipal,1.000,1.000,1.000,1.000
20,Secretaria Municipal de Mobilidade e Trânsito,10,Gabinete do Secretário,26,Transporte,572,Desenvolvimento Tecnológico e Engenharia,3009,Melhoria da Mobilidade Urbana Universal,4702,Serviços de Engenharia de Tráfego,0,Tesouro Municipal,431.869.594,483.757.720,487.163.564,507.823.069
20,Secretaria Municipal de Mobilidade e Trânsito,10,Gabinete do Secretário,26,Transporte,572,Desenvolvimento Tecnológico e Engenharia,3009,Melhoria da Mobilidade Urbana Universal,9336,"E622 - Instalação de Semáforos de Pedestres na Av. Oratório n° 5.992, CEP 03220-300 e na Av. Casa Grande, n° 1.258, CEP 03260-000 e Instalação de Semáforo de Trânsito na Av. Vila Ema no cruzamento da Rua João Glauber e a Manoel da Costa, Vila Ema.",0,Tesouro Municipal,300.000,0,0,0
20,Secretaria Municipal de Mobilidade e Trânsito,10,Gabinete do Secretário,26,Transporte,785,Transportes Especiais,3009,Melhoria da Mobilidade Urbana Universal,1097,"Construção de Ciclovias, Ciclofaixas e Ciclorrotas",0,Tesouro Municipal,2.000,38.407.934,40.684.595,43.886.722
20,Secretaria Municipal de Mobilidade e Trânsito,10,Gabinete do Secretário,26,Transporte,785,Transportes Especiais,3009,Melhoria da Mobilidade Urbana Universal,1098,"Ampliação, Reforma e Requalificação de Ciclovias, Ciclofaixas e Ciclorrotas",0,Tesouro Municipal,1.000,1.000,1.000,1.000
20,Secretaria Municipal de Mobilidade e Trânsito,10,Gabinete do Secretário,26,Transporte,785,Transportes Especiais,3009,Melhoria da Mobilidade Urbana Universal,2098,"Manutenção de Ciclovias, Ciclofaixas e Ciclorrotas",0,Tesouro Municipal,1.000,1.000,1.000,1.000
20,Secretaria Municipal de Mobilidade e Trânsito,50,Secretaria Executiva de Transporte e Mobilidade Urbana,26,Transporte,453,Transportes Coletivos Urbanos,3004,Benefícios e Previdência de Funcionários,4651,Aposentadoria Complementar aos Servidores da São Paulo Transporte S/A,0,Tesouro Municipal,31.586.150,35.381.151,35.630.248,37.141.247
20,Secretaria Municipal de Mobilidade e Trânsito,50,Secretaria Executiva de Transporte e Mobilidade Urbana,26,Transporte,453,Transportes Coletivos Urbanos,3006,Promoção dos Direitos da Pessoa com Deficiência,4705,Transporte de Pessoas com Deficiência ou Mobilidade Reduzida - ATENDE,0,Tesouro Municipal,120.000.000,159.127.420,160.247.739,167.043.484
20,Secretaria Municipal de Mobilidade e Trânsito,50,Secretaria Executiva de Transporte e Mobilidade Urbana,26,Transporte,453,Transportes Coletivos Urbanos,3009,Melhoria da Mobilidade Urbana Universal,1094,Corredor Aricanduva - Obras do BRT - 1.1,0,Tesouro Municipal,1.000,1.000,1.000,1.000
20,Secretaria Municipal de Mobilidade e Trânsito,50,Secretaria Executiva de Transporte e Mobilidade Urbana,26,Transporte,453,Transportes Coletivos Urbanos,3009,Melhoria da Mobilidade Urbana Universal,1094,Corredor Aricanduva - Obras do BRT - 1.1,1,Operações de Crédito,35.289.390,33.289.390,33.289.390,33.289.390
20,Secretaria Municipal de Mobilidade e Trânsito,50,Secretaria Executiva de Transporte e Mobilidade Urbana,26,Transporte,453,Transportes Coletivos Urbanos,3009,Melhoria da Mobilidade Urbana Universal,1095,Construção de Terminais de Ônibus,0,Tesouro Municipal,3.000,78.082.904,82.711.333,89.221.264
20,Secretaria Municipal de Mobilidade e Trânsito,50,Secretaria Executiva de Transporte e Mobilidade Urbana,26,Transporte,453,Transportes Coletivos Urbanos,3009,Melhoria da Mobilidade Urbana Universal,1096,"Acessibilidade, Ampliação, Reforma e Requalificação de Terminais de Ônibus",0,Tesouro Municipal,1.000,1.000,1.000,1.000
20,Secretaria Municipal de Mobilidade e Trânsito,50,Secretaria Executiva de Transporte e Mobilidade Urbana,26,Transporte,453,Transportes Coletivos Urbanos,3009,Melhoria da Mobilidade Urbana Universal,1099,Construção de Corredores de Ônibus,0,Tesouro Municipal,1.000,1.000,1.000,1.000
20,Secretaria Municipal de Mobilidade e Trânsito,50,Secretaria Executiva de Transporte e Mobilidade Urbana,26,Transporte,453,Transportes Coletivos Urbanos,3009,Melhoria da Mobilidade Urbana Universal,1100,"Ampliação, Reforma e Requalificação de Corredores de Ônibus",0,Tesouro Municipal,1.000,46.131.454,48.865.935,52.711.958
20,Secretaria Municipal de Mobilidade e Trânsito,50,Secretaria Executiva de Transporte e Mobilidade Urbana,26,Transporte,453,Transportes Coletivos Urbanos,3009,Melhoria da Mobilidade Urbana Universal,2096,Manutenção e Operação de Terminais de Ônibus,0,Tesouro Municipal,175.350.732,404.665.329,407.514.331,424.796.093
20,Secretaria Municipal de Mobilidade e Trânsito,50,Secretaria Executiva de Transporte e Mobilidade Urbana,26,Transporte,453,Transportes Coletivos Urbanos,3009,Melhoria da Mobilidade Urbana Universal,2099,Manutenção de Corredores de Ônibus,0,Tesouro Municipal,1.000,1.000,1.000,1.000
20,Secretaria Municipal de Mobilidade e Trânsito,50,Secretaria Executiva de Transporte e Mobilidade Urbana,26,Transporte,453,Transportes Coletivos Urbanos,3009,Melhoria da Mobilidade Urbana Universal,3704,Ações para Modernização do Sistema de Transportes,3,Transferências Estaduais,728.340,800.000,800.000,800.000
20,Secretaria Municipal de Mobilidade e Trânsito,50,Secretaria Executiva de Transporte e Mobilidade Urbana,26,Transporte,453,Transportes Coletivos Urbanos,3009,Melhoria da Mobilidade Urbana Universal,3745,Aumento de Capital da SPTrans,0,Tesouro Municipal,1.000,1.000,1.000,1.000
20,Secretaria Municipal de Mobilidade e Trânsito,50,Secretaria Executiva de Transporte e Mobilidade Urbana,26,Transporte,453,Transportes Coletivos Urbanos,3009,Melhoria da Mobilidade Urbana Universal,3758,Corredor Aricanduva - Centro de Controle do Corredor - CCO - 1.2,1,Operações de Crédito,7.725.766,7.725.766,7.725.766,7.725.766
20,Secretaria Municipal de Mobilidade e Trânsito,50,Secretaria Executiva de Transporte e Mobilidade Urbana,26,Transporte,453,Transportes Coletivos Urbanos,3009,Melhoria da Mobilidade Urbana Universal,3759,Corredor Aricanduva - Sinalização Semafórica Inteligente - SSI - 1.3,1,Operações de Crédito,7.725.766,7.725.766,7.725.766,7.725.766
20,Secretaria Municipal de Mobilidade e Trânsito,50,Secretaria Executiva de Transporte e Mobilidade Urbana,26,Transporte,453,Transportes Coletivos Urbanos,3009,Melhoria da Mobilidade Urbana Universal,3760,Corredor Aricanduva - Requalificação da Iluminação Pública - 1.4,1,Operações de Crédito,7.725.766,7.725.766,7.725.766,7.725.766
20,Secretaria Municipal de Mobilidade e Trânsito,50,Secretaria Executiva de Transporte e Mobilidade Urbana,26,Transporte,453,Transportes Coletivos Urbanos,3009,Melhoria da Mobilidade Urbana Universal,3761,Corredor Aricanduva - Acompanhamento Ambiental e Social - 1.5,1,Operações de Crédito,7.725.766,7.725.766,7.725.766,7.725.766
20,Secretaria Municipal de Mobilidade e Trânsito,50,Secretaria Executiva de Transporte e Mobilidade Urbana,26,Transporte,453,Transportes Coletivos Urbanos,3009,Melhoria da Mobilidade Urbana Universal,3762,Corredor Aricanduva - Centro de Controle Operacional - COP - 2.1,1,Operações de Crédito,26.579.566,26.579.566,26.579.566,26.579.566
20,Secretaria Municipal de Mobilidade e Trânsito,50,Secretaria Executiva de Transporte e Mobilidade Urbana,26,Transporte,453,Transportes Coletivos Urbanos,3009,Melhoria da Mobilidade Urbana Universal,3763,Corredor Aricanduva - Gerenciamento de Projetos - 3.1,1,Operações de Crédito,15.451.532,15.451.532,15.451.532,15.451.532
20,Secretaria Municipal de Mobilidade e Trânsito,50,Secretaria Executiva de Transporte e Mobilidade Urbana,26,Transporte,453,Transportes Coletivos Urbanos,3009,Melhoria da Mobilidade Urbana Universal,3764,Corredor Aricanduva - Controles Internos - 3.2,1,Operações de Crédito,7.725.766,7.725.766,7.725.766,7.725.766
20,Secretaria Municipal de Mobilidade e Trânsito,50,Secretaria Executiva de Transporte e Mobilidade Urbana,26,Transporte,453,Transportes Coletivos Urbanos,3009,Melhoria da Mobilidade Urbana Universal,3765,Corredor Aricanduva - Fortalecimento Institucional - 3.3,1,Operações de Crédito,7.725.774,7.725.774,7.725.774,7.725.774
20,Secretaria Municipal de Mobilidade e Trânsito,50,Secretaria Executiva de Transporte e Mobilidade Urbana,26,Transporte,453,Transportes Coletivos Urbanos,3009,Melhoria da Mobilidade Urbana Universal,4663,Contraprestação de Parceria Público-Privada (PPP) - Terminais Urbanos,0,Tesouro Municipal,1.000,1.000,1.000,1.000
20,Secretaria Municipal de Mobilidade e Trânsito,50,Secretaria Executiva de Transporte e Mobilidade Urbana,26,Transporte,453,Transportes Coletivos Urbanos,3009,Melhoria da Mobilidade Urbana Universal,4700,Manutenção e Operação do Sistema Municipal de Transporte Coletivo,0,Tesouro Municipal,350.000.000,588.929.437,593.075.732,618.226.733
20,Secretaria Municipal de Mobilidade e Trânsito,50,Secretaria Executiva de Transporte e Mobilidade Urbana,26,Transporte,453,Transportes Coletivos Urbanos,3009,Melhoria da Mobilidade Urbana Universal,4701,Compensações Tarifárias do Sistema de Ônibus,0,Tesouro Municipal,3.500.000.000,1.764.726.382,1.777.150.747,1.852.515.692
20,Secretaria Municipal de Mobilidade e Trânsito,50,Secretaria Executiva de Transporte e Mobilidade Urbana,26,Transporte,453,Transportes Coletivos Urbanos,3009,Melhoria da Mobilidade Urbana Universal,5105,Intervenções na Área de Mobilidade Urbana,0,Tesouro Municipal,2.000,1.000,1.000,1.000
20,Secretaria Municipal de Mobilidade e Trânsito,50,Secretaria Executiva de Transporte e Mobilidade Urbana,26,Transporte,453,Transportes Coletivos Urbanos,3009,Melhoria da Mobilidade Urbana Universal,5362,Implantação de Transporte Público Hidroviário,0,Tesouro Municipal,3.000,3.494.512,3.701.653,3.995.656
20,Secretaria Municipal de Mobilidade e Trânsito,50,Secretaria Executiva de Transporte e Mobilidade Urbana,26,Transporte,453,Transportes Coletivos Urbanos,3009,Melhoria da Mobilidade Urbana Universal,5362,Implantação de Transporte Público Hidroviário,3,Transferências Estaduais,3.000.000,3.301.169,3.711.285,4.162.413
20,Secretaria Municipal de Mobilidade e Trânsito,50,Secretaria Executiva de Transporte e Mobilidade Urbana,26,Transporte,453,Transportes Coletivos Urbanos,3009,Melhoria da Mobilidade Urbana Universal,5391,Implantação de Faixas Exclusivas de Ônibus,0,Tesouro Municipal,2.000,6.799.273,7.202.305,7.769.168
20,Secretaria Municipal de Mobilidade e Trânsito,50,Secretaria Executiva de Transporte e Mobilidade Urbana,26,Transporte,453,Transportes Coletivos Urbanos,3009,Melhoria da Mobilidade Urbana Universal,5392,Implantação de Corredores de Ônibus Novos,0,Tesouro Municipal,2.000,12.420.757,13.157.008,14.192.539
20,Secretaria Municipal de Mobilidade e Trânsito,50,Secretaria Executiva de Transporte e Mobilidade Urbana,26,Transporte,453,Transportes Coletivos Urbanos,3009,Melhoria da Mobilidade Urbana Universal,5392,Implantação de Corredores de Ônibus Novos,1,Operações de Crédito,178.000.000,302.889.925,181.842.908,57.850.793
21,Procuradoria Geral do Município - PGM,10,Procuradoria Geral do Município,2,Judiciária,62,Defesa do Interesse Público no Processo Judiciário,3024,Suporte Administrativo,4817,Despesas Administrativas para Execução de Ações Judiciais - Processamento de Feitos,0,Tesouro Municipal,3.339.092,3.435.085,3.517.318,4.823.924
21,Procuradoria Geral do Município - PGM,10,Procuradoria Geral do Município,2,Judiciária,122,Administração Geral,3024,Suporte Administrativo,2100,Administração da Unidade,0,Tesouro Municipal,116.492.629,119.239.174,122.027.948,132.729.209
21,Procuradoria Geral do Município - PGM,10,Procuradoria Geral do Município,2,Judiciária,122,Administração Geral,3024,Suporte Administrativo,2100,Administração da Unidade,2,Transferências Federais,303.216,0,0,0
21,Procuradoria Geral do Município - PGM,10,Procuradoria Geral do Município,2,Judiciária,122,Administração Geral,3024,Suporte Administrativo,2100,Administração da Unidade,8,Tesouro Municipal - Recursos Vinculados,110.000.000,120.000.000,130.000.000,140.000.000
21,Procuradoria Geral do Município - PGM,10,Procuradoria Geral do Município,2,Judiciária,126,Tecnologia da Informação,3011,"Modernização Tecnológica, Desburocratização e Inovação do Serviço Público",1220,Desenvolvimento de Sistemas de Informação e Comunicação,0,Tesouro Municipal,1.000,1.000,1.000,1.000
21,Procuradoria Geral do Município - PGM,10,Procuradoria Geral do Município,2,Judiciária,128,Formação de Recursos Humanos,3011,"Modernização Tecnológica, Desburocratização e Inovação do Serviço Público",2180,"Capacitação, Formação e Aperfeiçoamento de Servidores",0,Tesouro Municipal,103.000,109.500,116.423,123.795
21,Procuradoria Geral do Município - PGM,10,Procuradoria Geral do Município,2,Judiciária,128,Formação de Recursos Humanos,3011,"Modernização Tecnológica, Desburocratização e Inovação do Serviço Público",2180,"Capacitação, Formação e Aperfeiçoamento de Servidores",8,Tesouro Municipal - Recursos Vinculados,3.000.000,3.000.000,3.000.000,3.000.000
21,Procuradoria Geral do Município - PGM,10,Procuradoria Geral do Município,2,Judiciária,131,Comunicação Social,3012,"Participação, Transparência e Controle Social da Administração Pública",2153,Publicação de Editais e Outras Publicações Legais e de Interesse do Município,0,Tesouro Municipal,5.000,5.000,5.000,5.000
21,Procuradoria Geral do Município - PGM,10,Procuradoria Geral do Município,4,Administração,126,Tecnologia da Informação,3011,"Modernização Tecnológica, Desburocratização e Inovação do Serviço Público",2818,"Aquisição de Materiais, Equipamentos e Serviços de Informação e Comunicação",0,Tesouro Municipal,570.000,607.050,606.241,626.146
21,Procuradoria Geral do Município - PGM,10,Procuradoria Geral do Município,4,Administração,126,Tecnologia da Informação,3024,Suporte Administrativo,2171,Manutenção e Operação de Sistemas de Informação e Comunicação,0,Tesouro Municipal,22.863.081,28.007.154,31.489.383,29.570.612
22,Secretaria Municipal de Infraestrutura Urbana e Obras,10,Gabinete do Secretário,13,Cultura,695,Turismo,3015,Promoção da Cidade como Referência Global e Destino Turístico,5409,Implantação de Estrutura Turística no Triângulo Histórico,0,Tesouro Municipal,3.000,1.458,1.548,1.718
22,Secretaria Municipal de Infraestrutura Urbana e Obras,10,Gabinete do Secretário,13,Cultura,695,Turismo,3015,Promoção da Cidade como Referência Global e Destino Turístico,5409,Implantação de Estrutura Turística no Triângulo Histórico,2,Transferências Federais,18.966.666,9.333.000,0,0
22,Secretaria Municipal de Infraestrutura Urbana e Obras,10,Gabinete do Secretário,15,Urbanismo,122,Administração Geral,3011,"Modernização Tecnológica, Desburocratização e Inovação do Serviço Público",1220,Desenvolvimento de Sistemas de Informação e Comunicação,0,Tesouro Municipal,1.000,1.458,1.548,1.718
22,Secretaria Municipal de Infraestrutura Urbana e Obras,10,Gabinete do Secretário,15,Urbanismo,122,Administração Geral,3024,Suporte Administrativo,2100,Administração da Unidade,0,Tesouro Municipal,45.239.161,65.128.622,70.587.212,79.782.850
22,Secretaria Municipal de Infraestrutura Urbana e Obras,10,Gabinete do Secretário,15,Urbanismo,126,Tecnologia da Informação,3011,"Modernização Tecnológica, Desburocratização e Inovação do Serviço Público",2818,"Aquisição de Materiais, Equipamentos e Serviços de Informação e Comunicação",0,Tesouro Municipal,187.000,291.608,309.792,343.778
22,Secretaria Municipal de Infraestrutura Urbana e Obras,10,Gabinete do Secretário,15,Urbanismo,126,Tecnologia da Informação,3024,Suporte Administrativo,2171,Manutenção e Operação de Sistemas de Informação e Comunicação,0,Tesouro Municipal,3.690.485,5.540.562,6.195.857,7.219.339
22,Secretaria Municipal de Infraestrutura Urbana e Obras,10,Gabinete do Secretário,15,Urbanismo,183,Informação e Inteligência,3022,Requalificação e Promoção da Ocupação dos Espaços Públicos,5001,Aumento de Capital - SPObras,0,Tesouro Municipal,1.000,1.458,1.548,1.718
22,Secretaria Municipal de Infraestrutura Urbana e Obras,10,Gabinete do Secretário,15,Urbanismo,451,Infra-Estrutura Urbana,3009,Melhoria da Mobilidade Urbana Universal,5100,Intervenções no Sistema Viário,0,Tesouro Municipal,48.525.956,1.458,1.548,1.718
22,Secretaria Municipal de Infraestrutura Urbana e Obras,10,Gabinete do Secretário,15,Urbanismo,451,Infra-Estrutura Urbana,3009,Melhoria da Mobilidade Urbana Universal,5100,Intervenções no Sistema Viário,5,Outras Fontes,2.000,2.000,2.000,2.000
22,Secretaria Municipal de Infraestrutura Urbana e Obras,10,Gabinete do Secretário,15,Urbanismo,451,Infra-Estrutura Urbana,3009,Melhoria da Mobilidade Urbana Universal,5187,Recuperação e Reforço de Obras de Arte Especiais - OAE,0,Tesouro Municipal,144.352.000,1.458,1.548,1.718
22,Secretaria Municipal de Infraestrutura Urbana e Obras,10,Gabinete do Secretário,15,Urbanismo,451,Infra-Estrutura Urbana,3009,Melhoria da Mobilidade Urbana Universal,5287,Inspeção de Obras de Artes Especiais - OAE,0,Tesouro Municipal,1.000,1.458,1.548,1.718
22,Secretaria Municipal de Infraestrutura Urbana e Obras,10,Gabinete do Secretário,15,Urbanismo,451,Infra-Estrutura Urbana,3009,Melhoria da Mobilidade Urbana Universal,9019,Construção da Ponte Graúnas Gaivotas,0,Tesouro Municipal,4.000.000,0,0,0
22,Secretaria Municipal de Infraestrutura Urbana e Obras,10,Gabinete do Secretário,15,Urbanismo,451,Infra-Estrutura Urbana,3009,Melhoria da Mobilidade Urbana Universal,9020,Duplicação da Ponte sobre a Linha da CPTM - na Saída da Av. Pedro Roschel Gottzfritz com a Praça Beiçola,0,Tesouro Municipal,5.000.000,0,0,0
22,Secretaria Municipal de Infraestrutura Urbana e Obras,10,Gabinete do Secretário,15,Urbanismo,451,Infra-Estrutura Urbana,3009,Melhoria da Mobilidade Urbana Universal,9048,Duplicação da Ponte Jurubatuba - Irmã Agostina,0,Tesouro Municipal,1.000,0,0,0
22,Secretaria Municipal de Infraestrutura Urbana e Obras,10,Gabinete do Secretário,15,Urbanismo,451,Infra-Estrutura Urbana,3009,Melhoria da Mobilidade Urbana Universal,9049,Implantação da Ponte Graúna Gaivotas,0,Tesouro Municipal,1.000,0,0,0
22,Secretaria Municipal de Infraestrutura Urbana e Obras,10,Gabinete do Secretário,15,Urbanismo,451,Infra-Estrutura Urbana,3009,Melhoria da Mobilidade Urbana Universal,9053,Construção de Viaduto com alça de acesso na Avenida Interlagos com a Avenida Sabará,0,Tesouro Municipal,1.000,0,0,0
22,Secretaria Municipal de Infraestrutura Urbana e Obras,10,Gabinete do Secretário,15,Urbanismo,451,Infra-Estrutura Urbana,3009,Melhoria da Mobilidade Urbana Universal,9054,Alargamento de Pista no Final da Avenida Senador Teotônio Vilela até a Estrada do Jaceguava,0,Tesouro Municipal,1.000,0,0,0
22,Secretaria Municipal de Infraestrutura Urbana e Obras,10,Gabinete do Secretário,15,Urbanismo,451,Infra-Estrutura Urbana,3009,Melhoria da Mobilidade Urbana Universal,9055,Duplicação da ponte sobre a linha férrea da CPTM na Praça João Beiçola - Jardim Primavera - Subprefeitura de Capela do Socorro,0,Tesouro Municipal,5.000.000,0,0,0
22,Secretaria Municipal de Infraestrutura Urbana e Obras,10,Gabinete do Secretário,15,Urbanismo,451,Infra-Estrutura Urbana,3009,Melhoria da Mobilidade Urbana Universal,9324,"E346 - Elaboração de Projeto Executivo e Viabilização de Implantação de Obras Viárias com Acessos para as Avenida Corifeu de Azevedo Marques, Av. Cândido de Mota Filho e Avenida Politécnica.",0,Tesouro Municipal,1.000,0,0,0
22,Secretaria Municipal de Infraestrutura Urbana e Obras,10,Gabinete do Secretário,15,Urbanismo,451,Infra-Estrutura Urbana,3009,Melhoria da Mobilidade Urbana Universal,9498,Implantação do Boulevard Liberdade,0,Tesouro Municipal,0,1.000,1.000,1.000
22,Secretaria Municipal de Infraestrutura Urbana e Obras,10,Gabinete do Secretário,15,Urbanismo,451,Infra-Estrutura Urbana,3022,Requalificação e Promoção da Ocupação dos Espaços Públicos,5085,Intervenções em Próprios Municipais,0,Tesouro Municipal,12.500,16.038,17.038,18.907
22,Secretaria Municipal de Infraestrutura Urbana e Obras,10,Gabinete do Secretário,15,Urbanismo,451,Infra-Estrutura Urbana,3022,Requalificação e Promoção da Ocupação dos Espaços Públicos,5085,Intervenções em Próprios Municipais,8,Tesouro Municipal - Recursos Vinculados,1.000,1.000,1.000,1.000
22,Secretaria Municipal de Infraestrutura Urbana e Obras,10,Gabinete do Secretário,15,Urbanismo,451,Infra-Estrutura Urbana,3022,Requalificação e Promoção da Ocupação dos Espaços Públicos,5086,Intervenções no Mobiliário Urbano,0,Tesouro Municipal,2.000,1.458,1.548,1.718
22,Secretaria Municipal de Infraestrutura Urbana e Obras,10,Gabinete do Secretário,15,Urbanismo,452,Serviços Urbanos,3005,Promoção da Sustentabilidade Ambiental,5087,Compensações Ambientais,0,Tesouro Municipal,1.000,1.458,1.548,1.718
22,Secretaria Municipal de Infraestrutura Urbana e Obras,10,Gabinete do Secretário,15,Urbanismo,452,Serviços Urbanos,3022,Requalificação e Promoção da Ocupação dos Espaços Públicos,9015,"Construção da Sede da Subprefeitura de São Mateus na Área Localizada na Av. Ragueb Chohfi, altura do nº 800",0,Tesouro Municipal,1.000,0,0,0
22,Secretaria Municipal de Infraestrutura Urbana e Obras,10,Gabinete do Secretário,15,Urbanismo,452,Serviços Urbanos,3022,Requalificação e Promoção da Ocupação dos Espaços Públicos,9024,Urbanização e Pavimentação das Vias do Jd. Pantanal,0,Tesouro Municipal,4.000.000,0,0,0
22,Secretaria Municipal de Infraestrutura Urbana e Obras,10,Gabinete do Secretário,17,Saneamento,451,Infra-Estrutura Urbana,3005,Promoção da Sustentabilidade Ambiental,4902,Contraprestação de Parceria Público-Privada (PPP) - Piscinões,0,Tesouro Municipal,1.000,1.458,1.548,1.718
22,Secretaria Municipal de Infraestrutura Urbana e Obras,10,Gabinete do Secretário,17,Saneamento,451,Infra-Estrutura Urbana,3005,Promoção da Sustentabilidade Ambiental,9141,Córrego do Cordeiro e Piscinões,0,Tesouro Municipal,800.000,0,0,0
22,Secretaria Municipal de Infraestrutura Urbana e Obras,10,Gabinete do Secretário,17,Saneamento,451,Infra-Estrutura Urbana,3005,Promoção da Sustentabilidade Ambiental,9142,Córrego Sebastião Andrade Bonani - Jd Prudência,0,Tesouro Municipal,1.000.000,0,0,0
22,Secretaria Municipal de Infraestrutura Urbana e Obras,10,Gabinete do Secretário,17,Saneamento,451,Infra-Estrutura Urbana,3005,Promoção da Sustentabilidade Ambiental,9143,Córrego do Tubo - 400m - Rua João Oliva - Jd São Benedito - Capela do Socorro,0,Tesouro Municipal,1.000.000,0,0,0
22,Secretaria Municipal de Infraestrutura Urbana e Obras,10,Gabinete do Secretário,17,Saneamento,451,Infra-Estrutura Urbana,3005,Promoção da Sustentabilidade Ambiental,9144,Córrego Poli - Entre os Jardins Internacional e Dom Bosco,0,Tesouro Municipal,1.000.000,0,0,0
22,Secretaria Municipal de Infraestrutura Urbana e Obras,10,Gabinete do Secretário,17,Saneamento,451,Infra-Estrutura Urbana,3005,Promoção da Sustentabilidade Ambiental,9145,Córrego Zavuvus - Área Lindeira Subprefeitura,0,Tesouro Municipal,1.000.000,0,0,0
22,Secretaria Municipal de Infraestrutura Urbana e Obras,10,Gabinete do Secretário,17,Saneamento,451,Infra-Estrutura Urbana,3005,Promoção da Sustentabilidade Ambiental,9146,Córrego Tanquinho,0,Tesouro Municipal,1.500.000,0,0,0
22,Secretaria Municipal de Infraestrutura Urbana e Obras,10,Gabinete do Secretário,17,Saneamento,451,Infra-Estrutura Urbana,3005,Promoção da Sustentabilidade Ambiental,9147,Contenção das Margens do Córrego Olaria,0,Tesouro Municipal,120.000,0,0,0
22,Secretaria Municipal de Infraestrutura Urbana e Obras,10,Gabinete do Secretário,17,Saneamento,451,Infra-Estrutura Urbana,3005,Promoção da Sustentabilidade Ambiental,9148,Drenagem Córrego Ribeirão Cocaia e Caulim,0,Tesouro Municipal,1.000.000,0,0,0
22,Secretaria Municipal de Infraestrutura Urbana e Obras,10,Gabinete do Secretário,17,Saneamento,451,Infra-Estrutura Urbana,3005,Promoção da Sustentabilidade Ambiental,9149,"Microdrenagem em Torno das Ruas São José, Ministro Roberto Cardoso Alves e Irineu Marinho - Alto da Boa Vista",0,Tesouro Municipal,2.000.000,0,0,0
22,Secretaria Municipal de Infraestrutura Urbana e Obras,10,Gabinete do Secretário,17,Saneamento,451,Infra-Estrutura Urbana,3005,Promoção da Sustentabilidade Ambiental,9490,Implantação de Piscinão,0,Tesouro Municipal,0,5.000.000,0,0
22,Secretaria Municipal de Infraestrutura Urbana e Obras,10,Gabinete do Secretário,17,Saneamento,451,Infra-Estrutura Urbana,3008,Gestão dos Riscos e Promoção da Resiliência a Desastres e Eventos Críticos,5013,Intervenções no Sistema de Drenagem,0,Tesouro Municipal,179.039.906,1.458,1.548,1.718
22,Secretaria Municipal de Infraestrutura Urbana e Obras,10,Gabinete do Secretário,17,Saneamento,451,Infra-Estrutura Urbana,3008,Gestão dos Riscos e Promoção da Resiliência a Desastres e Eventos Críticos,5013,Intervenções no Sistema de Drenagem,1,Operações de Crédito,135.289.309,0,0,0
22,Secretaria Municipal de Infraestrutura Urbana e Obras,10,Gabinete do Secretário,17,Saneamento,451,Infra-Estrutura Urbana,3008,Gestão dos Riscos e Promoção da Resiliência a Desastres e Eventos Críticos,5013,Intervenções no Sistema de Drenagem,2,Transferências Federais,218.523.190,205.593.831,244.642.759,260.220.500
22,Secretaria Municipal de Infraestrutura Urbana e Obras,10,Gabinete do Secretário,17,Saneamento,451,Infra-Estrutura Urbana,3008,Gestão dos Riscos e Promoção da Resiliência a Desastres e Eventos Críticos,5013,Intervenções no Sistema de Drenagem,3,Transferências Estaduais,10.051.012,20.051.000,20.051.000,20.051.000
22,Secretaria Municipal de Infraestrutura Urbana e Obras,10,Gabinete do Secretário,17,Saneamento,451,Infra-Estrutura Urbana,3008,Gestão dos Riscos e Promoção da Resiliência a Desastres e Eventos Críticos,9012,Canalização Córrego Germano,0,Tesouro Municipal,9.000.000,0,0,0
22,Secretaria Municipal de Infraestrutura Urbana e Obras,10,Gabinete do Secretário,17,Saneamento,451,Infra-Estrutura Urbana,3008,Gestão dos Riscos e Promoção da Resiliência a Desastres e Eventos Críticos,9023,Obras do Córrego Itaquera Mirim e Ampliação da Av. Coroa de Frade,0,Tesouro Municipal,4.000.000,0,0,0
22,Secretaria Municipal de Infraestrutura Urbana e Obras,10,Gabinete do Secretário,17,Saneamento,451,Infra-Estrutura Urbana,3008,Gestão dos Riscos e Promoção da Resiliência a Desastres e Eventos Críticos,9497,Obras de Drenagem e entroncamento do Rio Ver. Jacú Pessêgo,0,Tesouro Municipal,0,10.000.000,0,0
22,Secretaria Municipal de Infraestrutura Urbana e Obras,10,Gabinete do Secretário,17,Saneamento,545,Meteorologia,3008,Gestão dos Riscos e Promoção da Resiliência a Desastres e Eventos Críticos,4901,Manutenção e Operação dos Sistemas de Monitoramento e Alerta de Enchentes,0,Tesouro Municipal,9.564.609,14.580.427,17.038.607,20.626.684
22,Secretaria Municipal de Infraestrutura Urbana e Obras,10,Gabinete do Secretário,26,Transporte,453,Transportes Coletivos Urbanos,3009,Melhoria da Mobilidade Urbana Universal,1095,Construção de Terminais de Ônibus,0,Tesouro Municipal,1.000,1.458,1.548,1.718
22,Secretaria Municipal de Infraestrutura Urbana e Obras,10,Gabinete do Secretário,26,Transporte,453,Transportes Coletivos Urbanos,3009,Melhoria da Mobilidade Urbana Universal,1095,Construção de Terminais de Ônibus,2,Transferências Federais,16.976.322,39.731.820,15.531.530,0
22,Secretaria Municipal de Infraestrutura Urbana e Obras,10,Gabinete do Secretário,26,Transporte,453,Transportes Coletivos Urbanos,3009,Melhoria da Mobilidade Urbana Universal,1096,"Acessibilidade, Ampliação, Reforma e Requalificação de Terminais de Ônibus",0,Tesouro Municipal,14.850.545,1.458,1.548,1.718
22,Secretaria Municipal de Infraestrutura Urbana e Obras,10,Gabinete do Secretário,26,Transporte,453,Transportes Coletivos Urbanos,3009,Melhoria da Mobilidade Urbana Universal,1099,Construção de Corredores de Ônibus,0,Tesouro Municipal,49.478.044,1.458,1.548,1.718
22,Secretaria Municipal de Infraestrutura Urbana e Obras,10,Gabinete do Secretário,26,Transporte,453,Transportes Coletivos Urbanos,3009,Melhoria da Mobilidade Urbana Universal,1099,Construção de Corredores de Ônibus,1,Operações de Crédito,996.000,105.271.420,1.000,1.000
22,Secretaria Municipal de Infraestrutura Urbana e Obras,10,Gabinete do Secretário,26,Transporte,453,Transportes Coletivos Urbanos,3009,Melhoria da Mobilidade Urbana Universal,1100,"Ampliação, Reforma e Requalificação de Corredores de Ônibus",0,Tesouro Municipal,87.650.000,1.458,1.548,1.718
22,Secretaria Municipal de Infraestrutura Urbana e Obras,10,Gabinete do Secretário,26,Transporte,453,Transportes Coletivos Urbanos,3009,Melhoria da Mobilidade Urbana Universal,5105,Intervenções na Área de Mobilidade Urbana,1,Operações de Crédito,62.418.165,0,0,0
22,Secretaria Municipal de Infraestrutura Urbana e Obras,10,Gabinete do Secretário,26,Transporte,453,Transportes Coletivos Urbanos,3009,Melhoria da Mobilidade Urbana Universal,5392,Implantação de Corredores de Ônibus Novos,1,Operações de Crédito,40.546.800,0,0,0
22,Secretaria Municipal de Infraestrutura Urbana e Obras,10,Gabinete do Secretário,26,Transporte,453,Transportes Coletivos Urbanos,3009,Melhoria da Mobilidade Urbana Universal,5392,Implantação de Corredores de Ônibus Novos,2,Transferências Federais,3.830.858,0,0,0
22,Secretaria Municipal de Infraestrutura Urbana e Obras,10,Gabinete do Secretário,27,Desporto e Lazer,813,Lazer,3015,Promoção da Cidade como Referência Global e Destino Turístico,1109,"Ampliação, Reforma e Requalificação do Autódromo de Interlagos",0,Tesouro Municipal,2.000,1.458,1.548,1.718
23,Secretaria Municipal de Inovação e Tecnologia,10,Gabinete do Secretário,4,Administração,122,Administração Geral,3011,"Modernização Tecnológica, Desburocratização e Inovação do Serviço Público",2403,Manutenção e Operação do Descomplica SP,0,Tesouro Municipal,11.990.835,20.377.519,23.211.110,24.750.766
23,Secretaria Municipal de Inovação e Tecnologia,10,Gabinete do Secretário,4,Administração,126,Tecnologia da Informação,3011,"Modernização Tecnológica, Desburocratização e Inovação do Serviço Público",1358,Construção e Implantação do Descomplica SP,0,Tesouro Municipal,23.847.840,10.217.251,23.896.348,0
23,Secretaria Municipal de Inovação e Tecnologia,10,Gabinete do Secretário,4,Administração,126,Tecnologia da Informação,3011,"Modernização Tecnológica, Desburocratização e Inovação do Serviço Público",2403,Manutenção e Operação do Descomplica SP,0,Tesouro Municipal,9.547.082,14.221.326,18.000.000,20.000.000
23,Secretaria Municipal de Inovação e Tecnologia,10,Gabinete do Secretário,4,Administração,126,Tecnologia da Informação,3011,"Modernização Tecnológica, Desburocratização e Inovação do Serviço Público",4415,"Difusão, Fomento e Pesquisas Aplicadas à Gestão de Tecnologia, Inovação e Atendimento ao Cidadão",0,Tesouro Municipal,1.357.386,604.383,588.730,559.384
23,Secretaria Municipal de Inovação e Tecnologia,10,Gabinete do Secretário,4,Administração,126,Tecnologia da Informação,3011,"Modernização Tecnológica, Desburocratização e Inovação do Serviço Público",7200,Aumento de Capital da Empresa de Tecnologia da Informação e Comunicação - PRODAM,0,Tesouro Municipal,1.000,1.208,1.177,1.118
23,Secretaria Municipal de Inovação e Tecnologia,10,Gabinete do Secretário,4,Administração,128,Formação de Recursos Humanos,3011,"Modernização Tecnológica, Desburocratização e Inovação do Serviço Público",2180,"Capacitação, Formação e Aperfeiçoamento de Servidores",0,Tesouro Municipal,84.473,120.876,117.746,111.876
23,Secretaria Municipal de Inovação e Tecnologia,10,Gabinete do Secretário,12,Educação,126,Tecnologia da Informação,3001,Acesso à Cultura,4420,Manutenção e Operação de Telecentros,0,Tesouro Municipal,9.784.747,11.966.792,11.656.856,11.075.814
23,Secretaria Municipal de Inovação e Tecnologia,10,Gabinete do Secretário,15,Urbanismo,122,Administração Geral,3011,"Modernização Tecnológica, Desburocratização e Inovação do Serviço Público",2818,"Aquisição de Materiais, Equipamentos e Serviços de Informação e Comunicação",0,Tesouro Municipal,1.454.301,1.208.766,1.177.460,1.118.769
23,Secretaria Municipal de Inovação e Tecnologia,10,Gabinete do Secretário,15,Urbanismo,122,Administração Geral,3024,Suporte Administrativo,2100,Administração da Unidade,0,Tesouro Municipal,23.964.554,27.158.158,32.419.328,33.189.588
23,Secretaria Municipal de Inovação e Tecnologia,10,Gabinete do Secretário,15,Urbanismo,126,Tecnologia da Informação,3011,"Modernização Tecnológica, Desburocratização e Inovação do Serviço Público",1220,Desenvolvimento de Sistemas de Informação e Comunicação,0,Tesouro Municipal,120.000,241.753,235.492,223.753
23,Secretaria Municipal de Inovação e Tecnologia,10,Gabinete do Secretário,15,Urbanismo,126,Tecnologia da Informação,3018,"Promoção da Cidadania, Inclusão Digital e Valorização da Diversidade",4305,Manutenção e Operação das Praças Digitais,0,Tesouro Municipal,10.469.354,13.477.583,13.981.873,14.148.460
23,Secretaria Municipal de Inovação e Tecnologia,10,Gabinete do Secretário,15,Urbanismo,126,Tecnologia da Informação,3018,"Promoção da Cidadania, Inclusão Digital e Valorização da Diversidade",4307,PROCONECTA - Promoção da Conectividade e Inclusão Digital,0,Tesouro Municipal,6.537.568,6.769.094,6.593.777,6.265.107
23,Secretaria Municipal de Inovação e Tecnologia,10,Gabinete do Secretário,15,Urbanismo,126,Tecnologia da Informação,3024,Suporte Administrativo,2171,Manutenção e Operação de Sistemas de Informação e Comunicação,0,Tesouro Municipal,11.131.295,13.900.819,13.540.793,12.865.845
23,Secretaria Municipal de Inovação e Tecnologia,10,Gabinete do Secretário,24,Comunicações,126,Tecnologia da Informação,3011,"Modernização Tecnológica, Desburocratização e Inovação do Serviço Público",4300,Manutenção e Operação da Central de Atendimento Telefônico - 156,0,Tesouro Municipal,55.816.637,46.503.515,23.070.880,45.973.652
23,Secretaria Municipal de Inovação e Tecnologia,10,Gabinete do Secretário,24,Comunicações,126,Tecnologia da Informação,3011,"Modernização Tecnológica, Desburocratização e Inovação do Serviço Público",6028,Contraprestação de Parceria Público-Privada (PPP) - Infraestrutura Subterrânea de Dutos,0,Tesouro Municipal,1.000,1.208,1.177,1.118
23,Secretaria Municipal de Inovação e Tecnologia,10,Gabinete do Secretário,24,Comunicações,131,Comunicação Social,3011,"Modernização Tecnológica, Desburocratização e Inovação do Serviço Público",4413,Ações e Protótipos para Iniciativas Inovadoras,0,Tesouro Municipal,518.500,362.630,353.238,335.630
23,Secretaria Municipal de Inovação e Tecnologia,10,Gabinete do Secretário,24,Comunicações,131,Comunicação Social,3011,"Modernização Tecnológica, Desburocratização e Inovação do Serviço Público",4414,Prospecção de Problemas Públicos e Ideação de Alternativas para Inovação,0,Tesouro Municipal,1.272.966,1.571.396,1.530.698,1.454.399
23,Secretaria Municipal de Inovação e Tecnologia,10,Gabinete do Secretário,24,Comunicações,131,Comunicação Social,3011,"Modernização Tecnológica, Desburocratização e Inovação do Serviço Público",4417,Desenvolvimento de Capacidades Estatais para a Inovação em Governo,0,Tesouro Municipal,300.000,423.068,412.111,391.569
24,Secretaria Municipal de Assistência e Desenvolvimento Social,10,Gabinete do Secretário,8,Assistência Social,122,Administração Geral,3011,"Modernização Tecnológica, Desburocratização e Inovação do Serviço Público",3002,"Ampliação, Reforma e Requalificação de Prédios Administrativos",0,Tesouro Municipal,1.000,1.000,1.000,1.000
24,Secretaria Municipal de Assistência e Desenvolvimento Social,10,Gabinete do Secretário,8,Assistência Social,122,Administração Geral,3024,Suporte Administrativo,2100,Administração da Unidade,0,Tesouro Municipal,111.772.945,121.044.663,122.162.155,128.083.147
24,Secretaria Municipal de Assistência e Desenvolvimento Social,10,Gabinete do Secretário,8,Assistência Social,126,Tecnologia da Informação,3011,"Modernização Tecnológica, Desburocratização e Inovação do Serviço Público",1220,Desenvolvimento de Sistemas de Informação e Comunicação,0,Tesouro Municipal,1.000,1.000,1.000,1.000
24,Secretaria Municipal de Assistência e Desenvolvimento Social,10,Gabinete do Secretário,8,Assistência Social,126,Tecnologia da Informação,3011,"Modernização Tecnológica, Desburocratização e Inovação do Serviço Público",2818,"Aquisição de Materiais, Equipamentos e Serviços de Informação e Comunicação",0,Tesouro Municipal,875.779,2.514.919,2.540.661,2.674.396
24,Secretaria Municipal de Assistência e Desenvolvimento Social,10,Gabinete do Secretário,8,Assistência Social,126,Tecnologia da Informação,3024,Suporte Administrativo,2171,Manutenção e Operação de Sistemas de Informação e Comunicação,0,Tesouro Municipal,117.576,122.936,118.733,117.576
24,Secretaria Municipal de Assistência e Desenvolvimento Social,10,Gabinete do Secretário,8,Assistência Social,244,Assistência Comunitária,3023,Proteção à População em Situação de Vulnerabilidade Social,9263,Projetos Sociais Diversos,0,Tesouro Municipal,500.000,0,0,0
25,Secretaria Municipal de Cultura,10,Gabinete do Secretário,13,Cultura,122,Administração Geral,3024,Suporte Administrativo,2100,Administração da Unidade,0,Tesouro Municipal,107.374.507,119.780.619,132.169.773,146.001.129
25,Secretaria Municipal de Cultura,10,Gabinete do Secretário,13,Cultura,126,Tecnologia da Informação,3011,"Modernização Tecnológica, Desburocratização e Inovação do Serviço Público",1220,Desenvolvimento de Sistemas de Informação e Comunicação,0,Tesouro Municipal,2.984.000,3.206.201,3.635.507,4.374.382
25,Secretaria Municipal de Cultura,10,Gabinete do Secretário,13,Cultura,126,Tecnologia da Informação,3011,"Modernização Tecnológica, Desburocratização e Inovação do Serviço Público",2818,"Aquisição de Materiais, Equipamentos e Serviços de Informação e Comunicação",0,Tesouro Municipal,4.942.986,5.090.135,4.744.642,4.906.874
25,Secretaria Municipal de Cultura,10,Gabinete do Secretário,13,Cultura,126,Tecnologia da Informação,3024,Suporte Administrativo,2171,Manutenção e Operação de Sistemas de Informação e Comunicação,0,Tesouro Municipal,12.327.327,9.695.143,10.181.350,10.691.868
25,Secretaria Municipal de Cultura,10,Gabinete do Secretário,13,Cultura,391,"Patrimônio Histórico, Artístico e Arqueológico",3001,Acesso à Cultura,5415,"Preservação do Patrimônio Histórico, Artístico, Cultural e Arqueológico",0,Tesouro Municipal,10.000,1.000,1.000,1.000
25,Secretaria Municipal de Cultura,10,Gabinete do Secretário,13,Cultura,391,"Patrimônio Histórico, Artístico e Arqueológico",3001,Acesso à Cultura,5421,Implantação do Memorial dos Aflitos,0,Tesouro Municipal,2.000,2.000,2.000,2.000
25,Secretaria Municipal de Cultura,10,Gabinete do Secretário,13,Cultura,391,"Patrimônio Histórico, Artístico e Arqueológico",3001,Acesso à Cultura,5421,Implantação do Memorial dos Aflitos,1,Operações de Crédito,19.240.000,1.000.000,1.000.000,1.000.000
25,Secretaria Municipal de Cultura,10,Gabinete do Secretário,13,Cultura,391,"Patrimônio Histórico, Artístico e Arqueológico",3001,Acesso à Cultura,5957,"Preservação do Patrimônio Histórico, Artístico, Cultural e Arqueológico",0,Tesouro Municipal,2.000,2.000,2.000,2.000
25,Secretaria Municipal de Cultura,10,Gabinete do Secretário,13,Cultura,391,"Patrimônio Histórico, Artístico e Arqueológico",3001,Acesso à Cultura,5957,"Preservação do Patrimônio Histórico, Artístico, Cultural e Arqueológico",1,Operações de Crédito,15.559.000,15.559.000,15.559.000,15.559.000
25,Secretaria Municipal de Cultura,10,Gabinete do Secretário,13,Cultura,391,"Patrimônio Histórico, Artístico e Arqueológico",3001,Acesso à Cultura,5957,"Preservação do Patrimônio Histórico, Artístico, Cultural e Arqueológico",2,Transferências Federais,127.037,0,0,0
25,Secretaria Municipal de Cultura,10,Gabinete do Secretário,13,Cultura,391,"Patrimônio Histórico, Artístico e Arqueológico",3001,Acesso à Cultura,6360,Manutenção e Operação de Equipamentos do Patrimônio Histórico,0,Tesouro Municipal,609.000,609.350,639.717,671.603
25,Secretaria Municipal de Cultura,10,Gabinete do Secretário,13,Cultura,391,"Patrimônio Histórico, Artístico e Arqueológico",3001,Acesso à Cultura,6405,Programação de Atividades Culturais do Departamento dos Museus Municipais,0,Tesouro Municipal,2.710.400,2.845.920,2.988.216,3.137.626
25,Secretaria Municipal de Cultura,10,Gabinete do Secretário,13,Cultura,391,"Patrimônio Histórico, Artístico e Arqueológico",3001,Acesso à Cultura,6411,Ações e Atividades Culturais do Arquivo Histórico Municipal,0,Tesouro Municipal,484.143,508.350,533.768,560.456
25,Secretaria Municipal de Cultura,10,Gabinete do Secretário,13,Cultura,391,"Patrimônio Histórico, Artístico e Arqueológico",3001,Acesso à Cultura,6412,Conservação e Valorização de Acervos do Departamento dos Museus Municipais,0,Tesouro Municipal,2.508.000,2.633.250,2.764.762,2.902.850
25,Secretaria Municipal de Cultura,10,Gabinete do Secretário,13,Cultura,391,"Patrimônio Histórico, Artístico e Arqueológico",3001,Acesso à Cultura,6413,Ações e Atividades Culturais do Departamento do Patrimônio Histórico,0,Tesouro Municipal,3.930.555,3.046.845,3.199.137,3.359.044
25,Secretaria Municipal de Cultura,10,Gabinete do Secretário,13,Cultura,391,"Patrimônio Histórico, Artístico e Arqueológico",3001,Acesso à Cultura,6416,Manutenção e Operação do Arquivo Histórico Municipal,0,Tesouro Municipal,3.387.553,3.556.930,3.734.777,3.921.516
25,Secretaria Municipal de Cultura,10,Gabinete do Secretário,13,Cultura,391,"Patrimônio Histórico, Artístico e Arqueológico",3001,Acesso à Cultura,6417,Manutenção e Operação de Equipamentos do Departamento dos Museus Municipais,0,Tesouro Municipal,15.542.933,16.320.080,17.136.084,17.992.888
25,Secretaria Municipal de Cultura,10,Gabinete do Secretário,13,Cultura,391,"Patrimônio Histórico, Artístico e Arqueológico",3001,Acesso à Cultura,9074,"Salvaguarda, Difusão e Fomento do Patrimônio Histórico, Artístico, Cultural Imaterial",0,Tesouro Municipal,1.000,0,0,0
25,Secretaria Municipal de Cultura,10,Gabinete do Secretário,13,Cultura,392,Difusão Cultural,3001,Acesso à Cultura,2007,Programação de Atividades e Eventos da Cultura Reggae,0,Tesouro Municipal,1.887.000,1.981.350,2.080.417,2.184.438
25,Secretaria Municipal de Cultura,10,Gabinete do Secretário,13,Cultura,392,Difusão Cultural,3001,Acesso à Cultura,2025,Manutenção e Operação da Biblioteca Mario de Andrade,0,Tesouro Municipal,14.592.272,13.059.645,13.712.627,14.398.258
25,Secretaria Municipal de Cultura,10,Gabinete do Secretário,13,Cultura,392,Difusão Cultural,3001,Acesso à Cultura,2026,Ações e Atividades Culturais da Biblioteca Mario de Andrade,0,Tesouro Municipal,1.636.000,1.717.800,1.803.690,1.893.874
25,Secretaria Municipal de Cultura,10,Gabinete do Secretário,13,Cultura,392,Difusão Cultural,3001,Acesso à Cultura,2433,Ações de Apoio e Memória do Audiovisual,0,Tesouro Municipal,1.000,1.000,1.000,1.000
25,Secretaria Municipal de Cultura,10,Gabinete do Secretário,13,Cultura,392,Difusão Cultural,3001,Acesso à Cultura,2434,Manutenção e Operação do Centro Cultural São Paulo,0,Tesouro Municipal,13.539.637,14.216.569,14.927.347,15.673.664
25,Secretaria Municipal de Cultura,10,Gabinete do Secretário,13,Cultura,392,Difusão Cultural,3001,Acesso à Cultura,2435,Manutenção e Operação de Centros Culturais e Teatros,0,Tesouro Municipal,26.074.664,27.378.397,28.747.317,30.184.683
25,Secretaria Municipal de Cultura,10,Gabinete do Secretário,13,Cultura,392,Difusão Cultural,3001,Acesso à Cultura,2436,Instalação de Polo Criativo na Chácara do Jockey,0,Tesouro Municipal,1.000,1.000,1.000,1.000
25,Secretaria Municipal de Cultura,10,Gabinete do Secretário,13,Cultura,392,Difusão Cultural,3001,Acesso à Cultura,2437,Manutenção e Operação do Programa Redenção,0,Tesouro Municipal,1.000,1.000,1.000,1.000
25,Secretaria Municipal de Cultura,10,Gabinete do Secretário,13,Cultura,392,Difusão Cultural,3001,Acesso à Cultura,2880,"Plano Municipal do Livro, Leitura, Literatura e Biblioteca (PMLLLB)",0,Tesouro Municipal,1.000.000,1.050.000,1.102.500,1.157.625
25,Secretaria Municipal de Cultura,10,Gabinete do Secretário,13,Cultura,392,Difusão Cultural,3001,Acesso à Cultura,3401,Implantação de Pontos e Pontões de Cultura - Cultura Viva,0,Tesouro Municipal,601.000,1.000,1.000,1.000
25,Secretaria Municipal de Cultura,10,Gabinete do Secretário,13,Cultura,392,Difusão Cultural,3001,Acesso à Cultura,4311,Execução do Programa para a Valorização de Iniciativas Culturais,0,Tesouro Municipal,9.984.200,9.991.200,10.498.445,10.705.943
25,Secretaria Municipal de Cultura,10,Gabinete do Secretário,13,Cultura,392,Difusão Cultural,3001,Acesso à Cultura,4403,Manutenção e Operação de Casas de Cultura,0,Tesouro Municipal,18.758.480,19.696.404,20.681.224,21.715.286
25,Secretaria Municipal de Cultura,10,Gabinete do Secretário,13,Cultura,392,Difusão Cultural,3001,Acesso à Cultura,5406,"Ampliação, Reforma e Requalificação de Equipamentos Culturais",0,Tesouro Municipal,6.000,1.000,1.000,1.000
25,Secretaria Municipal de Cultura,10,Gabinete do Secretário,13,Cultura,392,Difusão Cultural,3001,Acesso à Cultura,5425,Implantação da Casa de Cultura Cidade Ademar,1,Operações de Crédito,1.000.000,1.000.000,1.000.000,1.000.000
25,Secretaria Municipal de Cultura,10,Gabinete do Secretário,13,Cultura,392,Difusão Cultural,3001,Acesso à Cultura,5959,Implantação de Equipamentos Culturais,1,Operações de Crédito,1.000,18.241.000,18.241.000,18.241.000
25,Secretaria Municipal de Cultura,10,Gabinete do Secretário,13,Cultura,392,Difusão Cultural,3001,Acesso à Cultura,5960,"Ampliação, Reforma e Requalificação de Equipamentos Culturais",0,Tesouro Municipal,2.000,2.000,2.000,2.000
25,Secretaria Municipal de Cultura,10,Gabinete do Secretário,13,Cultura,392,Difusão Cultural,3001,Acesso à Cultura,5960,"Ampliação, Reforma e Requalificação de Equipamentos Culturais",1,Operações de Crédito,33.200.000,33.200.000,33.200.000,33.200.000
25,Secretaria Municipal de Cultura,10,Gabinete do Secretário,13,Cultura,392,Difusão Cultural,3001,Acesso à Cultura,5960,"Ampliação, Reforma e Requalificação de Equipamentos Culturais",2,Transferências Federais,1.024.071,1.000.000,1.000.000,1.000.000
25,Secretaria Municipal de Cultura,10,Gabinete do Secretário,13,Cultura,392,Difusão Cultural,3001,Acesso à Cultura,5961,Implantação do Fundo Municipal de Cultura,0,Tesouro Municipal,1.000,1.000,1.000,1.000
25,Secretaria Municipal de Cultura,10,Gabinete do Secretário,13,Cultura,392,Difusão Cultural,3001,Acesso à Cultura,6353,Políticas de promoção cultural,0,Tesouro Municipal,227.000,143.800,150.940,158.437
25,Secretaria Municipal de Cultura,10,Gabinete do Secretário,13,Cultura,392,Difusão Cultural,3001,Acesso à Cultura,6354,Programação de Atividades Culturais,0,Tesouro Municipal,53.391.000,39.953.000,41.548.580,43.933.433
25,Secretaria Municipal de Cultura,10,Gabinete do Secretário,13,Cultura,392,Difusão Cultural,3001,Acesso à Cultura,6354,Programação de Atividades Culturais,2,Transferências Federais,1.160.182,1.203.465,1.204.685,1.205.911
25,Secretaria Municipal de Cultura,10,Gabinete do Secretário,13,Cultura,392,Difusão Cultural,3001,Acesso à Cultura,6355,Manutenção e Operação de Bibliotecas Públicas,0,Tesouro Municipal,18.322.333,19.238.447,20.200.369,21.210.388
25,Secretaria Municipal de Cultura,10,Gabinete do Secretário,13,Cultura,392,Difusão Cultural,3001,Acesso à Cultura,6356,Programação de Atividades Culturais nas Bibliotecas Públicas,0,Tesouro Municipal,3.622.080,3.803.184,3.993.343,4.193.010
25,Secretaria Municipal de Cultura,10,Gabinete do Secretário,13,Cultura,392,Difusão Cultural,3001,Acesso à Cultura,6357,Políticas de Promoção Cultural nas Bibliotecas Públicas,0,Tesouro Municipal,6.086.000,6.390.250,6.709.712,7.045.148
25,Secretaria Municipal de Cultura,10,Gabinete do Secretário,13,Cultura,392,Difusão Cultural,3001,Acesso à Cultura,6358,Subvenção e Contribuições a Entidades Culturais,0,Tesouro Municipal,9.323.201,10.255.524,11.281.076,12.409.184
25,Secretaria Municipal de Cultura,10,Gabinete do Secretário,13,Cultura,392,Difusão Cultural,3001,Acesso à Cultura,6359,Fomento às Linguagens Artísticas,0,Tesouro Municipal,3.530.000,3.706.500,2.605.000,2.683.750
25,Secretaria Municipal de Cultura,10,Gabinete do Secretário,13,Cultura,392,Difusão Cultural,3001,Acesso à Cultura,6363,Plano Municipal de Cultura,0,Tesouro Municipal,350.000,367.500,200.000,200.000
25,Secretaria Municipal de Cultura,10,Gabinete do Secretário,13,Cultura,392,Difusão Cultural,3001,Acesso à Cultura,6364,Programa Jovem Monitor Cultural,0,Tesouro Municipal,9.513.920,9.989.616,10.489.096,11.013.551
25,Secretaria Municipal de Cultura,10,Gabinete do Secretário,13,Cultura,392,Difusão Cultural,3001,Acesso à Cultura,6365,Programa de Articulação Criativa,0,Tesouro Municipal,1.620.000,1.701.000,1.786.050,1.875.352
25,Secretaria Municipal de Cultura,10,Gabinete do Secretário,13,Cultura,392,Difusão Cultural,3001,Acesso à Cultura,6366,Programa de Ocupações Culturais,0,Tesouro Municipal,781.000,820.000,860.950,903.947
25,Secretaria Municipal de Cultura,10,Gabinete do Secretário,13,Cultura,392,Difusão Cultural,3001,Acesso à Cultura,6367,Programa de Promoção da Imagem de São Paulo no Exterior,0,Tesouro Municipal,50.000,52.500,55.125,57.881
25,Secretaria Municipal de Cultura,10,Gabinete do Secretário,13,Cultura,392,Difusão Cultural,3001,Acesso à Cultura,6371,Escola Municipal de Educação Artística - EMIA,0,Tesouro Municipal,8.431.000,8.852.500,9.295.075,9.759.778
25,Secretaria Municipal de Cultura,10,Gabinete do Secretário,13,Cultura,392,Difusão Cultural,3001,Acesso à Cultura,6372,Oficina nos Equipamentos Culturais,0,Tesouro Municipal,5.340.000,5.607.000,5.887.350,6.181.717
25,Secretaria Municipal de Cultura,10,Gabinete do Secretário,13,Cultura,392,Difusão Cultural,3001,Acesso à Cultura,6373,Programa Aldeias,0,Tesouro Municipal,1.016.746,1.067.533,1.089.249,1.127.420
25,Secretaria Municipal de Cultura,10,Gabinete do Secretário,13,Cultura,392,Difusão Cultural,3001,Acesso à Cultura,6374,Programa Piá,0,Tesouro Municipal,2.706.000,2.841.300,2.983.365,3.132.533
25,Secretaria Municipal de Cultura,10,Gabinete do Secretário,13,Cultura,392,Difusão Cultural,3001,Acesso à Cultura,6375,Programa Vocacional,0,Tesouro Municipal,2.566.800,2.695.140,2.829.897,2.971.391
25,Secretaria Municipal de Cultura,10,Gabinete do Secretário,13,Cultura,392,Difusão Cultural,3001,Acesso à Cultura,6376,Território Hip Hop (Vocacional Hip Hop),0,Tesouro Municipal,800.000,472.500,496.125,520.931
25,Secretaria Municipal de Cultura,10,Gabinete do Secretário,13,Cultura,392,Difusão Cultural,3001,Acesso à Cultura,6377,Programa de Gestão Cultural Comunitária de Espaços,0,Tesouro Municipal,3.071.000,3.224.550,3.224.550,3.224.550
25,Secretaria Municipal de Cultura,10,Gabinete do Secretário,13,Cultura,392,Difusão Cultural,3001,Acesso à Cultura,6378,Centro de Memória do Circo,0,Tesouro Municipal,856.000,636.250,668.012,701.363
25,Secretaria Municipal de Cultura,10,Gabinete do Secretário,13,Cultura,392,Difusão Cultural,3001,Acesso à Cultura,6379,Centro de Referência da Dança,0,Tesouro Municipal,686.520,720.796,756.785,794.575
25,Secretaria Municipal de Cultura,10,Gabinete do Secretário,13,Cultura,392,Difusão Cultural,3001,Acesso à Cultura,6380,Edital Redes e Ruas,0,Tesouro Municipal,7.000,7.250,7.512,7.788
25,Secretaria Municipal de Cultura,10,Gabinete do Secretário,13,Cultura,392,Difusão Cultural,3001,Acesso à Cultura,6381,Lei de Fomento ao Teatro,0,Tesouro Municipal,18.507.800,19.151.235,19.818.001,20.508.103
25,Secretaria Municipal de Cultura,10,Gabinete do Secretário,13,Cultura,392,Difusão Cultural,3001,Acesso à Cultura,6382,Lei de Fomento à Dança,0,Tesouro Municipal,9.100.800,9.555.840,10.033.632,10.535.313
25,Secretaria Municipal de Cultura,10,Gabinete do Secretário,13,Cultura,392,Difusão Cultural,3001,Acesso à Cultura,6383,Fomento ao Circo/Edital Xamego,0,Tesouro Municipal,6.350.400,5.617.920,5.898.816,6.193.756
25,Secretaria Municipal de Cultura,10,Gabinete do Secretário,13,Cultura,392,Difusão Cultural,3001,Acesso à Cultura,6384,Apoio à Cultura Negra,0,Tesouro Municipal,1.538.400,1.615.320,1.696.086,1.780.890
25,Secretaria Municipal de Cultura,10,Gabinete do Secretário,13,Cultura,392,Difusão Cultural,3001,Acesso à Cultura,6385,Prêmio Zé Renato,0,Tesouro Municipal,8.100.800,8.600.800,8.600.800,8.600.800
25,Secretaria Municipal de Cultura,10,Gabinete do Secretário,13,Cultura,392,Difusão Cultural,3001,Acesso à Cultura,6386,Fomento à Música,0,Tesouro Municipal,2.044.400,2.146.620,2.253.951,2.366.648
25,Secretaria Municipal de Cultura,10,Gabinete do Secretário,13,Cultura,392,Difusão Cultural,3001,Acesso à Cultura,6387,Fomento à Cultura da Periferia de São Paulo,0,Tesouro Municipal,14.451.060,14.831.892,15.498.949,16.196.023
25,Secretaria Municipal de Cultura,10,Gabinete do Secretário,13,Cultura,392,Difusão Cultural,3001,Acesso à Cultura,6388,Rádios Comunitárias - Lei nº 16.572/2016,0,Tesouro Municipal,4.044.400,2.146.620,2.253.951,2.366.648
25,Secretaria Municipal de Cultura,10,Gabinete do Secretário,13,Cultura,392,Difusão Cultural,3001,Acesso à Cultura,6390,Programa Municipal de Apoio a Projetos Culturais (PRO-MAC),0,Tesouro Municipal,30.570.000,30.570.000,30.570.000,30.570.000
25,Secretaria Municipal de Cultura,10,Gabinete do Secretário,13,Cultura,392,Difusão Cultural,3001,Acesso à Cultura,6391,Programação de Atividades Culturais de Centros Culturais e Teatros,0,Tesouro Municipal,6.100.000,6.405.000,6.725.250,7.061.512
25,Secretaria Municipal de Cultura,10,Gabinete do Secretário,13,Cultura,392,Difusão Cultural,3001,Acesso à Cultura,6392,Programação de Atividades Culturais de Casas de Cultura,0,Tesouro Municipal,7.280.000,7.644.000,8.026.200,8.427.510
25,Secretaria Municipal de Cultura,10,Gabinete do Secretário,13,Cultura,392,Difusão Cultural,3001,Acesso à Cultura,6393,Programação de Atividades Culturais do Centro Cultural São Paulo,0,Tesouro Municipal,3.320.000,3.486.000,3.660.300,3.843.315
25,Secretaria Municipal de Cultura,10,Gabinete do Secretário,13,Cultura,392,Difusão Cultural,3001,Acesso à Cultura,6394,Mês do Hip Hop,0,Tesouro Municipal,2.160.000,2.268.000,2.381.400,2.500.470
25,Secretaria Municipal de Cultura,10,Gabinete do Secretário,13,Cultura,392,Difusão Cultural,3001,Acesso à Cultura,6395,Realização de Eventos Culturais,0,Tesouro Municipal,531.000,1.000,1.000,1.000
25,Secretaria Municipal de Cultura,10,Gabinete do Secretário,13,Cultura,392,Difusão Cultural,3001,Acesso à Cultura,6398,Circuito Cultural de São Paulo,0,Tesouro Municipal,10.160.546,14.294.360,11.202.002,11.762.102
25,Secretaria Municipal de Cultura,10,Gabinete do Secretário,13,Cultura,392,Difusão Cultural,3001,Acesso à Cultura,6399,Realização de Projetos Culturais,0,Tesouro Municipal,1.000,1.000,1.000,1.000
25,Secretaria Municipal de Cultura,10,Gabinete do Secretário,13,Cultura,392,Difusão Cultural,3001,Acesso à Cultura,6404,Fomento e Difusão do Forró,0,Tesouro Municipal,1.509.400,534.820,561.511,589.536
25,Secretaria Municipal de Cultura,10,Gabinete do Secretário,13,Cultura,392,Difusão Cultural,3001,Acesso à Cultura,6406,Programação da Virada Cultural,0,Tesouro Municipal,13.500.000,14.175.000,14.883.750,15.627.937
25,Secretaria Municipal de Cultura,10,Gabinete do Secretário,13,Cultura,392,Difusão Cultural,3001,Acesso à Cultura,6410,Carnaval de Rua de São Paulo,0,Tesouro Municipal,500.000,525.000,551.250,578.812
25,Secretaria Municipal de Cultura,10,Gabinete do Secretário,13,Cultura,392,Difusão Cultural,3001,Acesso à Cultura,6414,Conservação e Valorização de Acervos da Biblioteca Mário de Andrade,0,Tesouro Municipal,350.000,1.000.000,1.050.000,1.102.500
25,Secretaria Municipal de Cultura,10,Gabinete do Secretário,13,Cultura,392,Difusão Cultural,3001,Acesso à Cultura,6415,Manutenção e Operação de Espaços Lúdicos e Educativos,0,Tesouro Municipal,500.000,525.000,551.250,578.812
25,Secretaria Municipal de Cultura,10,Gabinete do Secretário,13,Cultura,392,Difusão Cultural,3001,Acesso à Cultura,6420,Programa de Iniciação Artística para a Primeira Infância - PIAPI,0,Tesouro Municipal,1.292.280,1.356.894,1.424.738,1.495.975
25,Secretaria Municipal de Cultura,10,Gabinete do Secretário,13,Cultura,392,Difusão Cultural,3001,Acesso à Cultura,6421,Programa de Atração a Filmagens - Cash Rebate,0,Tesouro Municipal,1.000,1.000,1.000,1.000
25,Secretaria Municipal de Cultura,10,Gabinete do Secretário,13,Cultura,392,Difusão Cultural,3001,Acesso à Cultura,6422,Programa Municipal de Emergência Cultural da Cidade de São Paulo,0,Tesouro Municipal,1.000,1.000,1.000,1.000
25,Secretaria Municipal de Cultura,10,Gabinete do Secretário,13,Cultura,392,Difusão Cultural,3001,Acesso à Cultura,6423,Execução do Programa Museu de Arte de Rua - MAR,0,Tesouro Municipal,3.850.000,4.042.500,4.244.625,4.456.856
25,Secretaria Municipal de Cultura,10,Gabinete do Secretário,13,Cultura,392,Difusão Cultural,3001,Acesso à Cultura,6425,Ações de Apoio ao Festival Internacional do Circo,0,Tesouro Municipal,1.000,1.000,1.000,1.000
25,Secretaria Municipal de Cultura,10,Gabinete do Secretário,13,Cultura,392,Difusão Cultural,3001,Acesso à Cultura,6702,Políticas de Audiovisual,0,Tesouro Municipal,16.031.000,16.801.000,17.641.000,18.523.000
25,Secretaria Municipal de Cultura,10,Gabinete do Secretário,13,Cultura,392,Difusão Cultural,3001,Acesso à Cultura,6960,Manutenção e Operação de Equipamentos Culturais,0,Tesouro Municipal,8.323.488,6.574.658,4.766.543,5.004.820
25,Secretaria Municipal de Cultura,10,Gabinete do Secretário,13,Cultura,392,Difusão Cultural,3001,Acesso à Cultura,6960,Manutenção e Operação de Equipamentos Culturais,2,Transferências Federais,489.830,500.000,500.000,500.000
25,Secretaria Municipal de Cultura,10,Gabinete do Secretário,13,Cultura,392,Difusão Cultural,3001,Acesso à Cultura,8022,Território Hip Hop,0,Tesouro Municipal,0,700.000,800.000,1.000.000
25,Secretaria Municipal de Cultura,10,Gabinete do Secretário,13,Cultura,392,Difusão Cultural,3001,Acesso à Cultura,9004,PMLLLB - Festas Literárias,0,Tesouro Municipal,1.000.000,0,0,0
25,Secretaria Municipal de Cultura,10,Gabinete do Secretário,13,Cultura,392,Difusão Cultural,3001,Acesso à Cultura,9005,PMLLLB - Bibliotecas Comunitárias,0,Tesouro Municipal,1.000.000,0,0,0
25,Secretaria Municipal de Cultura,10,Gabinete do Secretário,13,Cultura,392,Difusão Cultural,3001,Acesso à Cultura,9006,Implantação do Centro Cultural COHAB Raposo Tavares,0,Tesouro Municipal,600.000,0,0,0
25,Secretaria Municipal de Cultura,10,Gabinete do Secretário,13,Cultura,392,Difusão Cultural,3001,Acesso à Cultura,9008,Fomento à Moda de Viola,0,Tesouro Municipal,1.200.000,0,0,0
25,Secretaria Municipal de Cultura,10,Gabinete do Secretário,13,Cultura,392,Difusão Cultural,3001,Acesso à Cultura,9018,Fomento às Comunidades do Samba,0,Tesouro Municipal,3.000.000,5.000.000,6.000.000,7.000.000
25,Secretaria Municipal de Cultura,10,Gabinete do Secretário,13,Cultura,392,Difusão Cultural,3001,Acesso à Cultura,9033,Cidade das Mulheres,0,Tesouro Municipal,1.000,0,0,0
25,Secretaria Municipal de Cultura,10,Gabinete do Secretário,13,Cultura,392,Difusão Cultural,3001,Acesso à Cultura,9044,Fomento ao Teatro para Infância e Juventude,0,Tesouro Municipal,1.000.000,0,0,0
25,Secretaria Municipal de Cultura,10,Gabinete do Secretário,13,Cultura,392,Difusão Cultural,3001,Acesso à Cultura,9045,Fomento ao Samba,0,Tesouro Municipal,800.000,600.000,650.000,700.000
25,Secretaria Municipal de Cultura,10,Gabinete do Secretário,13,Cultura,392,Difusão Cultural,3001,Acesso à Cultura,9046,Prêmio Movimenta Dança SP,0,Tesouro Municipal,800.000,550.000,600.000,650.000
25,Secretaria Municipal de Cultura,10,Gabinete do Secretário,13,Cultura,392,Difusão Cultural,3001,Acesso à Cultura,9047,Circo Escola São Remo,0,Tesouro Municipal,200.000,0,0,0
25,Secretaria Municipal de Cultura,10,Gabinete do Secretário,13,Cultura,392,Difusão Cultural,3001,Acesso à Cultura,9056,Acessibilidade comunicacional nos editais,0,Tesouro Municipal,101.000,0,0,0
25,Secretaria Municipal de Cultura,10,Gabinete do Secretário,13,Cultura,392,Difusão Cultural,3001,Acesso à Cultura,9057,Casa da Capoeira,0,Tesouro Municipal,1.000,0,0,0
25,Secretaria Municipal de Cultura,10,Gabinete do Secretário,13,Cultura,392,Difusão Cultural,3001,Acesso à Cultura,9058,"Casa de HipHop: ZN, ZL, ZS, Noroeste, Centro",0,Tesouro Municipal,1.000,0,0,0
25,Secretaria Municipal de Cultura,10,Gabinete do Secretário,13,Cultura,392,Difusão Cultural,3001,Acesso à Cultura,9059,Centro de Referência do Forró,0,Tesouro Municipal,601.000,1.100.000,1.300.000,1.500.000
25,Secretaria Municipal de Cultura,10,Gabinete do Secretário,13,Cultura,392,Difusão Cultural,3001,Acesso à Cultura,9060,CRMR - Centro de Referência e Memória do Reggae,0,Tesouro Municipal,1.000,0,0,0
25,Secretaria Municipal de Cultura,10,Gabinete do Secretário,13,Cultura,392,Difusão Cultural,3001,Acesso à Cultura,9061,Culturas Tradicionais e Populares,0,Tesouro Municipal,601.000,1.500.000,2.000.000,2.000.000
25,Secretaria Municipal de Cultura,10,Gabinete do Secretário,13,Cultura,392,Difusão Cultural,3001,Acesso à Cultura,9062,DMR (Dia Municipal do Reggae),0,Tesouro Municipal,601.000,1.500.000,2.000.000,2.000.000
25,Secretaria Municipal de Cultura,10,Gabinete do Secretário,13,Cultura,392,Difusão Cultural,3001,Acesso à Cultura,9063,Edital dos Artistas e Instituições PCD,0,Tesouro Municipal,701.000,1.100.000,1.200.000,1.500.000
25,Secretaria Municipal de Cultura,10,Gabinete do Secretário,13,Cultura,392,Difusão Cultural,3001,Acesso à Cultura,9064,Fomento á Capoeira,0,Tesouro Municipal,601.000,1.500.000,2.000.000,2.000.000
25,Secretaria Municipal de Cultura,10,Gabinete do Secretário,13,Cultura,392,Difusão Cultural,3001,Acesso à Cultura,9065,Fomento a Cultura Gorda,0,Tesouro Municipal,601.000,1.500.000,2.000.000,2.200.000
25,Secretaria Municipal de Cultura,10,Gabinete do Secretário,13,Cultura,392,Difusão Cultural,3001,Acesso à Cultura,9066,Fomento a Tecnica,0,Tesouro Municipal,601.000,1.500.000,2.000.000,2.200.000
25,Secretaria Municipal de Cultura,10,Gabinete do Secretário,13,Cultura,392,Difusão Cultural,3001,Acesso à Cultura,9067,Fomento aos Coletivos e Organizações que Ocupam Espaços Públicos com Atividades Culturais,0,Tesouro Municipal,601.000,1.500.000,2.000.000,2.200.000
25,Secretaria Municipal de Cultura,10,Gabinete do Secretário,13,Cultura,392,Difusão Cultural,3001,Acesso à Cultura,9068,Fomento às Comunidades de Samba,0,Tesouro Municipal,1.000,0,0,0
25,Secretaria Municipal de Cultura,10,Gabinete do Secretário,13,Cultura,392,Difusão Cultural,3001,Acesso à Cultura,9069,Implantação de Casas de Cultura,0,Tesouro Municipal,1.000,0,0,0
25,Secretaria Municipal de Cultura,10,Gabinete do Secretário,13,Cultura,392,Difusão Cultural,3001,Acesso à Cultura,9070,Implantação do Conselho Municipal de Política Cultural,0,Tesouro Municipal,1.000,0,0,0
25,Secretaria Municipal de Cultura,10,Gabinete do Secretário,13,Cultura,392,Difusão Cultural,3001,Acesso à Cultura,9071,Programa Movimento Danças São Paulo,0,Tesouro Municipal,1.000,0,0,0
25,Secretaria Municipal de Cultura,10,Gabinete do Secretário,13,Cultura,392,Difusão Cultural,3001,Acesso à Cultura,9072,Realização da Conferência Municipal de Cultura,0,Tesouro Municipal,1.000,0,0,0
25,Secretaria Municipal de Cultura,10,Gabinete do Secretário,13,Cultura,392,Difusão Cultural,3001,Acesso à Cultura,9073,"Reconhecimento a Mestras, Mestres e Griôs",0,Tesouro Municipal,1.000,0,0,0
25,Secretaria Municipal de Cultura,10,Gabinete do Secretário,13,Cultura,392,Difusão Cultural,3001,Acesso à Cultura,9075,Semana da Capoeira,0,Tesouro Municipal,1.000,0,0,0
25,Secretaria Municipal de Cultura,10,Gabinete do Secretário,13,Cultura,392,Difusão Cultural,3001,Acesso à Cultura,9076,SP Indígena,0,Tesouro Municipal,601.000,1.500.000,2.000.000,2.200.000
25,Secretaria Municipal de Cultura,10,Gabinete do Secretário,13,Cultura,392,Difusão Cultural,3001,Acesso à Cultura,9077,Construção de Casa De Capoeira na Região de Santo Amaro,0,Tesouro Municipal,1.000,2.000.000,2.000.000,1.000.000
25,Secretaria Municipal de Cultura,10,Gabinete do Secretário,13,Cultura,392,Difusão Cultural,3001,Acesso à Cultura,9078,Contrução da Casa de Cultura de Pedreira,0,Tesouro Municipal,1.000,2.000.000,2.000.000,1.000.000
25,Secretaria Municipal de Cultura,10,Gabinete do Secretário,13,Cultura,392,Difusão Cultural,3001,Acesso à Cultura,9079,Construção da Casa de Samba na Região de Santo Amaro,0,Tesouro Municipal,1.000,2.000.000,2.000.000,1.000.000
25,Secretaria Municipal de Cultura,10,Gabinete do Secretário,13,Cultura,392,Difusão Cultural,3001,Acesso à Cultura,9080,Construção de Memorial Municipal da Capoeira,0,Tesouro Municipal,1.000,0,0,0
25,Secretaria Municipal de Cultura,10,Gabinete do Secretário,13,Cultura,392,Difusão Cultural,3001,Acesso à Cultura,9090,"Ações Previstas na Lei 17.694, de 22 de Outubro de 2021, convênio com a Cinemateca Brasileira",0,Tesouro Municipal,201.000,0,0,0
25,Secretaria Municipal de Cultura,10,Gabinete do Secretário,13,Cultura,392,Difusão Cultural,3001,Acesso à Cultura,9157,"Comemoração do ""Dia Municipal da Cultura Evangélica"" - 09 de Julho - Lei nº 14.232 de 07 de Novembro de 2006",0,Tesouro Municipal,1.000.000,0,0,0
25,Secretaria Municipal de Cultura,10,Gabinete do Secretário,13,Cultura,392,Difusão Cultural,3001,Acesso à Cultura,9347,E97 - Eventos e Projetos Culturais de Valorização da Periferia de São Paulo,0,Tesouro Municipal,850.000,0,0,0
25,Secretaria Municipal de Cultura,10,Gabinete do Secretário,13,Cultura,392,Difusão Cultural,3001,Acesso à Cultura,9348,E6705 - Ações para Promoção de uma Cidade Lúdica e Estimulante para as Crianças - SP CIDADE DE BRINCAR,0,Tesouro Municipal,1.100.000,0,0,0
25,Secretaria Municipal de Cultura,10,Gabinete do Secretário,13,Cultura,392,Difusão Cultural,3001,Acesso à Cultura,9354,E998 - Execução de Projetos Artísticos - Culturais de Rap e Raggae na Casa de Cultura do Butantã,0,Tesouro Municipal,60.000,0,0,0
25,Secretaria Municipal de Cultura,10,Gabinete do Secretário,13,Cultura,392,Difusão Cultural,3001,Acesso à Cultura,9355,"E999 - Realização de Projeto Voltado para o dia 25/07 - Dia da Mulher Negra, Latino-Americana e Caribenha, a ser Executado pela ANDDDES Agencia Nacional de Defesa e Garantia dos Direitos Difusos a Educação e Saúde - CNPJ 21.624.370/0002-50",0,Tesouro Municipal,70.000,0,0,0
25,Secretaria Municipal de Cultura,10,Gabinete do Secretário,13,Cultura,392,Difusão Cultural,3001,Acesso à Cultura,9366,E5551 - Projeto Só Para Mulheres cantar - Brasilândia comunidade Consciente,0,Tesouro Municipal,100.000,0,0,0
25,Secretaria Municipal de Cultura,10,Gabinete do Secretário,13,Cultura,392,Difusão Cultural,3001,Acesso à Cultura,9367,E5552 - Projeto: Cantam Celebridades Tributos (Eles e Elas) Savic Hipi Hop / Rádio Jornal,0,Tesouro Municipal,100.000,0,0,0
25,Secretaria Municipal de Cultura,10,Gabinete do Secretário,13,Cultura,392,Difusão Cultural,3001,Acesso à Cultura,9368,E5553 - Projeto: Favela Vive Canta comunidade Icarai,0,Tesouro Municipal,100.000,0,0,0
25,Secretaria Municipal de Cultura,10,Gabinete do Secretário,13,Cultura,392,Difusão Cultural,3001,Acesso à Cultura,9369,E5554 - Projeto Festival de Samba Realização de Sonhos,0,Tesouro Municipal,100.000,0,0,0
25,Secretaria Municipal de Cultura,10,Gabinete do Secretário,13,Cultura,392,Difusão Cultural,3001,Acesso à Cultura,9370,E5555 - Projeto Social Samba é Cultura Comunidade Consciente,0,Tesouro Municipal,100.000,0,0,0
25,Secretaria Municipal de Cultura,10,Gabinete do Secretário,13,Cultura,392,Difusão Cultural,3001,Acesso à Cultura,9371,E5558 - Eventos Culturais a Serem Realizados pela SMC,0,Tesouro Municipal,450.000,0,0,0
25,Secretaria Municipal de Cultura,10,Gabinete do Secretário,13,Cultura,392,Difusão Cultural,3001,Acesso à Cultura,9372,E5559 - Projeto Cantando pela Vida,0,Tesouro Municipal,350.000,0,0,0
25,Secretaria Municipal de Cultura,10,Gabinete do Secretário,13,Cultura,392,Difusão Cultural,3001,Acesso à Cultura,9376,E1648 - Bloco das Emílias e Viscondes,0,Tesouro Municipal,50.000,0,0,0
25,Secretaria Municipal de Cultura,10,Gabinete do Secretário,13,Cultura,392,Difusão Cultural,3001,Acesso à Cultura,9377,E1649 - 30 Anos de Rock,0,Tesouro Municipal,60.000,0,0,0
25,Secretaria Municipal de Cultura,10,Gabinete do Secretário,13,Cultura,392,Difusão Cultural,3001,Acesso à Cultura,9378,E1651 - Espetáculos sobre Literatura com Leituras Obrigatórias de Vestibulares e Clássicos Infantis,0,Tesouro Municipal,250.000,0,0,0
25,Secretaria Municipal de Cultura,10,Gabinete do Secretário,13,Cultura,392,Difusão Cultural,3001,Acesso à Cultura,9379,E1655 - Documentário Frei Betto,0,Tesouro Municipal,350.000,0,0,0
25,Secretaria Municipal de Cultura,10,Gabinete do Secretário,13,Cultura,392,Difusão Cultural,3001,Acesso à Cultura,9381,E1657 - Bienal Afro Brasileira do Livro,0,Tesouro Municipal,100.000,0,0,0
25,Secretaria Municipal de Cultura,10,Gabinete do Secretário,13,Cultura,392,Difusão Cultural,3001,Acesso à Cultura,9383,E1659 - Espetáculo Teatral: Quando o Discurso Autoriza a Barbárie,0,Tesouro Municipal,150.000,0,0,0
25,Secretaria Municipal de Cultura,10,Gabinete do Secretário,13,Cultura,392,Difusão Cultural,3001,Acesso à Cultura,9384,E1660 - Corrente Libertadora,0,Tesouro Municipal,50.000,0,0,0
25,Secretaria Municipal de Cultura,10,Gabinete do Secretário,13,Cultura,392,Difusão Cultural,3001,Acesso à Cultura,9385,E1661 - HIP HOP Brasil,0,Tesouro Municipal,80.000,0,0,0
25,Secretaria Municipal de Cultura,10,Gabinete do Secretário,13,Cultura,392,Difusão Cultural,3001,Acesso à Cultura,9389,"E1670 - Cia Mungunzá, uma Relação Visceral com o Teatro",0,Tesouro Municipal,160.000,0,0,0
25,Secretaria Municipal de Cultura,10,Gabinete do Secretário,13,Cultura,392,Difusão Cultural,3001,Acesso à Cultura,9390,E1671 - Semana Ode para Conter o Embrutecimento,0,Tesouro Municipal,350.000,0,0,0
25,Secretaria Municipal de Cultura,10,Gabinete do Secretário,13,Cultura,392,Difusão Cultural,3001,Acesso à Cultura,9391,"E1672 - Toda Terça Tem Trabalho, Tem Também Teatro!",0,Tesouro Municipal,100.000,0,0,0
25,Secretaria Municipal de Cultura,10,Gabinete do Secretário,13,Cultura,392,Difusão Cultural,3001,Acesso à Cultura,9392,E1679 - Eco Escola Teatral,0,Tesouro Municipal,100.000,0,0,0
25,Secretaria Municipal de Cultura,10,Gabinete do Secretário,13,Cultura,392,Difusão Cultural,3001,Acesso à Cultura,9399,E624 - Projeto Cultural Som na Praça Executado pela Associação Centro Arte Educação São Mateus em Movimento (CNPJ nº14.315.341/0001-60),0,Tesouro Municipal,50.000,0,0,0
25,Secretaria Municipal de Cultura,10,Gabinete do Secretário,13,Cultura,392,Difusão Cultural,3001,Acesso à Cultura,9400,E625 - Projeto cultural  Zona Autônoma Literária do Bixiga executado pela Associação Ateliê do Bexiga (CNPJ nº 30.341.558/0001-00),0,Tesouro Municipal,70.000,0,0,0
25,Secretaria Municipal de Cultura,10,Gabinete do Secretário,13,Cultura,392,Difusão Cultural,3001,Acesso à Cultura,9401,E626 - Projeto cultural Ayodele Balé Escola de Formação em Danças Preferencialmente para a População Negra e Indígena e para a População não Negra de Baixa Renda Executado pelo INSTITUTO INCUBE (CNPJ nº 8.659.852/0001-68),0,Tesouro Municipal,80.000,0,0,0
25,Secretaria Municipal de Cultura,10,Gabinete do Secretário,13,Cultura,392,Difusão Cultural,3001,Acesso à Cultura,9402,E627 - Projeto cultural Estação povoar (Periferia livre) Executado pela Associação de Arte e Cultura Periferia Invisível (CNPJ: 13.196.482/0001-49),0,Tesouro Municipal,70.000,0,0,0
25,Secretaria Municipal de Cultura,10,Gabinete do Secretário,13,Cultura,392,Difusão Cultural,3001,Acesso à Cultura,9403,E628 - Projeto cultural Canções que guardam Poema xecutado por Associação Centro Arte Educação São Mateus em Movimento (CNPJ nº14.315.341/0001-60),0,Tesouro Municipal,80.000,0,0,0
25,Secretaria Municipal de Cultura,10,Gabinete do Secretário,13,Cultura,392,Difusão Cultural,3001,Acesso à Cultura,9405,E634 - Projeto cultural Cia Brasilica Deca Madureira Executado pela Cooperativa Paulista de Trabalho dos Profissionais de Dança (CNPJ 07.953.804/0001-54),0,Tesouro Municipal,50.000,0,0,0
25,Secretaria Municipal de Cultura,10,Gabinete do Secretário,13,Cultura,392,Difusão Cultural,3001,Acesso à Cultura,9410,"E6628 - Ampliação e Melhoria dos Equipamentos de Cultura, com a Implantação de uma Casa de Cultura nos Distritos de Vila Maria e Vila Medeiros",0,Tesouro Municipal,1.000,0,0,0
25,Secretaria Municipal de Cultura,10,Gabinete do Secretário,13,Cultura,392,Difusão Cultural,3001,Acesso à Cultura,9485,Implantação de Centro de Memória do Circo,0,Tesouro Municipal,0,415.000,500.000,550.000
25,Secretaria Municipal de Cultura,10,Gabinete do Secretário,13,Cultura,392,Difusão Cultural,3001,Acesso à Cultura,9486,Implantação de pontos e pontões de Cultura,0,Tesouro Municipal,0,1.500.000,2.000.000,2.200.000
25,Secretaria Municipal de Cultura,10,Gabinete do Secretário,13,Cultura,392,Difusão Cultural,3017,"Promoção de Atividades Esportivas, Recreativas e de Lazer",2397,Manutenção e Operação de Ruas da Gente,0,Tesouro Municipal,1.000,1.000,1.000,1.000
25,Secretaria Municipal de Cultura,10,Gabinete do Secretário,13,Cultura,392,Difusão Cultural,3020,Promoção da Economia Criativa,5426,Implantação de Distritos Criativos,1,Operações de Crédito,1.000.000,1.000.000,1.000.000,1.000.000
25,Secretaria Municipal de Cultura,10,Gabinete do Secretário,13,Cultura,392,Difusão Cultural,3020,Promoção da Economia Criativa,6418,Manutenção e Operação de Distritos Criativos,0,Tesouro Municipal,1.265.095,1.000.000,1.000.000,1.000.000
26,Secretaria Municipal de Justiça,10,Gabinete do Secretário,4,Administração,122,Administração Geral,3024,Suporte Administrativo,2100,Administração da Unidade,0,Tesouro Municipal,3.872.413,4.215.852,4.232.718,4.256.607
26,Secretaria Municipal de Justiça,10,Gabinete do Secretário,4,Administração,126,Tecnologia da Informação,3011,"Modernização Tecnológica, Desburocratização e Inovação do Serviço Público",1220,Desenvolvimento de Sistemas de Informação e Comunicação,0,Tesouro Municipal,1.000,1.101,1.063,1.008
26,Secretaria Municipal de Justiça,10,Gabinete do Secretário,4,Administração,126,Tecnologia da Informação,3011,"Modernização Tecnológica, Desburocratização e Inovação do Serviço Público",2818,"Aquisição de Materiais, Equipamentos e Serviços de Informação e Comunicação",0,Tesouro Municipal,8.500,16.528,15.957,15.120
26,Secretaria Municipal de Justiça,10,Gabinete do Secretário,4,Administração,126,Tecnologia da Informação,3024,Suporte Administrativo,2171,Manutenção e Operação de Sistemas de Informação e Comunicação,0,Tesouro Municipal,15.000,372.816,395.918,412.673
27,Secretaria Municipal do Verde e do Meio Ambiente,10,Gabinete do Secretário,18,Gestão Ambiental,122,Administração Geral,3024,Suporte Administrativo,2100,Administração da Unidade,0,Tesouro Municipal,90.891.845,95.686.276,99.701.306,105.481.067
27,Secretaria Municipal do Verde e do Meio Ambiente,10,Gabinete do Secretário,18,Gestão Ambiental,126,Tecnologia da Informação,3011,"Modernização Tecnológica, Desburocratização e Inovação do Serviço Público",1220,Desenvolvimento de Sistemas de Informação e Comunicação,0,Tesouro Municipal,1.000,1.000,1.000,0
27,Secretaria Municipal do Verde e do Meio Ambiente,10,Gabinete do Secretário,18,Gestão Ambiental,126,Tecnologia da Informação,3011,"Modernização Tecnológica, Desburocratização e Inovação do Serviço Público",2818,"Aquisição de Materiais, Equipamentos e Serviços de Informação e Comunicação",0,Tesouro Municipal,1.758.515,1.860.153,1.945.268,2.067.793
27,Secretaria Municipal do Verde e do Meio Ambiente,10,Gabinete do Secretário,18,Gestão Ambiental,126,Tecnologia da Informação,3024,Suporte Administrativo,2171,Manutenção e Operação de Sistemas de Informação e Comunicação,0,Tesouro Municipal,12.424.480,13.142.569,13.743.923,14.609.591
27,Secretaria Municipal do Verde e do Meio Ambiente,10,Gabinete do Secretário,18,Gestão Ambiental,541,Preservação e Conservação Ambiental,3005,Promoção da Sustentabilidade Ambiental,1702,Construção e Implantação de Parques Urbanos e Lineares,0,Tesouro Municipal,101.000,1.000,1.000,0
27,Secretaria Municipal do Verde e do Meio Ambiente,10,Gabinete do Secretário,18,Gestão Ambiental,541,Preservação e Conservação Ambiental,3005,Promoção da Sustentabilidade Ambiental,1703,"Ampliação, Reforma e Requalificação de Parques Urbanos e Lineares",0,Tesouro Municipal,1.000,1.000,1.000,0
27,Secretaria Municipal do Verde e do Meio Ambiente,10,Gabinete do Secretário,18,Gestão Ambiental,541,Preservação e Conservação Ambiental,3005,Promoção da Sustentabilidade Ambiental,1704,Construção e Implantação de Unidades de Conservação,0,Tesouro Municipal,1.000,1.000,1.000,0
27,Secretaria Municipal do Verde e do Meio Ambiente,10,Gabinete do Secretário,18,Gestão Ambiental,541,Preservação e Conservação Ambiental,3005,Promoção da Sustentabilidade Ambiental,1705,"Ampliação, Reforma e Requalificação de Unidades de Conservação",0,Tesouro Municipal,1.000,1.000,1.000,1.000
27,Secretaria Municipal do Verde e do Meio Ambiente,10,Gabinete do Secretário,18,Gestão Ambiental,541,Preservação e Conservação Ambiental,3005,Promoção da Sustentabilidade Ambiental,2702,Manutenção e Operação de Unidades de Conservação,0,Tesouro Municipal,17.807.734,18.836.956,19.698.861,20.939.606
27,Secretaria Municipal do Verde e do Meio Ambiente,10,Gabinete do Secretário,18,Gestão Ambiental,541,Preservação e Conservação Ambiental,3005,Promoção da Sustentabilidade Ambiental,2703,Manutenção e Operação de Parques Urbanos e Lineares,0,Tesouro Municipal,289.766.766,292.839.520,297.087.620,303.202.907
27,Secretaria Municipal do Verde e do Meio Ambiente,10,Gabinete do Secretário,18,Gestão Ambiental,541,Preservação e Conservação Ambiental,3005,Promoção da Sustentabilidade Ambiental,2704,Manutenção e Operação dos Planetários Municipais,0,Tesouro Municipal,3.094.617,3.273.475,3.423.258,3.638.874
27,Secretaria Municipal do Verde e do Meio Ambiente,10,Gabinete do Secretário,18,Gestão Ambiental,541,Preservação e Conservação Ambiental,3005,Promoção da Sustentabilidade Ambiental,6651,Manutenção e Operação dos Serviços de Atendimento e Manejo da Fauna Silvestre,0,Tesouro Municipal,7.532.004,7.967.326,8.331.881,8.856.669
27,Secretaria Municipal do Verde e do Meio Ambiente,10,Gabinete do Secretário,18,Gestão Ambiental,541,Preservação e Conservação Ambiental,3005,Promoção da Sustentabilidade Ambiental,6660,"Fiscalização, Monitoramento e Controle Ambiental",0,Tesouro Municipal,1.000,1.000,1.000,1.000
27,Secretaria Municipal do Verde e do Meio Ambiente,10,Gabinete do Secretário,18,Gestão Ambiental,541,Preservação e Conservação Ambiental,3005,Promoção da Sustentabilidade Ambiental,6669,Educação Ambiental,0,Tesouro Municipal,2.191.834,2.318.515,2.424.604,2.577.321
27,Secretaria Municipal do Verde e do Meio Ambiente,10,Gabinete do Secretário,18,Gestão Ambiental,541,Preservação e Conservação Ambiental,3005,Promoção da Sustentabilidade Ambiental,6681,Manutenção e Operação do Herbário Municipal,0,Tesouro Municipal,45.700,48.342,50.555,53.741
27,Secretaria Municipal do Verde e do Meio Ambiente,10,Gabinete do Secretário,18,Gestão Ambiental,541,Preservação e Conservação Ambiental,3005,Promoção da Sustentabilidade Ambiental,6682,Manutenção e Operação de Viveiros,0,Tesouro Municipal,3.922.270,4.148.964,4.338.805,4.612.088
27,Secretaria Municipal do Verde e do Meio Ambiente,10,Gabinete do Secretário,18,Gestão Ambiental,541,Preservação e Conservação Ambiental,3005,Promoção da Sustentabilidade Ambiental,7117,Recuperação de áreas degradadas e/ou contaminadas,0,Tesouro Municipal,1.000,1.000,1.000,1.000
27,Secretaria Municipal do Verde e do Meio Ambiente,10,Gabinete do Secretário,18,Gestão Ambiental,541,Preservação e Conservação Ambiental,3005,Promoção da Sustentabilidade Ambiental,7127,"Estudos, Planos e Projetos Ambientais",0,Tesouro Municipal,1.000,1.000,1.000,0
27,Secretaria Municipal do Verde e do Meio Ambiente,10,Gabinete do Secretário,18,Gestão Ambiental,541,Preservação e Conservação Ambiental,3005,Promoção da Sustentabilidade Ambiental,7127,"Estudos, Planos e Projetos Ambientais",3,Transferências Estaduais,1.615.000,0,0,0
27,Secretaria Municipal do Verde e do Meio Ambiente,10,Gabinete do Secretário,18,Gestão Ambiental,541,Preservação e Conservação Ambiental,3005,Promoção da Sustentabilidade Ambiental,7130,Plantio de Árvores,0,Tesouro Municipal,8.221.000,10.170.000,5.160.000,0
27,Secretaria Municipal do Verde e do Meio Ambiente,10,Gabinete do Secretário,18,Gestão Ambiental,541,Preservação e Conservação Ambiental,3005,Promoção da Sustentabilidade Ambiental,8017,E1005 - Manutenção do Prédio do Núcleo de Memória do Parque Chácara do Jóquei,0,Tesouro Municipal,50.000,0,0,0
27,Secretaria Municipal do Verde e do Meio Ambiente,10,Gabinete do Secretário,18,Gestão Ambiental,541,Preservação e Conservação Ambiental,3005,Promoção da Sustentabilidade Ambiental,9106,Criação do Parque Linear Jurubatura,0,Tesouro Municipal,1.000,0,0,0
27,Secretaria Municipal do Verde e do Meio Ambiente,10,Gabinete do Secretário,18,Gestão Ambiental,541,Preservação e Conservação Ambiental,3005,Promoção da Sustentabilidade Ambiental,9357,E1006 - Projeto Viva a Agroecologia nas Escolas Municipais a ser Executado pelo Instituto Kairós - Ética e Atuação Responsável - CNPJ.: 07.037.770/0001-58,0,Tesouro Municipal,50.000,0,0,0
27,Secretaria Municipal do Verde e do Meio Ambiente,10,Gabinete do Secretário,18,Gestão Ambiental,541,Preservação e Conservação Ambiental,3005,Promoção da Sustentabilidade Ambiental,9386,E1667 - Viva Agroecologia e Sabores da Agricultura Familiar,0,Tesouro Municipal,85.000,0,0,0
27,Secretaria Municipal do Verde e do Meio Ambiente,10,Gabinete do Secretário,18,Gestão Ambiental,541,Preservação e Conservação Ambiental,3005,Promoção da Sustentabilidade Ambiental,9394,E614 - Projeto Ambiental Viva Agroecologia Executado pelo Instituto Kairos (CNPJ nº 07037770/0001-58),0,Tesouro Municipal,50.000,0,0,0
27,Secretaria Municipal do Verde e do Meio Ambiente,10,Gabinete do Secretário,18,Gestão Ambiental,541,Preservação e Conservação Ambiental,3005,Promoção da Sustentabilidade Ambiental,9491,Implantação do anexo do Parque da Independência,0,Tesouro Municipal,0,1.000,1.000,1.000
27,Secretaria Municipal do Verde e do Meio Ambiente,10,Gabinete do Secretário,18,Gestão Ambiental,541,Preservação e Conservação Ambiental,3005,Promoção da Sustentabilidade Ambiental,9492,"Criação de área ambiental e convivência localizado na Rua Fraternidade, 803.",0,Tesouro Municipal,0,45.000.000,0,0
27,Secretaria Municipal do Verde e do Meio Ambiente,10,Gabinete do Secretário,18,Gestão Ambiental,541,Preservação e Conservação Ambiental,3005,Promoção da Sustentabilidade Ambiental,9493,Readequação do Parque Alto Boa Vista,0,Tesouro Municipal,0,2.000.000,0,0
27,Secretaria Municipal do Verde e do Meio Ambiente,10,Gabinete do Secretário,18,Gestão Ambiental,542,Controle Ambiental,3005,Promoção da Sustentabilidade Ambiental,6660,"Fiscalização, Monitoramento e Controle Ambiental",0,Tesouro Municipal,2.000.000,2.115.593,2.212.395,2.351.744
28,Encargos Gerais do Município,12,Recursos Superv. pela Secr. Municipal de Coordenação das Subprefeitura,15,Urbanismo,452,Serviços Urbanos,3011,"Modernização Tecnológica, Desburocratização e Inovação do Serviço Público",6854,Reembolso ao Serviço Funerário,0,Tesouro Municipal,1.813.468,2.070.000,2.070.000,2.070.000
28,Encargos Gerais do Município,13,Recursos Superv. pela Secretaria Executiva de Gestão,4,Administração,122,Administração Geral,3004,Benefícios e Previdência de Funcionários,6820,Servidores Comissionados em Outras Entidades,0,Tesouro Municipal,60.002.500,60.600.000,61.206.000,61.818.060
28,Encargos Gerais do Município,13,Recursos Superv. pela Secretaria Executiva de Gestão,9,Previdência Social,271,Previdência Básica,3004,Benefícios e Previdência de Funcionários,6821,Obrigações e Contribuições Patronais,0,Tesouro Municipal,531.084.212,503.698.701,503.698.701,503.698.701
28,Encargos Gerais do Município,13,Recursos Superv. pela Secretaria Executiva de Gestão,9,Previdência Social,271,Previdência Básica,3004,Benefícios e Previdência de Funcionários,6823,Obrigações e Contribuições Patronais RPPS Educação,0,Tesouro Municipal,1.860.045.304,1.860.045.304,1.860.045.304,1.860.045.304
28,Encargos Gerais do Município,13,Recursos Superv. pela Secretaria Executiva de Gestão,9,Previdência Social,271,Previdência Básica,3004,Benefícios e Previdência de Funcionários,6824,Obrigações e Contribuições Patronais RPPS Saúde,0,Tesouro Municipal,413.953.471,426.347.112,426.347.112,426.347.112
28,Encargos Gerais do Município,13,Recursos Superv. pela Secretaria Executiva de Gestão,9,Previdência Social,271,Previdência Básica,3004,Benefícios e Previdência de Funcionários,8100,Aporte do IRRF para cobertura do deficit atuarial do RPPS,0,Tesouro Municipal,2.573.214.205,0,0,0
28,Encargos Gerais do Município,13,Recursos Superv. pela Secretaria Executiva de Gestão,11,Trabalho,331,Proteção e Benefícios ao Trabalhador,3004,Benefícios e Previdência de Funcionários,6801,Salário Esposa,0,Tesouro Municipal,1.000,1.000,1.000,1.000
28,Encargos Gerais do Município,13,Recursos Superv. pela Secretaria Executiva de Gestão,11,Trabalho,331,Proteção e Benefícios ao Trabalhador,3004,Benefícios e Previdência de Funcionários,6826,Auxílio Funeral,0,Tesouro Municipal,5.652.176,6.000.000,6.000.000,6.000.000
28,Encargos Gerais do Município,14,Recursos Superv. pela Secretaria Municipal de Habitação,15,Urbanismo,452,Serviços Urbanos,3022,Requalificação e Promoção da Ocupação dos Espaços Públicos,6807,Recuperação de Fachadas Históricas na Área Central,0,Tesouro Municipal,1.000.000,1.000.000,1.000.000,1.000.000
28,Encargos Gerais do Município,17,Recursos Superv. pela Secretaria Municipal da Fazenda,4,Administração,122,Administração Geral,0,Encargos Especiais,46,Outras Dívidas,0,Tesouro Municipal,1.000,1.000,1.000,1.000
28,Encargos Gerais do Município,17,Recursos Superv. pela Secretaria Municipal da Fazenda,4,Administração,122,Administração Geral,0,Encargos Especiais,4110,Restituição de Amortização Extraordinária e Liquidação Antecipada,0,Tesouro Municipal,6.000.000,0,0,0
28,Encargos Gerais do Município,17,Recursos Superv. pela Secretaria Municipal da Fazenda,4,Administração,122,Administração Geral,3019,Promoção do Crescimento Econômico e Geração de Postos de Trabalho e Oportunidades,7205,Aporte para Garantia de PPP's e Projetos de Infraestrutura,0,Tesouro Municipal,18.840.916,2.000.000,2.000.000,2.000.000
28,Encargos Gerais do Município,17,Recursos Superv. pela Secretaria Municipal da Fazenda,4,Administração,123,Administração Financeira,0,Encargos Especiais,22,Recomposição de Depósitos Judiciais,0,Tesouro Municipal,903.903.357,962.720.492,996.415.709,1.031.290.258
28,Encargos Gerais do Município,17,Recursos Superv. pela Secretaria Municipal da Fazenda,4,Administração,123,Administração Financeira,0,Encargos Especiais,6833,Encargos Referentes a Arrecadação,0,Tesouro Municipal,24.250.000,25.500.000,26.500.000,28.000.000
28,Encargos Gerais do Município,17,Recursos Superv. pela Secretaria Municipal da Fazenda,4,Administração,123,Administração Financeira,0,Encargos Especiais,6836,Encargos Referentes a Pagamentos de Manutenção de Conta Corrente,0,Tesouro Municipal,5.000,5.000,5.000,5.000
28,Encargos Gerais do Município,17,Recursos Superv. pela Secretaria Municipal da Fazenda,4,Administração,123,Administração Financeira,0,Encargos Especiais,6837,Restituição de Receitas Descontinuadas,0,Tesouro Municipal,700.000,700.000,700.000,700.000
28,Encargos Gerais do Município,17,Recursos Superv. pela Secretaria Municipal da Fazenda,4,Administração,123,Administração Financeira,0,Encargos Especiais,6838,Encargos pela Manutenção do Fundo de Depósitos Judiciais nas quais o Município é Parte,0,Tesouro Municipal,122.000.000,122.000.000,122.000.000,122.000.000
28,Encargos Gerais do Município,17,Recursos Superv. pela Secretaria Municipal da Fazenda,4,Administração,123,Administração Financeira,0,Encargos Especiais,6839,Encargos pela Manutenção do Fundo de Depósitos Judiciais nas quais o Município não é Parte,0,Tesouro Municipal,1.000,1.000,1.000,1.000
28,Encargos Gerais do Município,17,Recursos Superv. pela Secretaria Municipal da Fazenda,9,Previdência Social,331,Proteção e Benefícios ao Trabalhador,3004,Benefícios e Previdência de Funcionários,6825,Contribuição Formação Patrimônio Servidor Público - PASEP,0,Tesouro Municipal,620.607.092,657.785.697,697.182.376,738.937.355
28,Encargos Gerais do Município,17,Recursos Superv. pela Secretaria Municipal da Fazenda,11,Trabalho,334,Fomento ao Trabalho,3019,Promoção do Crescimento Econômico e Geração de Postos de Trabalho e Oportunidades,7204,Programa de Incentivo Fiscal Relacionado à Arena Corinthians,0,Tesouro Municipal,70.000.000,70.000.000,70.000.000,70.000.000
28,Encargos Gerais do Município,17,Recursos Superv. pela Secretaria Municipal da Fazenda,28,Encargos Especiais,841,Refinanciamento da Dívida Interna,0,Encargos Especiais,8,Serviço da Dívida Pública Interna - Refinanciamento,0,Tesouro Municipal,3.483.330.117,3.629.997.815,3.782.565.556,3.952.170.112
28,Encargos Gerais do Município,17,Recursos Superv. pela Secretaria Municipal da Fazenda,28,Encargos Especiais,843,Serviço da Dívida Interna,0,Encargos Especiais,4,Serviço da Dívida Pública Interna,0,Tesouro Municipal,768.470.921,1.052.144.092,1.513.050.726,1.796.625.995
28,Encargos Gerais do Município,17,Recursos Superv. pela Secretaria Municipal da Fazenda,28,Encargos Especiais,844,Serviço da Dívida Externa,0,Encargos Especiais,7,Serviço da Dívida Pública Externa,0,Tesouro Municipal,85.866.313,157.769.798,198.990.949,245.836.649
28,Encargos Gerais do Município,17,Recursos Superv. pela Secretaria Municipal da Fazenda,28,Encargos Especiais,846,Outros Encargos Especiais,0,Encargos Especiais,7148,Aquisição de Valores Mobiliários da SP Turis,0,Tesouro Municipal,1.000,1.000,1.000,1.000
28,Encargos Gerais do Município,17,Recursos Superv. pela Secretaria Municipal da Fazenda,28,Encargos Especiais,846,Outros Encargos Especiais,3004,Benefícios e Previdência de Funcionários,6821,Obrigações e Contribuições Patronais,0,Tesouro Municipal,4.049.536,4.308.309,4.567.081,4.834.622
28,Encargos Gerais do Município,17,Recursos Superv. pela Secretaria Municipal da Fazenda,99,Reserva de Contingência,999,Reserva de Contingência,9999,Reserva de Contingência,6999,Reserva de Contingência,0,Tesouro Municipal,1.000,275.000.000,275.000.000,275.000.000
28,Encargos Gerais do Município,19,Recursos Superv. pela Secr. Municipal de Esportes e Lazer,27,Desporto e Lazer,812,Desporto Comunitário,3017,"Promoção de Atividades Esportivas, Recreativas e de Lazer",4513,Fomento ao Esporte,0,Tesouro Municipal,49.621.987,46.081.824,57.437.947,58.822.407
28,Encargos Gerais do Município,21,Recursos Superv. pela Procuradoria Geral do Município,28,Encargos Especiais,62,Defesa do Interesse Público no Processo Judiciário,0,Encargos Especiais,36,Acordos Judiciais ou Administrativos,0,Tesouro Municipal,400.000,400.000,400.000,400.000
28,Encargos Gerais do Município,21,Recursos Superv. pela Procuradoria Geral do Município,28,Encargos Especiais,846,Outros Encargos Especiais,0,Encargos Especiais,10,FUMCAD - Multas Revertidas ao Fundo,0,Tesouro Municipal,3.000.000,3.200.000,3.400.000,3.500.000
28,Encargos Gerais do Município,21,Recursos Superv. pela Procuradoria Geral do Município,28,Encargos Especiais,846,Outros Encargos Especiais,0,Encargos Especiais,11,Precatórios Pagos com Rendimentos dos Depósitos do Regime Especial,5,Outras Fontes,42.000.000,28.000.000,30.000.000,33.000.000
28,Encargos Gerais do Município,21,Recursos Superv. pela Procuradoria Geral do Município,28,Encargos Especiais,846,Outros Encargos Especiais,0,Encargos Especiais,12,Condenações Judiciais - Créditos de Pequeno Valor,0,Tesouro Municipal,71.402.486,76.700.000,81.900.000,87.100.000
28,Encargos Gerais do Município,21,Recursos Superv. pela Procuradoria Geral do Município,28,Encargos Especiais,846,Outros Encargos Especiais,0,Encargos Especiais,17,Condenações Judiciais - Pagamento de Créditos Superpreferenciais,0,Tesouro Municipal,3.000,3.000,3.000,3.000
28,Encargos Gerais do Município,21,Recursos Superv. pela Procuradoria Geral do Município,28,Encargos Especiais,846,Outros Encargos Especiais,0,Encargos Especiais,34,Condenações Judiciais - Créditos de Natureza Alimentar,0,Tesouro Municipal,1.360.818.183,1.533.230.953,1.721.750.575,1.927.726.638
28,Encargos Gerais do Município,21,Recursos Superv. pela Procuradoria Geral do Município,28,Encargos Especiais,846,Outros Encargos Especiais,0,Encargos Especiais,34,Condenações Judiciais - Créditos de Natureza Alimentar,11,Depósitos Judiciais,753.433.430,779.803.599,807.096.725,835.345.109
28,Encargos Gerais do Município,21,Recursos Superv. pela Procuradoria Geral do Município,28,Encargos Especiais,846,Outros Encargos Especiais,0,Encargos Especiais,35,Condenações Judiciais - Outras Espécies,0,Tesouro Municipal,318.654.510,359.061.450,403.244.057,451.518.910
28,Encargos Gerais do Município,21,Recursos Superv. pela Procuradoria Geral do Município,28,Encargos Especiais,846,Outros Encargos Especiais,0,Encargos Especiais,35,Condenações Judiciais - Outras Espécies,11,Depósitos Judiciais,176.731.297,182.916.893,189.318.984,195.945.149
28,Encargos Gerais do Município,21,Recursos Superv. pela Procuradoria Geral do Município,28,Encargos Especiais,846,Outros Encargos Especiais,0,Encargos Especiais,38,Bloqueios Judiciais,0,Tesouro Municipal,900.000,900.000,900.000,900.000
28,Encargos Gerais do Município,25,Recursos Superv. pela Secretaria Municipal de Cultura,13,Cultura,392,Difusão Cultural,3001,Acesso à Cultura,6861,Realização de Projetos Culturais com Incentivos Fiscais,0,Tesouro Municipal,800.000,800.000,800.000,800.000
28,Encargos Gerais do Município,30,Recursos Superv. pela Secretaria Munic de Desenv Econ Trab e Turismo,11,Trabalho,334,Fomento ao Trabalho,3019,Promoção do Crescimento Econômico e Geração de Postos de Trabalho e Oportunidades,7203,Incentivos Fiscais para Região Nova Luz,0,Tesouro Municipal,1.000,1.000,1.000,1.000
28,Encargos Gerais do Município,30,Recursos Superv. pela Secretaria Munic de Desenv Econ Trab e Turismo,11,Trabalho,334,Fomento ao Trabalho,3019,Promoção do Crescimento Econômico e Geração de Postos de Trabalho e Oportunidades,7207,Implantação de Novos Polos de Desenvolvimento,0,Tesouro Municipal,1.000,1.000,1.000,1.000
28,Encargos Gerais do Município,38,Recursos Superv. pela Secretaria Municipal de Segurança Urbana,6,Segurança Pública,182,Defesa Civil,3011,"Modernização Tecnológica, Desburocratização e Inovação do Serviço Público",5601,Construção de Posto do Corpo de Bombeiros,0,Tesouro Municipal,1.000,1.000,1.000,1.000
28,Encargos Gerais do Município,38,Recursos Superv. pela Secretaria Municipal de Segurança Urbana,6,Segurança Pública,182,Defesa Civil,3011,"Modernização Tecnológica, Desburocratização e Inovação do Serviço Público",5602,"Ampliação, Reforma e Requalificação de Posto do Corpo de Bombeiros",0,Tesouro Municipal,1.000,1.000,1.000,1.000
28,Encargos Gerais do Município,38,Recursos Superv. pela Secretaria Municipal de Segurança Urbana,6,Segurança Pública,182,Defesa Civil,3011,"Modernização Tecnológica, Desburocratização e Inovação do Serviço Público",6602,Manutenção e Operação de Posto do Corpo de Bombeiros,0,Tesouro Municipal,38.216.681,34.486.400,35.865.856,37.300.491
29,Secretaria Municipal de Urbanismo e Licenciamento,10,Secretaria Municipal de Urbanismo e Licenciamento/Gabinete,4,Administração,122,Administração Geral,3024,Suporte Administrativo,2574,Gestão do Patrimônio Imobiliário Municipal,0,Tesouro Municipal,500.000,583.455,589.330,578.813
29,Secretaria Municipal de Urbanismo e Licenciamento,10,Secretaria Municipal de Urbanismo e Licenciamento/Gabinete,15,Urbanismo,122,Administração Geral,3024,Suporte Administrativo,2100,Administração da Unidade,0,Tesouro Municipal,97.098.490,114.094.803,115.180.973,113.236.508
29,Secretaria Municipal de Urbanismo e Licenciamento,10,Secretaria Municipal de Urbanismo e Licenciamento/Gabinete,15,Urbanismo,126,Tecnologia da Informação,3011,"Modernização Tecnológica, Desburocratização e Inovação do Serviço Público",1220,Desenvolvimento de Sistemas de Informação e Comunicação,0,Tesouro Municipal,1.000,0,0,0
29,Secretaria Municipal de Urbanismo e Licenciamento,10,Secretaria Municipal de Urbanismo e Licenciamento/Gabinete,15,Urbanismo,126,Tecnologia da Informação,3011,"Modernização Tecnológica, Desburocratização e Inovação do Serviço Público",2818,"Aquisição de Materiais, Equipamentos e Serviços de Informação e Comunicação",0,Tesouro Municipal,2.034.342,2.373.896,2.397.800,2.355.005
29,Secretaria Municipal de Urbanismo e Licenciamento,10,Secretaria Municipal de Urbanismo e Licenciamento/Gabinete,15,Urbanismo,126,Tecnologia da Informação,3011,"Modernização Tecnológica, Desburocratização e Inovação do Serviço Público",5410,Implantação do Sistema de Licenciamento e Alvarás,0,Tesouro Municipal,3.198.000,0,0,0
29,Secretaria Municipal de Urbanismo e Licenciamento,10,Secretaria Municipal de Urbanismo e Licenciamento/Gabinete,15,Urbanismo,126,Tecnologia da Informação,3024,Suporte Administrativo,2171,Manutenção e Operação de Sistemas de Informação e Comunicação,0,Tesouro Municipal,25.700.153,17.645.214,18.849.261,23.359.442
29,Secretaria Municipal de Urbanismo e Licenciamento,10,Secretaria Municipal de Urbanismo e Licenciamento/Gabinete,15,Urbanismo,451,Infra-Estrutura Urbana,3022,Requalificação e Promoção da Ocupação dos Espaços Públicos,1241,"Desenvolvimento de Estudos, Projetos  e Instrumentos de Políticas Urbanas",0,Tesouro Municipal,1.000,0,0,0
29,Secretaria Municipal de Urbanismo e Licenciamento,10,Secretaria Municipal de Urbanismo e Licenciamento/Gabinete,15,Urbanismo,451,Infra-Estrutura Urbana,3022,Requalificação e Promoção da Ocupação dos Espaços Públicos,1241,"Desenvolvimento de Estudos, Projetos  e Instrumentos de Políticas Urbanas",2,Transferências Federais,1.000,1.000,1.000,1.000
29,Secretaria Municipal de Urbanismo e Licenciamento,10,Secretaria Municipal de Urbanismo e Licenciamento/Gabinete,15,Urbanismo,451,Infra-Estrutura Urbana,3022,Requalificação e Promoção da Ocupação dos Espaços Públicos,1241,"Desenvolvimento de Estudos, Projetos  e Instrumentos de Políticas Urbanas",5,Outras Fontes,1.000,1.000,1.000,1.000
29,Secretaria Municipal de Urbanismo e Licenciamento,10,Secretaria Municipal de Urbanismo e Licenciamento/Gabinete,15,Urbanismo,451,Infra-Estrutura Urbana,3022,Requalificação e Promoção da Ocupação dos Espaços Públicos,2572,"Difusão, Fomento e Pesquisas Aplicadas para a Gestão Participativa e Desenvolvimento Urbano",0,Tesouro Municipal,101.000,666.806,1.069,600.000
29,Secretaria Municipal de Urbanismo e Licenciamento,10,Secretaria Municipal de Urbanismo e Licenciamento/Gabinete,15,Urbanismo,451,Infra-Estrutura Urbana,3022,Requalificação e Promoção da Ocupação dos Espaços Públicos,2573,Apoio e Suporte Técnico para o Desenvolvimento de Estudos e Projetos Urbanos,0,Tesouro Municipal,2.500.000,2.778.358,2.672.701,2.500.000
29,Secretaria Municipal de Urbanismo e Licenciamento,10,Secretaria Municipal de Urbanismo e Licenciamento/Gabinete,15,Urbanismo,451,Infra-Estrutura Urbana,3022,Requalificação e Promoção da Ocupação dos Espaços Públicos,2580,Manutenção e Operação de Centros Abertos,0,Tesouro Municipal,4.300.000,4.778.776,4.597.047,4.300.000
29,Secretaria Municipal de Urbanismo e Licenciamento,10,Secretaria Municipal de Urbanismo e Licenciamento/Gabinete,15,Urbanismo,451,Infra-Estrutura Urbana,3022,Requalificação e Promoção da Ocupação dos Espaços Públicos,9373,"E79 - Contratação de Desenvolvimento de Projeto de Comunicação Visual para a Sinalização Turística Padronizada para os Polos de Ecoturismo Parelheiros e Cantareira, Através da CPPU/SMUL",0,Tesouro Municipal,1.000,0,0,0
29,Secretaria Municipal de Urbanismo e Licenciamento,10,Secretaria Municipal de Urbanismo e Licenciamento/Gabinete,15,Urbanismo,451,Infra-Estrutura Urbana,3022,Requalificação e Promoção da Ocupação dos Espaços Públicos,9438,Implantação de Estacionamento Subterrâneo Sob o Parque da Independência,0,Tesouro Municipal,1.000,1.000,1.000,1.000
29,Secretaria Municipal de Urbanismo e Licenciamento,20,Operação Urbana Consorciada Água Branca,13,Cultura,391,"Patrimônio Histórico, Artístico e Arqueológico",3001,Acesso à Cultura,5957,"Preservação do Patrimônio Histórico, Artístico, Cultural e Arqueológico",8,Tesouro Municipal - Recursos Vinculados,30.892,0,0,0
29,Secretaria Municipal de Urbanismo e Licenciamento,20,Operação Urbana Consorciada Água Branca,15,Urbanismo,451,Infra-Estrutura Urbana,3009,Melhoria da Mobilidade Urbana Universal,3380,"Construção de Pontes, Viadutos e Alças",8,Tesouro Municipal - Recursos Vinculados,3.000,0,0,0
29,Secretaria Municipal de Urbanismo e Licenciamento,20,Operação Urbana Consorciada Água Branca,15,Urbanismo,451,Infra-Estrutura Urbana,3009,Melhoria da Mobilidade Urbana Universal,5100,Intervenções no Sistema Viário,8,Tesouro Municipal - Recursos Vinculados,17.852.464,0,0,0
29,Secretaria Municipal de Urbanismo e Licenciamento,20,Operação Urbana Consorciada Água Branca,15,Urbanismo,451,Infra-Estrutura Urbana,3009,Melhoria da Mobilidade Urbana Universal,9150,"Construção Ponte Graúna Gaivotas, com Remodelação do Viário",0,Tesouro Municipal,1.000,0,0,0
29,Secretaria Municipal de Urbanismo e Licenciamento,20,Operação Urbana Consorciada Água Branca,15,Urbanismo,451,Infra-Estrutura Urbana,3009,Melhoria da Mobilidade Urbana Universal,9151,Duplicação da Ponte Interlagos,0,Tesouro Municipal,1.000,0,0,0
29,Secretaria Municipal de Urbanismo e Licenciamento,20,Operação Urbana Consorciada Água Branca,15,Urbanismo,451,Infra-Estrutura Urbana,3009,Melhoria da Mobilidade Urbana Universal,9152,Ponte Veleiros-Jurubatuba,0,Tesouro Municipal,1.000,0,0,0
29,Secretaria Municipal de Urbanismo e Licenciamento,20,Operação Urbana Consorciada Água Branca,15,Urbanismo,451,Infra-Estrutura Urbana,3009,Melhoria da Mobilidade Urbana Universal,9153,Pronlongamento Marginal Direita Pinheiros (Desde Transamérica até Vitorino Goulart),0,Tesouro Municipal,2.500.000,0,0,0
29,Secretaria Municipal de Urbanismo e Licenciamento,20,Operação Urbana Consorciada Água Branca,15,Urbanismo,451,Infra-Estrutura Urbana,3009,Melhoria da Mobilidade Urbana Universal,9154,"Passagens de Nível (Yervant, Washington Luiz e Sabará)",0,Tesouro Municipal,1.200.000,0,0,0
29,Secretaria Municipal de Urbanismo e Licenciamento,20,Operação Urbana Consorciada Água Branca,15,Urbanismo,451,Infra-Estrutura Urbana,3009,Melhoria da Mobilidade Urbana Universal,9155,Marginais das Represas Billings e Guarapiranga,0,Tesouro Municipal,1.000.000,0,0,0
29,Secretaria Municipal de Urbanismo e Licenciamento,20,Operação Urbana Consorciada Água Branca,15,Urbanismo,451,Infra-Estrutura Urbana,3022,Requalificação e Promoção da Ocupação dos Espaços Públicos,1241,"Desenvolvimento de Estudos, Projetos  e Instrumentos de Políticas Urbanas",8,Tesouro Municipal - Recursos Vinculados,447.313,0,0,0
29,Secretaria Municipal de Urbanismo e Licenciamento,20,Operação Urbana Consorciada Água Branca,15,Urbanismo,451,Infra-Estrutura Urbana,3022,Requalificação e Promoção da Ocupação dos Espaços Públicos,3350,"Ampliação, Reforma e Requalificação de Áreas Públicas",8,Tesouro Municipal - Recursos Vinculados,1.000,0,0,0
29,Secretaria Municipal de Urbanismo e Licenciamento,20,Operação Urbana Consorciada Água Branca,15,Urbanismo,451,Infra-Estrutura Urbana,3022,Requalificação e Promoção da Ocupação dos Espaços Públicos,3662,Apoio e Suporte Técnico para o Desenvolvimento de Ações Pertinentes à Fiscalização e Escrituração de Certificados de Potencial Adicional de Construção - CEPACs,8,Tesouro Municipal - Recursos Vinculados,1.000,0,0,0
29,Secretaria Municipal de Urbanismo e Licenciamento,20,Operação Urbana Consorciada Água Branca,16,Habitação,451,Infra-Estrutura Urbana,3002,Acesso à Moradia Adequada,3354,Construção de Unidades Habitacionais,8,Tesouro Municipal - Recursos Vinculados,26.821.206,45.605.841,52.508.345,52.594.381
29,Secretaria Municipal de Urbanismo e Licenciamento,20,Operação Urbana Consorciada Água Branca,16,Habitação,451,Infra-Estrutura Urbana,3002,Acesso à Moradia Adequada,3357,Urbanização de Favelas,8,Tesouro Municipal - Recursos Vinculados,1.000,0,0,0
29,Secretaria Municipal de Urbanismo e Licenciamento,20,Operação Urbana Consorciada Água Branca,17,Saneamento,451,Infra-Estrutura Urbana,3008,Gestão dos Riscos e Promoção da Resiliência a Desastres e Eventos Críticos,5013,Intervenções no Sistema de Drenagem,8,Tesouro Municipal - Recursos Vinculados,389.737,0,0,0
29,Secretaria Municipal de Urbanismo e Licenciamento,30,Operação Urbana Consorciada Água Espraiada,15,Urbanismo,451,Infra-Estrutura Urbana,3009,Melhoria da Mobilidade Urbana Universal,1099,Construção de Corredores de Ônibus,8,Tesouro Municipal - Recursos Vinculados,1.000,0,0,0
29,Secretaria Municipal de Urbanismo e Licenciamento,30,Operação Urbana Consorciada Água Espraiada,15,Urbanismo,451,Infra-Estrutura Urbana,3009,Melhoria da Mobilidade Urbana Universal,5100,Intervenções no Sistema Viário,8,Tesouro Municipal - Recursos Vinculados,91.509.710,59.234.074,62.870.106,61.071.018
29,Secretaria Municipal de Urbanismo e Licenciamento,30,Operação Urbana Consorciada Água Espraiada,15,Urbanismo,451,Infra-Estrutura Urbana,3022,Requalificação e Promoção da Ocupação dos Espaços Públicos,1241,"Desenvolvimento de Estudos, Projetos  e Instrumentos de Políticas Urbanas",8,Tesouro Municipal - Recursos Vinculados,34.813.905,0,0,0
29,Secretaria Municipal de Urbanismo e Licenciamento,30,Operação Urbana Consorciada Água Espraiada,15,Urbanismo,451,Infra-Estrutura Urbana,3022,Requalificação e Promoção da Ocupação dos Espaços Públicos,3350,"Ampliação, Reforma e Requalificação de Áreas Públicas",8,Tesouro Municipal - Recursos Vinculados,6.193.422,0,0,0
29,Secretaria Municipal de Urbanismo e Licenciamento,30,Operação Urbana Consorciada Água Espraiada,15,Urbanismo,451,Infra-Estrutura Urbana,3022,Requalificação e Promoção da Ocupação dos Espaços Públicos,3662,Apoio e Suporte Técnico para o Desenvolvimento de Ações Pertinentes à Fiscalização e Escrituração de Certificados de Potencial Adicional de Construção - CEPACs,8,Tesouro Municipal - Recursos Vinculados,3.010.695,0,0,0
29,Secretaria Municipal de Urbanismo e Licenciamento,30,Operação Urbana Consorciada Água Espraiada,16,Habitação,451,Infra-Estrutura Urbana,3002,Acesso à Moradia Adequada,3354,Construção de Unidades Habitacionais,8,Tesouro Municipal - Recursos Vinculados,103.889.358,0,0,0
29,Secretaria Municipal de Urbanismo e Licenciamento,30,Operação Urbana Consorciada Água Espraiada,17,Saneamento,451,Infra-Estrutura Urbana,3008,Gestão dos Riscos e Promoção da Resiliência a Desastres e Eventos Críticos,5013,Intervenções no Sistema de Drenagem,8,Tesouro Municipal - Recursos Vinculados,1.000,0,0,0
29,Secretaria Municipal de Urbanismo e Licenciamento,30,Operação Urbana Consorciada Água Espraiada,26,Transporte,453,Transportes Coletivos Urbanos,3009,Melhoria da Mobilidade Urbana Universal,3742,Participação no Sistema de Transporte sobre Trilhos,8,Tesouro Municipal - Recursos Vinculados,1.000,0,0,0
29,Secretaria Municipal de Urbanismo e Licenciamento,40,Operação Urbana Centro,15,Urbanismo,451,Infra-Estrutura Urbana,3009,Melhoria da Mobilidade Urbana Universal,5100,Intervenções no Sistema Viário,8,Tesouro Municipal - Recursos Vinculados,1.000,0,0,0
29,Secretaria Municipal de Urbanismo e Licenciamento,40,Operação Urbana Centro,15,Urbanismo,451,Infra-Estrutura Urbana,3022,Requalificação e Promoção da Ocupação dos Espaços Públicos,1241,"Desenvolvimento de Estudos, Projetos  e Instrumentos de Políticas Urbanas",8,Tesouro Municipal - Recursos Vinculados,2.000,0,0,0
29,Secretaria Municipal de Urbanismo e Licenciamento,40,Operação Urbana Centro,15,Urbanismo,451,Infra-Estrutura Urbana,3022,Requalificação e Promoção da Ocupação dos Espaços Públicos,3350,"Ampliação, Reforma e Requalificação de Áreas Públicas",8,Tesouro Municipal - Recursos Vinculados,1.000,0,0,0
29,Secretaria Municipal de Urbanismo e Licenciamento,40,Operação Urbana Centro,15,Urbanismo,452,Serviços Urbanos,3006,Promoção dos Direitos da Pessoa com Deficiência,1169,Reforma e Acessibilidade em Passeios Públicos,8,Tesouro Municipal - Recursos Vinculados,1.000,0,0,0
29,Secretaria Municipal de Urbanismo e Licenciamento,40,Operação Urbana Centro,16,Habitação,451,Infra-Estrutura Urbana,3002,Acesso à Moradia Adequada,3354,Construção de Unidades Habitacionais,8,Tesouro Municipal - Recursos Vinculados,471.292,477.290,681.416,681.416
29,Secretaria Municipal de Urbanismo e Licenciamento,40,Operação Urbana Centro,16,Habitação,451,Infra-Estrutura Urbana,3002,Acesso à Moradia Adequada,3356,Regularização Fundiária,8,Tesouro Municipal - Recursos Vinculados,1.000,0,0,0
29,Secretaria Municipal de Urbanismo e Licenciamento,50,Operação Urbana Consorciada Faria Lima,15,Urbanismo,451,Infra-Estrutura Urbana,3006,Promoção dos Direitos da Pessoa com Deficiência,1169,Reforma e Acessibilidade em Passeios Públicos,8,Tesouro Municipal - Recursos Vinculados,1.000,0,0,0
29,Secretaria Municipal de Urbanismo e Licenciamento,50,Operação Urbana Consorciada Faria Lima,15,Urbanismo,451,Infra-Estrutura Urbana,3009,Melhoria da Mobilidade Urbana Universal,5100,Intervenções no Sistema Viário,8,Tesouro Municipal - Recursos Vinculados,20.005.855,0,0,0
29,Secretaria Municipal de Urbanismo e Licenciamento,50,Operação Urbana Consorciada Faria Lima,15,Urbanismo,451,Infra-Estrutura Urbana,3022,Requalificação e Promoção da Ocupação dos Espaços Públicos,1241,"Desenvolvimento de Estudos, Projetos  e Instrumentos de Políticas Urbanas",8,Tesouro Municipal - Recursos Vinculados,16.618.106,0,0,0
29,Secretaria Municipal de Urbanismo e Licenciamento,50,Operação Urbana Consorciada Faria Lima,15,Urbanismo,451,Infra-Estrutura Urbana,3022,Requalificação e Promoção da Ocupação dos Espaços Públicos,3350,"Ampliação, Reforma e Requalificação de Áreas Públicas",8,Tesouro Municipal - Recursos Vinculados,68.898.905,0,0,0
29,Secretaria Municipal de Urbanismo e Licenciamento,50,Operação Urbana Consorciada Faria Lima,15,Urbanismo,451,Infra-Estrutura Urbana,3022,Requalificação e Promoção da Ocupação dos Espaços Públicos,3662,Apoio e Suporte Técnico para o Desenvolvimento de Ações Pertinentes à Fiscalização e Escrituração de Certificados de Potencial Adicional de Construção - CEPACs,8,Tesouro Municipal - Recursos Vinculados,3.238.748,0,0,0
29,Secretaria Municipal de Urbanismo e Licenciamento,50,Operação Urbana Consorciada Faria Lima,15,Urbanismo,452,Serviços Urbanos,3009,Melhoria da Mobilidade Urbana Universal,5395,"Ampliação, Reforma e Requalificação da Avenida Santo Amaro",8,Tesouro Municipal - Recursos Vinculados,72.485.688,0,0,0
29,Secretaria Municipal de Urbanismo e Licenciamento,50,Operação Urbana Consorciada Faria Lima,16,Habitação,451,Infra-Estrutura Urbana,3002,Acesso à Moradia Adequada,3354,Construção de Unidades Habitacionais,8,Tesouro Municipal - Recursos Vinculados,51.917.953,51.983.644,74.262.348,69.949.546
29,Secretaria Municipal de Urbanismo e Licenciamento,50,Operação Urbana Consorciada Faria Lima,26,Transporte,453,Transportes Coletivos Urbanos,3009,Melhoria da Mobilidade Urbana Universal,3742,Participação no Sistema de Transporte sobre Trilhos,8,Tesouro Municipal - Recursos Vinculados,1.000,0,0,0
29,Secretaria Municipal de Urbanismo e Licenciamento,50,Operação Urbana Consorciada Faria Lima,26,Transporte,785,Transportes Especiais,3009,Melhoria da Mobilidade Urbana Universal,1097,"Construção de Ciclovias, Ciclofaixas e Ciclorrotas",8,Tesouro Municipal - Recursos Vinculados,574.545,0,0,0
30,"Secretaria Municipal de Desenvolvimento Econômico, Trabalho e Turismo",10,Gabinete do Secretário,8,Assistência Social,605,Abastecimento,3016,Nutrição e Promoção da Segurança Alimentar,2432,Plano Municipal de Agroecologia e Desenvolvimento Rural Sustentável e Solidário - PMADRSS,0,Tesouro Municipal,2.000,2.538,2.555,2.604
30,"Secretaria Municipal de Desenvolvimento Econômico, Trabalho e Turismo",10,Gabinete do Secretário,8,Assistência Social,605,Abastecimento,3016,Nutrição e Promoção da Segurança Alimentar,4470,Manutenção e Operação de Centro de Referência de Segurança Alimentar e Nutricional,0,Tesouro Municipal,3.448.086,4.375.583,4.406.506,4.489.994
30,"Secretaria Municipal de Desenvolvimento Econômico, Trabalho e Turismo",10,Gabinete do Secretário,8,Assistência Social,605,Abastecimento,3016,Nutrição e Promoção da Segurança Alimentar,5470,Construção de Centro de Referência de Segurança Alimentar e Nutricional,0,Tesouro Municipal,2.000,2.399,2.310,2.214
30,"Secretaria Municipal de Desenvolvimento Econômico, Trabalho e Turismo",10,Gabinete do Secretário,8,Assistência Social,605,Abastecimento,3016,Nutrição e Promoção da Segurança Alimentar,5474,"Ampliação, Reforma e Requalificação de Centro de Referência de Segurança Alimentar e Nutricional",2,Transferências Federais,485.479,0,0,0
30,"Secretaria Municipal de Desenvolvimento Econômico, Trabalho e Turismo",10,Gabinete do Secretário,8,Assistência Social,605,Abastecimento,3016,Nutrição e Promoção da Segurança Alimentar,8023,"Instituição de uma política pública permanente de promoção da segurança alimentar para a população em situação de alta vulnerabilidade social no município, incluindo a população em situação de rua e comunidades vulneráveis.",0,Tesouro Municipal,0,10.000.000,10.000.000,10.000.000
30,"Secretaria Municipal de Desenvolvimento Econômico, Trabalho e Turismo",10,Gabinete do Secretário,11,Trabalho,122,Administração Geral,3024,Suporte Administrativo,2100,Administração da Unidade,0,Tesouro Municipal,20.470.479,25.351.403,25.514.138,25.953.492
30,"Secretaria Municipal de Desenvolvimento Econômico, Trabalho e Turismo",10,Gabinete do Secretário,11,Trabalho,126,Tecnologia da Informação,3011,"Modernização Tecnológica, Desburocratização e Inovação do Serviço Público",1220,Desenvolvimento de Sistemas de Informação e Comunicação,0,Tesouro Municipal,1.000,1.199,1.155,1.107
30,"Secretaria Municipal de Desenvolvimento Econômico, Trabalho e Turismo",10,Gabinete do Secretário,11,Trabalho,126,Tecnologia da Informação,3011,"Modernização Tecnológica, Desburocratização e Inovação do Serviço Público",2818,"Aquisição de Materiais, Equipamentos e Serviços de Informação e Comunicação",0,Tesouro Municipal,3.336.083,4.233.452,4.263.372,4.344.147
30,"Secretaria Municipal de Desenvolvimento Econômico, Trabalho e Turismo",10,Gabinete do Secretário,11,Trabalho,126,Tecnologia da Informação,3024,Suporte Administrativo,2171,Manutenção e Operação de Sistemas de Informação e Comunicação,0,Tesouro Municipal,4.260.776,5.406.877,5.445.089,5.548.255
30,"Secretaria Municipal de Desenvolvimento Econômico, Trabalho e Turismo",10,Gabinete do Secretário,11,Trabalho,333,Empregabilidade,3019,Promoção do Crescimento Econômico e Geração de Postos de Trabalho e Oportunidades,4432,"Capacitação, Formação e Aperfeiçoamento dos Trabalhadores",0,Tesouro Municipal,53.241.160,41.871.767,42.338.811,42.613.973
30,"Secretaria Municipal de Desenvolvimento Econômico, Trabalho e Turismo",10,Gabinete do Secretário,11,Trabalho,333,Empregabilidade,3019,Promoção do Crescimento Econômico e Geração de Postos de Trabalho e Oportunidades,9358,"E1022 - Capacitação de Trancista, Escovista, Manicure e Barbearia a ser Executada pela ANDDDES Agencia Nacional de Defesa e Garantia dos Direitos Difusos a Educação e Saúde (CNPJ 21.624.370/0002-50)",0,Tesouro Municipal,100.000,0,0,0
30,"Secretaria Municipal de Desenvolvimento Econômico, Trabalho e Turismo",10,Gabinete do Secretário,11,Trabalho,334,Fomento ao Trabalho,3019,Promoção do Crescimento Econômico e Geração de Postos de Trabalho e Oportunidades,2332,Incentivo à Economia Popular e Solidária,0,Tesouro Municipal,1.000,1.269,1.277,1.302
30,"Secretaria Municipal de Desenvolvimento Econômico, Trabalho e Turismo",10,Gabinete do Secretário,11,Trabalho,334,Fomento ao Trabalho,3019,Promoção do Crescimento Econômico e Geração de Postos de Trabalho e Oportunidades,2407,Política Municipal de Desenvolvimento Econômico,0,Tesouro Municipal,4.094.943,5.196.437,5.233.163,5.332.313
30,"Secretaria Municipal de Desenvolvimento Econômico, Trabalho e Turismo",10,Gabinete do Secretário,11,Trabalho,334,Fomento ao Trabalho,3019,Promoção do Crescimento Econômico e Geração de Postos de Trabalho e Oportunidades,2409,Programa Mãos e Mentes Paulistanas,0,Tesouro Municipal,1.454.168,1.845.323,1.858.364,1.893.573
30,"Secretaria Municipal de Desenvolvimento Econômico, Trabalho e Turismo",10,Gabinete do Secretário,11,Trabalho,334,Fomento ao Trabalho,3019,Promoção do Crescimento Econômico e Geração de Postos de Trabalho e Oportunidades,2410,Fomento e Apoio ao Cooperativismo,0,Tesouro Municipal,2.000,2.538,2.555,2.604
30,"Secretaria Municipal de Desenvolvimento Econômico, Trabalho e Turismo",10,Gabinete do Secretário,11,Trabalho,334,Fomento ao Trabalho,3019,Promoção do Crescimento Econômico e Geração de Postos de Trabalho e Oportunidades,2438,Operação e Manutenção da São Paulo Investimentos e Negócios,0,Tesouro Municipal,1.514.698,1.922.135,1.935.719,1.972.394
30,"Secretaria Municipal de Desenvolvimento Econômico, Trabalho e Turismo",10,Gabinete do Secretário,11,Trabalho,334,Fomento ao Trabalho,3019,Promoção do Crescimento Econômico e Geração de Postos de Trabalho e Oportunidades,4315,Operação e Manutenção do VAI TEC,0,Tesouro Municipal,1.158.152,1.469.682,1.480.068,1.508.111
30,"Secretaria Municipal de Desenvolvimento Econômico, Trabalho e Turismo",10,Gabinete do Secretário,11,Trabalho,334,Fomento ao Trabalho,3019,Promoção do Crescimento Econômico e Geração de Postos de Trabalho e Oportunidades,4424,"Fomento às Cadeias Produtivas, Vocações Produtivas e Projetos Locais",0,Tesouro Municipal,5.252.000,6.300.700,6.370.979,6.412.384
30,"Secretaria Municipal de Desenvolvimento Econômico, Trabalho e Turismo",10,Gabinete do Secretário,11,Trabalho,334,Fomento ao Trabalho,3019,Promoção do Crescimento Econômico e Geração de Postos de Trabalho e Oportunidades,4430,Operação e Manutenção dos Centros de Apoio ao Trabalho e Empreendedorismo,0,Tesouro Municipal,18.500.184,23.303.500,23.563.431,23.716.571
30,"Secretaria Municipal de Desenvolvimento Econômico, Trabalho e Turismo",10,Gabinete do Secretário,11,Trabalho,334,Fomento ao Trabalho,3019,Promoção do Crescimento Econômico e Geração de Postos de Trabalho e Oportunidades,4440,Operação e Manutenção da Agência São Paulo de Desenvolvimento - ADESAMPA,0,Tesouro Municipal,27.000.000,20.154.178,20.378.982,20.511.426
30,"Secretaria Municipal de Desenvolvimento Econômico, Trabalho e Turismo",10,Gabinete do Secretário,11,Trabalho,334,Fomento ao Trabalho,3019,Promoção do Crescimento Econômico e Geração de Postos de Trabalho e Oportunidades,4460,Fomento aos Polos de Desenvolvimento,0,Tesouro Municipal,1.000,1.269,1.277,1.301
30,"Secretaria Municipal de Desenvolvimento Econômico, Trabalho e Turismo",10,Gabinete do Secretário,11,Trabalho,334,Fomento ao Trabalho,3019,Promoção do Crescimento Econômico e Geração de Postos de Trabalho e Oportunidades,9264,Projeto: Zeladoria de Praças,0,Tesouro Municipal,500.000,0,0,0
30,"Secretaria Municipal de Desenvolvimento Econômico, Trabalho e Turismo",10,Gabinete do Secretário,11,Trabalho,695,Turismo,3015,Promoção da Cidade como Referência Global e Destino Turístico,2640,Apoio às Ações Municipais de Turismo,0,Tesouro Municipal,26.000,32.994,33.226,33.856
30,"Secretaria Municipal de Desenvolvimento Econômico, Trabalho e Turismo",10,Gabinete do Secretário,11,Trabalho,695,Turismo,3016,Nutrição e Promoção da Segurança Alimentar,4422,Ações de Educação em Segurança Alimentar e Nutricional,0,Tesouro Municipal,3.000,3.806,3.834,3.906
30,"Secretaria Municipal de Desenvolvimento Econômico, Trabalho e Turismo",10,Gabinete do Secretário,11,Trabalho,695,Turismo,3019,Promoção do Crescimento Econômico e Geração de Postos de Trabalho e Oportunidades,9501,"Implantar o Polo Cultural, Gastronômico e Turístico",0,Tesouro Municipal,0,10.000.000,10.000.000,10.000.000
30,"Secretaria Municipal de Desenvolvimento Econômico, Trabalho e Turismo",10,Gabinete do Secretário,12,Educação,366,Educação de Jovens e Adultos,3019,Promoção do Crescimento Econômico e Geração de Postos de Trabalho e Oportunidades,4434,Bolsa-Trabalho,0,Tesouro Municipal,23.233.388,29.265.615,29.592.048,29.784.368
32,Controladoria Geral do Município,10,Gabinete da Controladoria Geral,4,Administração,122,Administração Geral,3024,Suporte Administrativo,2100,Administração da Unidade,0,Tesouro Municipal,27.609.216,28.783.369,29.579.025,31.621.057
32,Controladoria Geral do Município,10,Gabinete da Controladoria Geral,4,Administração,124,Controle Interno,3012,"Participação, Transparência e Controle Social da Administração Pública",2404,Ações do Programa Agentes de Governo Aberto,0,Tesouro Municipal,111.202,117.681,115.000,115.000
32,Controladoria Geral do Município,10,Gabinete da Controladoria Geral,4,Administração,124,Controle Interno,3012,"Participação, Transparência e Controle Social da Administração Pública",4822,"Promoção da Transparência, do Acesso à Informação e do Controle Social",0,Tesouro Municipal,318.030,327.462,330.000,340.000
32,Controladoria Geral do Município,10,Gabinete da Controladoria Geral,4,Administração,126,Tecnologia da Informação,3011,"Modernização Tecnológica, Desburocratização e Inovação do Serviço Público",1220,Desenvolvimento de Sistemas de Informação e Comunicação,0,Tesouro Municipal,1.000,1.000,1.000,1.000
32,Controladoria Geral do Município,10,Gabinete da Controladoria Geral,4,Administração,126,Tecnologia da Informação,3011,"Modernização Tecnológica, Desburocratização e Inovação do Serviço Público",2818,"Aquisição de Materiais, Equipamentos e Serviços de Informação e Comunicação",0,Tesouro Municipal,111.000,122.798,130.000,140.000
32,Controladoria Geral do Município,10,Gabinete da Controladoria Geral,4,Administração,126,Tecnologia da Informação,3024,Suporte Administrativo,2171,Manutenção e Operação de Sistemas de Informação e Comunicação,0,Tesouro Municipal,3.568.162,4.400.270,4.300.000,4.300.000
33,Agência Reg. de Serv. Públicos do Mun de São Paulo,10,Agência Reg. de Serv. Públicos do Mun de São Paulo,4,Administração,122,Administração Geral,3024,Suporte Administrativo,2100,Administração da Unidade,0,Tesouro Municipal,20.054.801,75.754.758,76.452.219,77.804.383
33,Agência Reg. de Serv. Públicos do Mun de São Paulo,10,Agência Reg. de Serv. Públicos do Mun de São Paulo,4,Administração,122,Administração Geral,3024,Suporte Administrativo,2100,Administração da Unidade,8,Tesouro Municipal - Recursos Vinculados,2.000.004,2.004.000,2.004.000,2.004.000
33,Agência Reg. de Serv. Públicos do Mun de São Paulo,10,Agência Reg. de Serv. Públicos do Mun de São Paulo,4,Administração,126,Tecnologia da Informação,3024,Suporte Administrativo,2171,Manutenção e Operação de Sistemas de Informação e Comunicação,0,Tesouro Municipal,5.740.000,7.233.547,7.724.471,7.196.510
33,Agência Reg. de Serv. Públicos do Mun de São Paulo,10,Agência Reg. de Serv. Públicos do Mun de São Paulo,15,Urbanismo,122,Administração Geral,3012,"Participação, Transparência e Controle Social da Administração Pública",2153,Publicação de Editais e Outras Publicações Legais e de Interesse do Município,0,Tesouro Municipal,10.000,10.800,11.664,12.597
33,Agência Reg. de Serv. Públicos do Mun de São Paulo,10,Agência Reg. de Serv. Públicos do Mun de São Paulo,15,Urbanismo,126,Tecnologia da Informação,3011,"Modernização Tecnológica, Desburocratização e Inovação do Serviço Público",1220,Desenvolvimento de Sistemas de Informação e Comunicação,0,Tesouro Municipal,1.000,1.000,1.000,1.000
33,Agência Reg. de Serv. Públicos do Mun de São Paulo,10,Agência Reg. de Serv. Públicos do Mun de São Paulo,15,Urbanismo,126,Tecnologia da Informação,3011,"Modernização Tecnológica, Desburocratização e Inovação do Serviço Público",2818,"Aquisição de Materiais, Equipamentos e Serviços de Informação e Comunicação",0,Tesouro Municipal,4.723.200,20.956.304,11.422.728,9.794.467
33,Agência Reg. de Serv. Públicos do Mun de São Paulo,10,Agência Reg. de Serv. Públicos do Mun de São Paulo,15,Urbanismo,452,Serviços Urbanos,3005,Promoção da Sustentabilidade Ambiental,1706,Implantação e Construção de Ecopontos,0,Tesouro Municipal,2.901.000,3.095.157,3.715.804,4.170.186
33,Agência Reg. de Serv. Públicos do Mun de São Paulo,10,Agência Reg. de Serv. Públicos do Mun de São Paulo,15,Urbanismo,452,Serviços Urbanos,3005,Promoção da Sustentabilidade Ambiental,1707,"Ampliação, Reforma e Requalificação de Ecopontos",0,Tesouro Municipal,2.000,2.000,2.000,2.000
33,Agência Reg. de Serv. Públicos do Mun de São Paulo,10,Agência Reg. de Serv. Públicos do Mun de São Paulo,15,Urbanismo,452,Serviços Urbanos,3005,Promoção da Sustentabilidade Ambiental,1708,Implantação de Pátios de Compostagem,0,Tesouro Municipal,3.700.000,3.960.000,4.282.000,5.450.000
33,Agência Reg. de Serv. Públicos do Mun de São Paulo,10,Agência Reg. de Serv. Públicos do Mun de São Paulo,15,Urbanismo,452,Serviços Urbanos,3005,Promoção da Sustentabilidade Ambiental,2412,Campanha de Educação Ambiental,0,Tesouro Municipal,3.392.000,2.932.700,3.170.300,2.586.240
33,Agência Reg. de Serv. Públicos do Mun de São Paulo,10,Agência Reg. de Serv. Públicos do Mun de São Paulo,15,Urbanismo,452,Serviços Urbanos,3005,Promoção da Sustentabilidade Ambiental,2413,Ações de Coleta Seletiva em Prédios Públicos,0,Tesouro Municipal,1.001.000,1.001.000,1.001.000,1.001.000
33,Agência Reg. de Serv. Públicos do Mun de São Paulo,10,Agência Reg. de Serv. Públicos do Mun de São Paulo,15,Urbanismo,452,Serviços Urbanos,3005,Promoção da Sustentabilidade Ambiental,2422,Ações de Coleta Seletiva em Escolas,0,Tesouro Municipal,1.001.000,1.001.000,1.001.000,1.001.000
33,Agência Reg. de Serv. Públicos do Mun de São Paulo,10,Agência Reg. de Serv. Públicos do Mun de São Paulo,15,Urbanismo,452,Serviços Urbanos,3005,Promoção da Sustentabilidade Ambiental,2423,Ações de Programa de Manejo de Resíduos Orgânicos nas Escolas,0,Tesouro Municipal,1.001.000,1.001.000,1.001.000,1.001.000
33,Agência Reg. de Serv. Públicos do Mun de São Paulo,10,Agência Reg. de Serv. Públicos do Mun de São Paulo,15,Urbanismo,452,Serviços Urbanos,3005,Promoção da Sustentabilidade Ambiental,2707,Operação e Manutenção de Ecopontos,0,Tesouro Municipal,1.000,1.000,1.000,1.000
33,Agência Reg. de Serv. Públicos do Mun de São Paulo,10,Agência Reg. de Serv. Públicos do Mun de São Paulo,15,Urbanismo,452,Serviços Urbanos,3005,Promoção da Sustentabilidade Ambiental,5608,Ampliação e Melhoria da Infraestrutura para a Coleta Seletiva,0,Tesouro Municipal,2.000,6.000,6.000,6.000
33,Agência Reg. de Serv. Públicos do Mun de São Paulo,10,Agência Reg. de Serv. Públicos do Mun de São Paulo,15,Urbanismo,452,Serviços Urbanos,3005,Promoção da Sustentabilidade Ambiental,6006,Operação e Manutenção das Centrais de Triagem - Coleta Seletiva,0,Tesouro Municipal,21.070.072,22.933.626,25.567.555,25.036.328
33,Agência Reg. de Serv. Públicos do Mun de São Paulo,10,Agência Reg. de Serv. Públicos do Mun de São Paulo,15,Urbanismo,452,Serviços Urbanos,3005,Promoção da Sustentabilidade Ambiental,6007,Serviços de Limpeza Urbana - Varrição e Lavagem de Áreas Públicas,0,Tesouro Municipal,7.950.000,937.643.919,992.133.612,1.064.834.467
33,Agência Reg. de Serv. Públicos do Mun de São Paulo,10,Agência Reg. de Serv. Públicos do Mun de São Paulo,15,Urbanismo,452,Serviços Urbanos,3005,Promoção da Sustentabilidade Ambiental,6009,"Coleta, Transporte, Tratamento e Dest. Final Resíduos Sólidos Inertes",0,Tesouro Municipal,1.000,1.000,1.000,1.000
33,Agência Reg. de Serv. Públicos do Mun de São Paulo,10,Agência Reg. de Serv. Públicos do Mun de São Paulo,15,Urbanismo,452,Serviços Urbanos,3005,Promoção da Sustentabilidade Ambiental,6010,Concessão dos Serviços Divisíveis de Limpeza Urbana em Regime Público,0,Tesouro Municipal,13.396.352,16.259.224,17.015.962,17.833.239
34,Secretaria Municipal de Direitos Humanos e Cidadania,10,Gabinete do Secretário,8,Assistência Social,243,Assistência à Criança e ao Adolescente,3013,"Promoção da Segurança Urbana, Prevenção e Proteção às Vítimas de Violência",2033,Formação Continuada dos Conselheiros Tutelares e de Direitos da Criança e ao Adolescente,0,Tesouro Municipal,50.000,54.891,55.446,58.794
34,Secretaria Municipal de Direitos Humanos e Cidadania,10,Gabinete do Secretário,8,Assistência Social,243,Assistência à Criança e ao Adolescente,3013,"Promoção da Segurança Urbana, Prevenção e Proteção às Vítimas de Violência",4328,"Políticas, Programas e Ações Para Criança e Adolescente",0,Tesouro Municipal,690.000,742.286,765.163,811.351
34,Secretaria Municipal de Direitos Humanos e Cidadania,10,Gabinete do Secretário,14,Direitos da Cidadania,122,Administração Geral,3018,"Promoção da Cidadania, Inclusão Digital e Valorização da Diversidade",4332,Manutenção da Ouvidoria de Direitos Humanos,0,Tesouro Municipal,766.459,796.471,849.952,901.257
34,Secretaria Municipal de Direitos Humanos e Cidadania,10,Gabinete do Secretário,14,Direitos da Cidadania,122,Administração Geral,3024,Suporte Administrativo,2100,Administração da Unidade,0,Tesouro Municipal,33.225.672,34.051.408,34.921.717,36.619.665
34,Secretaria Municipal de Direitos Humanos e Cidadania,10,Gabinete do Secretário,14,Direitos da Cidadania,122,Administração Geral,3024,Suporte Administrativo,4820,"Manutenção, Programas e Suporte da Coordenadoria de Defesa do Consumidor",0,Tesouro Municipal,302.998,330.194,334.880,350.756
34,Secretaria Municipal de Direitos Humanos e Cidadania,10,Gabinete do Secretário,14,Direitos da Cidadania,126,Tecnologia da Informação,3011,"Modernização Tecnológica, Desburocratização e Inovação do Serviço Público",1220,Desenvolvimento de Sistemas de Informação e Comunicação,0,Tesouro Municipal,1.300.000,1.453.016,1.503.710,1.600.000
34,Secretaria Municipal de Direitos Humanos e Cidadania,10,Gabinete do Secretário,14,Direitos da Cidadania,126,Tecnologia da Informação,3011,"Modernização Tecnológica, Desburocratização e Inovação do Serviço Público",2818,"Aquisição de Materiais, Equipamentos e Serviços de Informação e Comunicação",0,Tesouro Municipal,2.250.000,2.470.171,2.495.099,2.645.710
34,Secretaria Municipal de Direitos Humanos e Cidadania,10,Gabinete do Secretário,14,Direitos da Cidadania,126,Tecnologia da Informação,3024,Suporte Administrativo,2171,Manutenção e Operação de Sistemas de Informação e Comunicação,0,Tesouro Municipal,4.292.578,4.359.049,4.435.732,4.703.485
34,Secretaria Municipal de Direitos Humanos e Cidadania,10,Gabinete do Secretário,14,Direitos da Cidadania,128,Formação de Recursos Humanos,3011,"Modernização Tecnológica, Desburocratização e Inovação do Serviço Público",2180,"Capacitação, Formação e Aperfeiçoamento de Servidores",0,Tesouro Municipal,18.000,19.761,19.960,21.166
34,Secretaria Municipal de Direitos Humanos e Cidadania,10,Gabinete do Secretário,14,Direitos da Cidadania,243,Assistência à Criança e ao Adolescente,3013,"Promoção da Segurança Urbana, Prevenção e Proteção às Vítimas de Violência",2157,Administração dos Conselhos Tutelares,0,Tesouro Municipal,48.940.362,48.774.827,48.328.673,50.056.894
34,Secretaria Municipal de Direitos Humanos e Cidadania,10,Gabinete do Secretário,14,Direitos da Cidadania,243,Assistência à Criança e ao Adolescente,3013,"Promoção da Segurança Urbana, Prevenção e Proteção às Vítimas de Violência",9356,E1000 - Execução de Projeto de Direitos Humanos para Juventude Periférica da Região de Sapopemba a ser Executado CENTRO DE DEFESA DOS DIREITOS DA CRIANCA E DO ADOLESCENTE MONICA PAIAO TREVISAN CNPJ 67.143.818/0001-34,0,Tesouro Municipal,140.000,0,0,0
34,Secretaria Municipal de Direitos Humanos e Cidadania,10,Gabinete do Secretário,14,Direitos da Cidadania,243,Assistência à Criança e ao Adolescente,3013,"Promoção da Segurança Urbana, Prevenção e Proteção às Vítimas de Violência",9375,"E1647 - Acolhimento a Menores e Gestantes, Mães de Luz!",0,Tesouro Municipal,70.000,0,0,0
34,Secretaria Municipal de Direitos Humanos e Cidadania,10,Gabinete do Secretário,14,Direitos da Cidadania,243,Assistência à Criança e ao Adolescente,3013,"Promoção da Segurança Urbana, Prevenção e Proteção às Vítimas de Violência",9387,E1668 - Programa de Assistência e Apoio à Juventude,0,Tesouro Municipal,150.000,0,0,0
34,Secretaria Municipal de Direitos Humanos e Cidadania,10,Gabinete do Secretário,14,Direitos da Cidadania,243,Assistência à Criança e ao Adolescente,3013,"Promoção da Segurança Urbana, Prevenção e Proteção às Vítimas de Violência",9409,E6625 - Administração de Conselhos Tutelares,0,Tesouro Municipal,1.000,0,0,0
34,Secretaria Municipal de Direitos Humanos e Cidadania,10,Gabinete do Secretário,14,Direitos da Cidadania,244,Assistência Comunitária,3013,"Promoção da Segurança Urbana, Prevenção e Proteção às Vítimas de Violência",4329,"Políticas, Programas e Ações para Mulheres",0,Tesouro Municipal,832.000,782.443,783.896,792.732
34,Secretaria Municipal de Direitos Humanos e Cidadania,10,Gabinete do Secretário,14,Direitos da Cidadania,244,Assistência Comunitária,3013,"Promoção da Segurança Urbana, Prevenção e Proteção às Vítimas de Violência",4329,"Políticas, Programas e Ações para Mulheres",2,Transferências Federais,3.000,0,0,0
34,Secretaria Municipal de Direitos Humanos e Cidadania,10,Gabinete do Secretário,14,Direitos da Cidadania,422,"Direitos Individuais, Coletivos e Difusos",3007,Promoção dos Direitos da População Idosa,4320,"Políticas, Programas e Ações para Pessoa Idosa",0,Tesouro Municipal,300.000,329.356,332.679,352.761
34,Secretaria Municipal de Direitos Humanos e Cidadania,10,Gabinete do Secretário,14,Direitos da Cidadania,422,"Direitos Individuais, Coletivos e Difusos",3007,Promoção dos Direitos da População Idosa,4330,Manutenção e Operação dos Equipamentos Públicos Voltados para Pessoa Idosa,0,Tesouro Municipal,1.117.017,1.197.804,1.238.697,1.313.468
34,Secretaria Municipal de Direitos Humanos e Cidadania,10,Gabinete do Secretário,14,Direitos da Cidadania,422,"Direitos Individuais, Coletivos e Difusos",3007,Promoção dos Direitos da População Idosa,4331,Ampliação e Manutenção do Programa Universidade Aberta da Pessoa Idosa,0,Tesouro Municipal,110.000,120.764,121.982,129.345
34,Secretaria Municipal de Direitos Humanos e Cidadania,10,Gabinete do Secretário,14,Direitos da Cidadania,422,"Direitos Individuais, Coletivos e Difusos",3007,Promoção dos Direitos da População Idosa,9495,Construção e implantação de Núcleo de Convivência do Idoso na Supervisão do Ipiranga.,0,Tesouro Municipal,0,100.000,100.000,1.000.000
34,Secretaria Municipal de Direitos Humanos e Cidadania,10,Gabinete do Secretário,14,Direitos da Cidadania,422,"Direitos Individuais, Coletivos e Difusos",3007,Promoção dos Direitos da População Idosa,9496,Implantação do Centro de Referência do Idoso em Itaquera,0,Tesouro Municipal,0,2.000.000,0,0
34,Secretaria Municipal de Direitos Humanos e Cidadania,10,Gabinete do Secretário,14,Direitos da Cidadania,422,"Direitos Individuais, Coletivos e Difusos",3011,"Modernização Tecnológica, Desburocratização e Inovação do Serviço Público",3660,Cooperação Técnica Internacional,0,Tesouro Municipal,700.000,726.508,701.731,700.000
34,Secretaria Municipal de Direitos Humanos e Cidadania,10,Gabinete do Secretário,14,Direitos da Cidadania,422,"Direitos Individuais, Coletivos e Difusos",3013,"Promoção da Segurança Urbana, Prevenção e Proteção às Vítimas de Violência",2053,Manutenção e Operação da Casa da Mulher Brasileira,0,Tesouro Municipal,6.555.000,17.327.223,17.573.109,18.406.237
34,Secretaria Municipal de Direitos Humanos e Cidadania,10,Gabinete do Secretário,14,Direitos da Cidadania,422,"Direitos Individuais, Coletivos e Difusos",3013,"Promoção da Segurança Urbana, Prevenção e Proteção às Vítimas de Violência",2053,Manutenção e Operação da Casa da Mulher Brasileira,2,Transferências Federais,9.345.000,0,0,0
34,Secretaria Municipal de Direitos Humanos e Cidadania,10,Gabinete do Secretário,14,Direitos da Cidadania,422,"Direitos Individuais, Coletivos e Difusos",3013,"Promoção da Segurança Urbana, Prevenção e Proteção às Vítimas de Violência",2431,Manutenção e Operação de Equipamentos Públicos Voltados ao Atendimento da População de Rua,0,Tesouro Municipal,3.500.000,1.089.762,1.105.227,1.157.625
34,Secretaria Municipal de Direitos Humanos e Cidadania,10,Gabinete do Secretário,14,Direitos da Cidadania,422,"Direitos Individuais, Coletivos e Difusos",3013,"Promoção da Segurança Urbana, Prevenção e Proteção às Vítimas de Violência",4322,"Políticas, Programas e Ações para Povos Indígenas",0,Tesouro Municipal,160.000,175.656,177.428,188.139
34,Secretaria Municipal de Direitos Humanos e Cidadania,10,Gabinete do Secretário,14,Direitos da Cidadania,422,"Direitos Individuais, Coletivos e Difusos",3013,"Promoção da Segurança Urbana, Prevenção e Proteção às Vítimas de Violência",6178,Manutenção e Operação de Equipamentos Públicos Voltados ao Atendimento de Mulheres,0,Tesouro Municipal,7.000.000,5.448.812,5.526.135,5.788.125
34,Secretaria Municipal de Direitos Humanos e Cidadania,10,Gabinete do Secretário,14,Direitos da Cidadania,422,"Direitos Individuais, Coletivos e Difusos",3013,"Promoção da Segurança Urbana, Prevenção e Proteção às Vítimas de Violência",9037,"Políticas, Programas e Ações para Mulheres",0,Tesouro Municipal,513.000,0,0,0
34,Secretaria Municipal de Direitos Humanos e Cidadania,10,Gabinete do Secretário,14,Direitos da Cidadania,422,"Direitos Individuais, Coletivos e Difusos",3013,"Promoção da Segurança Urbana, Prevenção e Proteção às Vítimas de Violência",9038,Políticas para as Mulheres - Fortalecimento da Rede de Atendimento às Mulheres,0,Tesouro Municipal,500.000,0,0,0
34,Secretaria Municipal de Direitos Humanos e Cidadania,10,Gabinete do Secretário,14,Direitos da Cidadania,422,"Direitos Individuais, Coletivos e Difusos",3013,"Promoção da Segurança Urbana, Prevenção e Proteção às Vítimas de Violência",9039,Implantação da Casa da Mulher - Centro de Cidadania à Mulher,0,Tesouro Municipal,1.000,0,0,0
34,Secretaria Municipal de Direitos Humanos e Cidadania,10,Gabinete do Secretário,14,Direitos da Cidadania,422,"Direitos Individuais, Coletivos e Difusos",3013,"Promoção da Segurança Urbana, Prevenção e Proteção às Vítimas de Violência",9040,"Políticas , Programas e Ações para Promoção da Igualdade Racial",0,Tesouro Municipal,1.000,0,0,0
34,Secretaria Municipal de Direitos Humanos e Cidadania,10,Gabinete do Secretário,14,Direitos da Cidadania,422,"Direitos Individuais, Coletivos e Difusos",3013,"Promoção da Segurança Urbana, Prevenção e Proteção às Vítimas de Violência",9042,Implementacão do Centro de Referência da Mulher - Sapopemba,0,Tesouro Municipal,1.000,0,0,0
34,Secretaria Municipal de Direitos Humanos e Cidadania,10,Gabinete do Secretário,14,Direitos da Cidadania,422,"Direitos Individuais, Coletivos e Difusos",3013,"Promoção da Segurança Urbana, Prevenção e Proteção às Vítimas de Violência",9043,Implantação de Centro de Referência a Mulher - Cidade Ademar,0,Tesouro Municipal,1.000,0,0,0
34,Secretaria Municipal de Direitos Humanos e Cidadania,10,Gabinete do Secretário,14,Direitos da Cidadania,422,"Direitos Individuais, Coletivos e Difusos",3018,"Promoção da Cidadania, Inclusão Digital e Valorização da Diversidade",2051,Manutenção e Operação de Equipamentos Públicos Voltados ao Atendimento de Imigrantes,0,Tesouro Municipal,1.985.887,2.090.236,2.202.215,2.335.147
34,Secretaria Municipal de Direitos Humanos e Cidadania,10,Gabinete do Secretário,14,Direitos da Cidadania,422,"Direitos Individuais, Coletivos e Difusos",3018,"Promoção da Cidadania, Inclusão Digital e Valorização da Diversidade",2142,"Políticas, Programas e Ações para Educação em Direitos Humanos e Promoção do Direito à Cidade",0,Tesouro Municipal,5.510.000,1.108.832,1.120.022,1.187.630
34,Secretaria Municipal de Direitos Humanos e Cidadania,10,Gabinete do Secretário,14,Direitos da Cidadania,422,"Direitos Individuais, Coletivos e Difusos",3018,"Promoção da Cidadania, Inclusão Digital e Valorização da Diversidade",3406,Implementação do Selo Municipal de Direitos Humanos e Diversidade,0,Tesouro Municipal,509.234,529.313,512.263,512.000
34,Secretaria Municipal de Direitos Humanos e Cidadania,10,Gabinete do Secretário,14,Direitos da Cidadania,422,"Direitos Individuais, Coletivos e Difusos",3018,"Promoção da Cidadania, Inclusão Digital e Valorização da Diversidade",4314,"Políticas, Programas e Ações para Pessoas Desaparecidas",0,Tesouro Municipal,179.000,196.515,198.498,210.480
34,Secretaria Municipal de Direitos Humanos e Cidadania,10,Gabinete do Secretário,14,Direitos da Cidadania,422,"Direitos Individuais, Coletivos e Difusos",3018,"Promoção da Cidadania, Inclusão Digital e Valorização da Diversidade",4317,"Políticas, Programas e Ações para a Promoção do Direito à Memória e à Verdade",0,Tesouro Municipal,200.000,219.612,221.786,235.174
34,Secretaria Municipal de Direitos Humanos e Cidadania,10,Gabinete do Secretário,14,Direitos da Cidadania,422,"Direitos Individuais, Coletivos e Difusos",3018,"Promoção da Cidadania, Inclusão Digital e Valorização da Diversidade",4318,"Políticas, Programas e Ações para Juventude",0,Tesouro Municipal,421.000,462.196,466.859,495.041
34,Secretaria Municipal de Direitos Humanos e Cidadania,10,Gabinete do Secretário,14,Direitos da Cidadania,422,"Direitos Individuais, Coletivos e Difusos",3018,"Promoção da Cidadania, Inclusão Digital e Valorização da Diversidade",4319,"Políticas, Programas e Ações para a População LGBTI+",0,Tesouro Municipal,544.000,377.660,381.472,404.499
34,Secretaria Municipal de Direitos Humanos e Cidadania,10,Gabinete do Secretário,14,Direitos da Cidadania,422,"Direitos Individuais, Coletivos e Difusos",3018,"Promoção da Cidadania, Inclusão Digital e Valorização da Diversidade",4324,"Políticas, Programas e Ações para Imigrantes e Promoção ao Trabalho Decente",0,Tesouro Municipal,582.000,638.950,645.398,684.357
34,Secretaria Municipal de Direitos Humanos e Cidadania,10,Gabinete do Secretário,14,Direitos da Cidadania,422,"Direitos Individuais, Coletivos e Difusos",3018,"Promoção da Cidadania, Inclusão Digital e Valorização da Diversidade",4324,"Políticas, Programas e Ações para Imigrantes e Promoção ao Trabalho Decente",2,Transferências Federais,152.000,0,0,0
34,Secretaria Municipal de Direitos Humanos e Cidadania,10,Gabinete do Secretário,14,Direitos da Cidadania,422,"Direitos Individuais, Coletivos e Difusos",3018,"Promoção da Cidadania, Inclusão Digital e Valorização da Diversidade",4325,"Políticas, Programas e Ações sobre Álcool e Drogas",0,Tesouro Municipal,140.000,153.699,155.250,164.621
34,Secretaria Municipal de Direitos Humanos e Cidadania,10,Gabinete do Secretário,14,Direitos da Cidadania,422,"Direitos Individuais, Coletivos e Difusos",3018,"Promoção da Cidadania, Inclusão Digital e Valorização da Diversidade",4326,Manutenção e Operação dos Equipamentos Públicos Voltados ao Atendimento da População LGBTI,0,Tesouro Municipal,5.734.500,4.023.767,4.122.673,4.391.291
34,Secretaria Municipal de Direitos Humanos e Cidadania,10,Gabinete do Secretário,14,Direitos da Cidadania,422,"Direitos Individuais, Coletivos e Difusos",3018,"Promoção da Cidadania, Inclusão Digital e Valorização da Diversidade",4327,"Políticas, Programas e Ações para Promoção da Igualdade Racial",0,Tesouro Municipal,625.000,466.587,471.295,499.745
34,Secretaria Municipal de Direitos Humanos e Cidadania,10,Gabinete do Secretário,14,Direitos da Cidadania,422,"Direitos Individuais, Coletivos e Difusos",3018,"Promoção da Cidadania, Inclusão Digital e Valorização da Diversidade",4333,Manutenção e Operação do Centro Público de Economia Solidária e Direitos Humanos,0,Tesouro Municipal,1.538.000,1.688.498,1.705.538,1.808.490
34,Secretaria Municipal de Direitos Humanos e Cidadania,10,Gabinete do Secretário,14,Direitos da Cidadania,422,"Direitos Individuais, Coletivos e Difusos",3018,"Promoção da Cidadania, Inclusão Digital e Valorização da Diversidade",4334,Manutenção e Operação de Equipamentos Públicos Voltados à Promoção da Igualdade Racial,0,Tesouro Municipal,2.500.000,1.634.643,1.657.840,1.736.437
34,Secretaria Municipal de Direitos Humanos e Cidadania,10,Gabinete do Secretário,14,Direitos da Cidadania,422,"Direitos Individuais, Coletivos e Difusos",3018,"Promoção da Cidadania, Inclusão Digital e Valorização da Diversidade",9388,E1669 - Programa de Apoio à Juventude,0,Tesouro Municipal,50.000,0,0,0
34,Secretaria Municipal de Direitos Humanos e Cidadania,10,Gabinete do Secretário,14,Direitos da Cidadania,422,"Direitos Individuais, Coletivos e Difusos",3018,"Promoção da Cidadania, Inclusão Digital e Valorização da Diversidade",9398,E623 - Projeto social Arte Terapia LGBTI+ executado pela Associação Casarão Brasil (CNPJ nº 10.013.459/0001-83),0,Tesouro Municipal,30.000,0,0,0
34,Secretaria Municipal de Direitos Humanos e Cidadania,10,Gabinete do Secretário,14,Direitos da Cidadania,422,"Direitos Individuais, Coletivos e Difusos",3023,Proteção à População em Situação de Vulnerabilidade Social,4321,"Políticas, Programas e Ações para a População em Situação de Rua",0,Tesouro Municipal,610.000,669.690,676.449,717.281
34,Secretaria Municipal de Direitos Humanos e Cidadania,10,Gabinete do Secretário,14,Direitos da Cidadania,422,"Direitos Individuais, Coletivos e Difusos",3023,Proteção à População em Situação de Vulnerabilidade Social,9359,"E1023 - Execução do Projeto Chapelaria Social, Criando Condições que Favoreçam a Superação da Situação de Rua, Pobreza Extrema e Exclusão Social a ser Executado pela Associação Rede Rua, CNPJ: 03.221.537/0001-70",0,Tesouro Municipal,50.000,0,0,0
35,Fundo Municipal de Defesa do Consumidor,10,Fundo Municipal de Defesa do Consumidor,14,Direitos da Cidadania,422,"Direitos Individuais, Coletivos e Difusos",3011,"Modernização Tecnológica, Desburocratização e Inovação do Serviço Público",2180,"Capacitação, Formação e Aperfeiçoamento de Servidores",2,Transferências Federais,7.000,7.000,7.000,7.000
35,Fundo Municipal de Defesa do Consumidor,10,Fundo Municipal de Defesa do Consumidor,14,Direitos da Cidadania,422,"Direitos Individuais, Coletivos e Difusos",3011,"Modernização Tecnológica, Desburocratização e Inovação do Serviço Público",2180,"Capacitação, Formação e Aperfeiçoamento de Servidores",3,Transferências Estaduais,5.000,5.000,5.000,5.000
35,Fundo Municipal de Defesa do Consumidor,10,Fundo Municipal de Defesa do Consumidor,14,Direitos da Cidadania,422,"Direitos Individuais, Coletivos e Difusos",3011,"Modernização Tecnológica, Desburocratização e Inovação do Serviço Público",2180,"Capacitação, Formação e Aperfeiçoamento de Servidores",8,Tesouro Municipal - Recursos Vinculados,34.807,13.593,34.806,34.806
35,Fundo Municipal de Defesa do Consumidor,10,Fundo Municipal de Defesa do Consumidor,14,Direitos da Cidadania,422,"Direitos Individuais, Coletivos e Difusos",3012,"Participação, Transparência e Controle Social da Administração Pública",2153,Publicação de Editais e Outras Publicações Legais e de Interesse do Município,8,Tesouro Municipal - Recursos Vinculados,10.000,31.214,31.214,31.214
35,Fundo Municipal de Defesa do Consumidor,10,Fundo Municipal de Defesa do Consumidor,14,Direitos da Cidadania,422,"Direitos Individuais, Coletivos e Difusos",3024,Suporte Administrativo,2100,Administração da Unidade,8,Tesouro Municipal - Recursos Vinculados,31.292,31.292,31.292,31.292
36,Secretaria Municipal da Pessoa com Deficiência,10,Gabinete do Secretário,14,Direitos da Cidadania,122,Administração Geral,3024,Suporte Administrativo,2100,Administração da Unidade,0,Tesouro Municipal,7.593.003,8.029.628,8.099.984,8.171.044
36,Secretaria Municipal da Pessoa com Deficiência,10,Gabinete do Secretário,14,Direitos da Cidadania,126,Tecnologia da Informação,3011,"Modernização Tecnológica, Desburocratização e Inovação do Serviço Público",1220,Desenvolvimento de Sistemas de Informação e Comunicação,0,Tesouro Municipal,1.000,1.000,1.000,1.000
36,Secretaria Municipal da Pessoa com Deficiência,10,Gabinete do Secretário,14,Direitos da Cidadania,126,Tecnologia da Informação,3011,"Modernização Tecnológica, Desburocratização e Inovação do Serviço Público",2818,"Aquisição de Materiais, Equipamentos e Serviços de Informação e Comunicação",0,Tesouro Municipal,55.000,58.154,58.735,59.323
36,Secretaria Municipal da Pessoa com Deficiência,10,Gabinete do Secretário,14,Direitos da Cidadania,126,Tecnologia da Informação,3024,Suporte Administrativo,2171,Manutenção e Operação de Sistemas de Informação e Comunicação,0,Tesouro Municipal,550.000,581.543,587.359,593.232
36,Secretaria Municipal da Pessoa com Deficiência,10,Gabinete do Secretário,14,Direitos da Cidadania,242,Assistência ao Portador de Deficiência,3006,Promoção dos Direitos da Pessoa com Deficiência,4323,"Manutenção e Operação da Central de Interpretação de Libras, Intérpretes e Guias-Intérpretes",0,Tesouro Municipal,1.041.984,1.101.744,1.112.761,1.123.889
36,Secretaria Municipal da Pessoa com Deficiência,10,Gabinete do Secretário,14,Direitos da Cidadania,242,Assistência ao Portador de Deficiência,3006,Promoção dos Direitos da Pessoa com Deficiência,5407,Centro Municipal para Pessoas com Transtorno do Espectro Autista,0,Tesouro Municipal,3.776.932,3.993.549,4.033.484,4.073.819
36,Secretaria Municipal da Pessoa com Deficiência,10,Gabinete do Secretário,14,Direitos da Cidadania,242,Assistência ao Portador de Deficiência,3006,Promoção dos Direitos da Pessoa com Deficiência,7110,Projetos para Inclusão da Pessoa com Deficiência,0,Tesouro Municipal,7.650.000,8.088.748,8.169.635,8.251.331
36,Secretaria Municipal da Pessoa com Deficiência,10,Gabinete do Secretário,14,Direitos da Cidadania,242,Assistência ao Portador de Deficiência,3006,Promoção dos Direitos da Pessoa com Deficiência,9349,E6707 - Implementação de Projetos para Pessoa com Deficiência,0,Tesouro Municipal,200.000,0,0,0
36,Secretaria Municipal da Pessoa com Deficiência,10,Gabinete do Secretário,14,Direitos da Cidadania,242,Assistência ao Portador de Deficiência,3012,"Participação, Transparência e Controle Social da Administração Pública",2803,Manutenção e Operação dos Conselhos e Espaços Participativos Municipais,0,Tesouro Municipal,244.000,257.994,260.573,263.179
36,Secretaria Municipal da Pessoa com Deficiência,10,Gabinete do Secretário,14,Direitos da Cidadania,242,Assistência ao Portador de Deficiência,3019,Promoção do Crescimento Econômico e Geração de Postos de Trabalho e Oportunidades,4432,"Capacitação, Formação e Aperfeiçoamento dos Trabalhadores",0,Tesouro Municipal,55.000,58.154,58.735,59.323
38,Secretaria Municipal de Segurança Urbana,10,Gabinete do Secretário,5,Defesa Nacional,122,Administração Geral,3018,"Promoção da Cidadania, Inclusão Digital e Valorização da Diversidade",2369,Manutenção e Operação da Supervisão Geral das Juntas do Serviço Militar,0,Tesouro Municipal,74.500,80.259,83.945,85.258
38,Secretaria Municipal de Segurança Urbana,10,Gabinete do Secretário,6,Segurança Pública,122,Administração Geral,3011,"Modernização Tecnológica, Desburocratização e Inovação do Serviço Público",2180,"Capacitação, Formação e Aperfeiçoamento de Servidores",0,Tesouro Municipal,200.000,50.541,49.671,47.365
38,Secretaria Municipal de Segurança Urbana,10,Gabinete do Secretário,6,Segurança Pública,122,Administração Geral,3024,Suporte Administrativo,2100,Administração da Unidade,0,Tesouro Municipal,596.421.526,612.608.896,624.444.479,628.786.898
38,Secretaria Municipal de Segurança Urbana,10,Gabinete do Secretário,6,Segurança Pública,122,Administração Geral,3024,Suporte Administrativo,2999,Manutenção de Prédios Administrativos,0,Tesouro Municipal,200.000,303.246,397.375,473.656
38,Secretaria Municipal de Segurança Urbana,10,Gabinete do Secretário,6,Segurança Pública,126,Tecnologia da Informação,3011,"Modernização Tecnológica, Desburocratização e Inovação do Serviço Público",2818,"Aquisição de Materiais, Equipamentos e Serviços de Informação e Comunicação",0,Tesouro Municipal,565.000,5.692.037,5.159.126,4.933.083
38,Secretaria Municipal de Segurança Urbana,10,Gabinete do Secretário,6,Segurança Pública,126,Tecnologia da Informação,3024,Suporte Administrativo,2171,Manutenção e Operação de Sistemas de Informação e Comunicação,0,Tesouro Municipal,6.372.436,6.860.083,6.940.933,7.299.968
38,Secretaria Municipal de Segurança Urbana,10,Gabinete do Secretário,6,Segurança Pública,181,Policiamento,3011,"Modernização Tecnológica, Desburocratização e Inovação do Serviço Público",1220,Desenvolvimento de Sistemas de Informação e Comunicação,0,Tesouro Municipal,1.000,1.001.000,1.001.000,1.001.000
38,Secretaria Municipal de Segurança Urbana,10,Gabinete do Secretário,6,Segurança Pública,181,Policiamento,3011,"Modernização Tecnológica, Desburocratização e Inovação do Serviço Público",1220,Desenvolvimento de Sistemas de Informação e Comunicação,1,Operações de Crédito,14.000.000,0,0,0
38,Secretaria Municipal de Segurança Urbana,10,Gabinete do Secretário,6,Segurança Pública,181,Policiamento,3013,"Promoção da Segurança Urbana, Prevenção e Proteção às Vítimas de Violência",1055,"Ampliação, Reforma e Requalificação das Instalações para a Guarda Civil Metropolitana",0,Tesouro Municipal,5.003.000,5.054.105,4.967.194,4.736.560
38,Secretaria Municipal de Segurança Urbana,10,Gabinete do Secretário,6,Segurança Pública,181,Policiamento,3013,"Promoção da Segurança Urbana, Prevenção e Proteção às Vítimas de Violência",1055,"Ampliação, Reforma e Requalificação das Instalações para a Guarda Civil Metropolitana",1,Operações de Crédito,57.000.000,0,0,0
38,Secretaria Municipal de Segurança Urbana,10,Gabinete do Secretário,6,Segurança Pública,181,Policiamento,3013,"Promoção da Segurança Urbana, Prevenção e Proteção às Vítimas de Violência",2055,Manutenção das Instalações da Guarda Civil Metropolitana,0,Tesouro Municipal,600.000,606.492,596.063,610.925
38,Secretaria Municipal de Segurança Urbana,10,Gabinete do Secretário,6,Segurança Pública,181,Policiamento,3013,"Promoção da Segurança Urbana, Prevenção e Proteção às Vítimas de Violência",2192,Manutenção e Operação da Guarda Civil Metropolitana,0,Tesouro Municipal,26.998.347,38.053.958,41.715.309,44.155.423
38,Secretaria Municipal de Segurança Urbana,10,Gabinete do Secretário,6,Segurança Pública,181,Policiamento,3013,"Promoção da Segurança Urbana, Prevenção e Proteção às Vítimas de Violência",2192,Manutenção e Operação da Guarda Civil Metropolitana,2,Transferências Federais,468.000,76.000,76.000,76.000
38,Secretaria Municipal de Segurança Urbana,10,Gabinete do Secretário,6,Segurança Pública,181,Policiamento,3013,"Promoção da Segurança Urbana, Prevenção e Proteção às Vítimas de Violência",4340,Ações Integradas de Segurança Pública - Operação Delegada - Convênio SSP SO,0,Tesouro Municipal,61.386.400,47.754.781,49.062.370,48.678.959
38,Secretaria Municipal de Segurança Urbana,10,Gabinete do Secretário,6,Segurança Pública,181,Policiamento,3013,"Promoção da Segurança Urbana, Prevenção e Proteção às Vítimas de Violência",9362,E1050 - Reforma e Ampliação da Base da GCM na Vila Guarani - Jabaquara,0,Tesouro Municipal,1.500.000,0,0,0
38,Secretaria Municipal de Segurança Urbana,10,Gabinete do Secretário,6,Segurança Pública,181,Policiamento,3013,"Promoção da Segurança Urbana, Prevenção e Proteção às Vítimas de Violência",9408,"E2346 - Construção de uma Base da GCM em Área Pública Cedida pela Cury Empreendimento, Localizada na Av. Francisco Tranchesi, s/n - Jd. Nossa Senhora do Carmo, CEP 08270-460",0,Tesouro Municipal,1.000,0,0,0
38,Secretaria Municipal de Segurança Urbana,10,Gabinete do Secretário,6,Segurança Pública,182,Defesa Civil,3008,Gestão dos Riscos e Promoção da Resiliência a Desastres e Eventos Críticos,2112,Manutenção e Operação da Defesa Civil,0,Tesouro Municipal,4.281.000,3.532.076,3.776.495,4.227.853
38,Secretaria Municipal de Segurança Urbana,10,Gabinete do Secretário,6,Segurança Pública,422,"Direitos Individuais, Coletivos e Difusos",3012,"Participação, Transparência e Controle Social da Administração Pública",6250,Realização de Conferências Municipais Temáticas,0,Tesouro Municipal,130.000,30.324,29.803,28.419
38,Secretaria Municipal de Segurança Urbana,10,Gabinete do Secretário,6,Segurança Pública,542,Controle Ambiental,3013,"Promoção da Segurança Urbana, Prevenção e Proteção às Vítimas de Violência",2192,Manutenção e Operação da Guarda Civil Metropolitana,0,Tesouro Municipal,3.856.011,5.435.017,5.957.945,6.306.452
38,Secretaria Municipal de Segurança Urbana,10,Gabinete do Secretário,6,Segurança Pública,542,Controle Ambiental,3013,"Promoção da Segurança Urbana, Prevenção e Proteção às Vítimas de Violência",9393,"E613 - Adequação das Instalações com a Construção de Banheiros Masculino e Feminino na Base de Defesa Ambiental - Cantareira, da Guarda Civil Metropolitana, Localizada a Rua Conchita, 267 - Vila Rosa",0,Tesouro Municipal,150.000,0,0,0
41,Subprefeitura Perus/Anhanguera,10,Administração da Subprefeitura,4,Administração,122,Administração Geral,3011,"Modernização Tecnológica, Desburocratização e Inovação do Serviço Público",2403,Manutenção e Operação do Descomplica SP,0,Tesouro Municipal,1.000,1.000,1.000,1.000
41,Subprefeitura Perus/Anhanguera,10,Administração da Subprefeitura,4,Administração,122,Administração Geral,3012,"Participação, Transparência e Controle Social da Administração Pública",2803,Manutenção e Operação dos Conselhos e Espaços Participativos Municipais,0,Tesouro Municipal,3.000,3.055,3.000,3.000
41,Subprefeitura Perus/Anhanguera,10,Administração da Subprefeitura,4,Administração,126,Tecnologia da Informação,3011,"Modernização Tecnológica, Desburocratização e Inovação do Serviço Público",2818,"Aquisição de Materiais, Equipamentos e Serviços de Informação e Comunicação",0,Tesouro Municipal,48.000,50.932,52.500,55.000
41,Subprefeitura Perus/Anhanguera,10,Administração da Subprefeitura,13,Cultura,392,Difusão Cultural,3001,Acesso à Cultura,6354,Programação de Atividades Culturais,0,Tesouro Municipal,1.000,1.000,1.000,1.000
41,Subprefeitura Perus/Anhanguera,10,Administração da Subprefeitura,15,Urbanismo,122,Administração Geral,3024,Suporte Administrativo,2100,Administração da Unidade,0,Tesouro Municipal,13.796.532,14.349.077,14.112.560,14.594.386
41,Subprefeitura Perus/Anhanguera,10,Administração da Subprefeitura,15,Urbanismo,451,Infra-Estrutura Urbana,3011,"Modernização Tecnológica, Desburocratização e Inovação do Serviço Público",3002,"Ampliação, Reforma e Requalificação de Prédios Administrativos",0,Tesouro Municipal,1.000,1.000,1.000,1.000
41,Subprefeitura Perus/Anhanguera,10,Administração da Subprefeitura,15,Urbanismo,451,Infra-Estrutura Urbana,3022,Requalificação e Promoção da Ocupação dos Espaços Públicos,1170,"Intervenção, Urbanização e Melhoria de Bairros - Plano de Obras das Subprefeituras",0,Tesouro Municipal,3.251.000,2.037,2.000,2.000
41,Subprefeitura Perus/Anhanguera,10,Administração da Subprefeitura,15,Urbanismo,451,Infra-Estrutura Urbana,3024,Suporte Administrativo,2999,Manutenção de Prédios Administrativos,0,Tesouro Municipal,1.000,1.000,1.000,1.000
41,Subprefeitura Perus/Anhanguera,10,Administração da Subprefeitura,15,Urbanismo,452,Serviços Urbanos,3005,Promoção da Sustentabilidade Ambiental,2705,Manutenção e Operação de Áreas Verdes e Vegetação Arbórea,0,Tesouro Municipal,4.144.420,4.644.058,5.000.000,5.500.000
41,Subprefeitura Perus/Anhanguera,10,Administração da Subprefeitura,15,Urbanismo,452,Serviços Urbanos,3006,Promoção dos Direitos da Pessoa com Deficiência,1169,Reforma e Acessibilidade em Passeios Públicos,0,Tesouro Municipal,1.000,1.000,1.000,1.000
41,Subprefeitura Perus/Anhanguera,10,Administração da Subprefeitura,15,Urbanismo,452,Serviços Urbanos,3022,Requalificação e Promoção da Ocupação dos Espaços Públicos,2339,Manutenção e Operação no Serviço de Guias e Sarjetas (Vias e Logradouros),0,Tesouro Municipal,1.691.805,1.809.955,1.866.000,1.959.000
41,Subprefeitura Perus/Anhanguera,10,Administração da Subprefeitura,15,Urbanismo,452,Serviços Urbanos,3022,Requalificação e Promoção da Ocupação dos Espaços Públicos,2340,Operação Tapa Buraco,0,Tesouro Municipal,1.000,1.000,1.000,1.000
41,Subprefeitura Perus/Anhanguera,10,Administração da Subprefeitura,15,Urbanismo,452,Serviços Urbanos,3022,Requalificação e Promoção da Ocupação dos Espaços Públicos,2341,Manutenção de Vias e Áreas Públicas,0,Tesouro Municipal,2.314.915,2.537.855,2.550.000,2.678.000
41,Subprefeitura Perus/Anhanguera,10,Administração da Subprefeitura,15,Urbanismo,452,Serviços Urbanos,3022,Requalificação e Promoção da Ocupação dos Espaços Públicos,2387,Ações de Fiscalização do Comércio Ilegal,0,Tesouro Municipal,1.000,1.000,1.000,1.000
41,Subprefeitura Perus/Anhanguera,10,Administração da Subprefeitura,17,Saneamento,512,Saneamento Básico Urbano,3008,Gestão dos Riscos e Promoção da Resiliência a Desastres e Eventos Críticos,2367,Manutenção de Sistemas de Drenagem,0,Tesouro Municipal,4.626.376,10.540.371,13.838.222,15.626.649
42,Subprefeitura Pirituba/Jaraguá,10,Administração da Subprefeitura,4,Administração,122,Administração Geral,3011,"Modernização Tecnológica, Desburocratização e Inovação do Serviço Público",2403,Manutenção e Operação do Descomplica SP,0,Tesouro Municipal,1.000,1.000,1.000,1.000
42,Subprefeitura Pirituba/Jaraguá,10,Administração da Subprefeitura,4,Administração,122,Administração Geral,3012,"Participação, Transparência e Controle Social da Administração Pública",2803,Manutenção e Operação dos Conselhos e Espaços Participativos Municipais,0,Tesouro Municipal,2.000,1.000,1.000,1.000
42,Subprefeitura Pirituba/Jaraguá,10,Administração da Subprefeitura,4,Administração,126,Tecnologia da Informação,3011,"Modernização Tecnológica, Desburocratização e Inovação do Serviço Público",2818,"Aquisição de Materiais, Equipamentos e Serviços de Informação e Comunicação",0,Tesouro Municipal,490.000,550.000,580.000,630.000
42,Subprefeitura Pirituba/Jaraguá,10,Administração da Subprefeitura,13,Cultura,392,Difusão Cultural,3001,Acesso à Cultura,6354,Programação de Atividades Culturais,0,Tesouro Municipal,1.000,1.000,1.000,1.000
42,Subprefeitura Pirituba/Jaraguá,10,Administração da Subprefeitura,15,Urbanismo,122,Administração Geral,3024,Suporte Administrativo,2100,Administração da Unidade,0,Tesouro Municipal,19.731.715,19.903.715,20.003.715,20.103.715
42,Subprefeitura Pirituba/Jaraguá,10,Administração da Subprefeitura,15,Urbanismo,451,Infra-Estrutura Urbana,3011,"Modernização Tecnológica, Desburocratização e Inovação do Serviço Público",3000,Aquisição e Construção de Prédios Administrativos,0,Tesouro Municipal,1.000,1.000,1.000,1.000
42,Subprefeitura Pirituba/Jaraguá,10,Administração da Subprefeitura,15,Urbanismo,451,Infra-Estrutura Urbana,3011,"Modernização Tecnológica, Desburocratização e Inovação do Serviço Público",3002,"Ampliação, Reforma e Requalificação de Prédios Administrativos",0,Tesouro Municipal,2.000,1.000,1.000,1.000
42,Subprefeitura Pirituba/Jaraguá,10,Administração da Subprefeitura,15,Urbanismo,451,Infra-Estrutura Urbana,3022,Requalificação e Promoção da Ocupação dos Espaços Públicos,1170,"Intervenção, Urbanização e Melhoria de Bairros - Plano de Obras das Subprefeituras",0,Tesouro Municipal,4.251.000,1.000,1.000,1.000
42,Subprefeitura Pirituba/Jaraguá,10,Administração da Subprefeitura,15,Urbanismo,451,Infra-Estrutura Urbana,3022,Requalificação e Promoção da Ocupação dos Espaços Públicos,9418,"E99 - Requalificação de Sede Social da Associação o Caminho, CNPJ: 17.557.555/0001-31, localizada na Rua Vicente Antonio de Oliveira 04 - Vila Mirante, CEP: 02955-080.",0,Tesouro Municipal,100.000,0,0,0
42,Subprefeitura Pirituba/Jaraguá,10,Administração da Subprefeitura,15,Urbanismo,451,Infra-Estrutura Urbana,3024,Suporte Administrativo,2999,Manutenção de Prédios Administrativos,0,Tesouro Municipal,101.000,200.000,200.000,200.000
42,Subprefeitura Pirituba/Jaraguá,10,Administração da Subprefeitura,15,Urbanismo,452,Serviços Urbanos,3005,Promoção da Sustentabilidade Ambiental,2705,Manutenção e Operação de Áreas Verdes e Vegetação Arbórea,0,Tesouro Municipal,4.102.000,2.800.000,3.000.000,3.200.000
42,Subprefeitura Pirituba/Jaraguá,10,Administração da Subprefeitura,15,Urbanismo,452,Serviços Urbanos,3006,Promoção dos Direitos da Pessoa com Deficiência,1169,Reforma e Acessibilidade em Passeios Públicos,0,Tesouro Municipal,1.000,1.000,1.000,1.000
42,Subprefeitura Pirituba/Jaraguá,10,Administração da Subprefeitura,15,Urbanismo,452,Serviços Urbanos,3022,Requalificação e Promoção da Ocupação dos Espaços Públicos,2339,Manutenção e Operação no Serviço de Guias e Sarjetas (Vias e Logradouros),0,Tesouro Municipal,4.720.000,4.756.000,5.232.000,5.755.000
42,Subprefeitura Pirituba/Jaraguá,10,Administração da Subprefeitura,15,Urbanismo,452,Serviços Urbanos,3022,Requalificação e Promoção da Ocupação dos Espaços Públicos,2340,Operação Tapa Buraco,0,Tesouro Municipal,1.000,1.000,1.000,1.000
42,Subprefeitura Pirituba/Jaraguá,10,Administração da Subprefeitura,15,Urbanismo,452,Serviços Urbanos,3022,Requalificação e Promoção da Ocupação dos Espaços Públicos,2341,Manutenção de Vias e Áreas Públicas,0,Tesouro Municipal,2.050.000,2.250.000,2.475.000,2.723.000
42,Subprefeitura Pirituba/Jaraguá,10,Administração da Subprefeitura,15,Urbanismo,452,Serviços Urbanos,3022,Requalificação e Promoção da Ocupação dos Espaços Públicos,2387,Ações de Fiscalização do Comércio Ilegal,0,Tesouro Municipal,1.000,1.000,1.000,1.000
42,Subprefeitura Pirituba/Jaraguá,10,Administração da Subprefeitura,17,Saneamento,512,Saneamento Básico Urbano,3008,Gestão dos Riscos e Promoção da Resiliência a Desastres e Eventos Críticos,2367,Manutenção de Sistemas de Drenagem,0,Tesouro Municipal,5.298.884,11.649.514,16.429.198,19.289.187
43,Subprefeitura Freguesia/Brasilândia,10,Administração da Subprefeitura,4,Administração,122,Administração Geral,3011,"Modernização Tecnológica, Desburocratização e Inovação do Serviço Público",2403,Manutenção e Operação do Descomplica SP,0,Tesouro Municipal,1.000,1.000,1.000,1.000
43,Subprefeitura Freguesia/Brasilândia,10,Administração da Subprefeitura,4,Administração,122,Administração Geral,3012,"Participação, Transparência e Controle Social da Administração Pública",2803,Manutenção e Operação dos Conselhos e Espaços Participativos Municipais,0,Tesouro Municipal,2.000,2.000,2.000,2.000
43,Subprefeitura Freguesia/Brasilândia,10,Administração da Subprefeitura,4,Administração,126,Tecnologia da Informação,3011,"Modernização Tecnológica, Desburocratização e Inovação do Serviço Público",2818,"Aquisição de Materiais, Equipamentos e Serviços de Informação e Comunicação",0,Tesouro Municipal,35.000,35.000,35.000,35.000
43,Subprefeitura Freguesia/Brasilândia,10,Administração da Subprefeitura,13,Cultura,392,Difusão Cultural,3001,Acesso à Cultura,6354,Programação de Atividades Culturais,0,Tesouro Municipal,1.000,1.000,1.000,1.000
43,Subprefeitura Freguesia/Brasilândia,10,Administração da Subprefeitura,15,Urbanismo,122,Administração Geral,3024,Suporte Administrativo,2100,Administração da Unidade,0,Tesouro Municipal,18.282.769,18.387.294,18.492.294,18.597.294
43,Subprefeitura Freguesia/Brasilândia,10,Administração da Subprefeitura,15,Urbanismo,451,Infra-Estrutura Urbana,3011,"Modernização Tecnológica, Desburocratização e Inovação do Serviço Público",3002,"Ampliação, Reforma e Requalificação de Prédios Administrativos",0,Tesouro Municipal,1.000,1.000,1.000,1.000
43,Subprefeitura Freguesia/Brasilândia,10,Administração da Subprefeitura,15,Urbanismo,451,Infra-Estrutura Urbana,3022,Requalificação e Promoção da Ocupação dos Espaços Públicos,1170,"Intervenção, Urbanização e Melhoria de Bairros - Plano de Obras das Subprefeituras",0,Tesouro Municipal,2.251.000,2.000,2.000,2.000
43,Subprefeitura Freguesia/Brasilândia,10,Administração da Subprefeitura,15,Urbanismo,451,Infra-Estrutura Urbana,3022,Requalificação e Promoção da Ocupação dos Espaços Públicos,9437,E1646 - Implantação da Nova Sede da Subprefeitura Freguesia-Brasilândia,0,Tesouro Municipal,1.000,0,0,0
43,Subprefeitura Freguesia/Brasilândia,10,Administração da Subprefeitura,15,Urbanismo,451,Infra-Estrutura Urbana,3024,Suporte Administrativo,2999,Manutenção de Prédios Administrativos,0,Tesouro Municipal,1.000,1.000,1.000,1.000
43,Subprefeitura Freguesia/Brasilândia,10,Administração da Subprefeitura,15,Urbanismo,452,Serviços Urbanos,3005,Promoção da Sustentabilidade Ambiental,2705,Manutenção e Operação de Áreas Verdes e Vegetação Arbórea,0,Tesouro Municipal,4.210.700,4.604.303,4.942.894,5.463.206
43,Subprefeitura Freguesia/Brasilândia,10,Administração da Subprefeitura,15,Urbanismo,452,Serviços Urbanos,3006,Promoção dos Direitos da Pessoa com Deficiência,1169,Reforma e Acessibilidade em Passeios Públicos,0,Tesouro Municipal,1.000,1.000,1.000,1.000
43,Subprefeitura Freguesia/Brasilândia,10,Administração da Subprefeitura,15,Urbanismo,452,Serviços Urbanos,3022,Requalificação e Promoção da Ocupação dos Espaços Públicos,2339,Manutenção e Operação no Serviço de Guias e Sarjetas (Vias e Logradouros),0,Tesouro Municipal,3.145.000,3.430.000,3.727.000,4.037.000
43,Subprefeitura Freguesia/Brasilândia,10,Administração da Subprefeitura,15,Urbanismo,452,Serviços Urbanos,3022,Requalificação e Promoção da Ocupação dos Espaços Públicos,2340,Operação Tapa Buraco,0,Tesouro Municipal,1.000,1.000,1.000,1.000
43,Subprefeitura Freguesia/Brasilândia,10,Administração da Subprefeitura,15,Urbanismo,452,Serviços Urbanos,3022,Requalificação e Promoção da Ocupação dos Espaços Públicos,2341,Manutenção de Vias e Áreas Públicas,0,Tesouro Municipal,1.110.000,1.190.000,1.280.000,1.370.000
43,Subprefeitura Freguesia/Brasilândia,10,Administração da Subprefeitura,15,Urbanismo,452,Serviços Urbanos,3022,Requalificação e Promoção da Ocupação dos Espaços Públicos,2387,Ações de Fiscalização do Comércio Ilegal,0,Tesouro Municipal,1.000,1.000,1.000,1.000
43,Subprefeitura Freguesia/Brasilândia,10,Administração da Subprefeitura,17,Saneamento,512,Saneamento Básico Urbano,3008,Gestão dos Riscos e Promoção da Resiliência a Desastres e Eventos Críticos,2367,Manutenção de Sistemas de Drenagem,0,Tesouro Municipal,7.475.710,17.977.833,23.993.239,27.434.279
44,Subprefeitura Casa Verde/Cachoeirinha,10,Administração da Subprefeitura,4,Administração,122,Administração Geral,3011,"Modernização Tecnológica, Desburocratização e Inovação do Serviço Público",2403,Manutenção e Operação do Descomplica SP,0,Tesouro Municipal,1.000,1.000,1.000,1.000
44,Subprefeitura Casa Verde/Cachoeirinha,10,Administração da Subprefeitura,4,Administração,122,Administração Geral,3012,"Participação, Transparência e Controle Social da Administração Pública",2803,Manutenção e Operação dos Conselhos e Espaços Participativos Municipais,0,Tesouro Municipal,2.000,2.000,2.000,2.000
44,Subprefeitura Casa Verde/Cachoeirinha,10,Administração da Subprefeitura,4,Administração,126,Tecnologia da Informação,3011,"Modernização Tecnológica, Desburocratização e Inovação do Serviço Público",2818,"Aquisição de Materiais, Equipamentos e Serviços de Informação e Comunicação",0,Tesouro Municipal,22.630,23.937,25.038,26.615
44,Subprefeitura Casa Verde/Cachoeirinha,10,Administração da Subprefeitura,13,Cultura,392,Difusão Cultural,3001,Acesso à Cultura,6354,Programação de Atividades Culturais,0,Tesouro Municipal,1.000,1.000,1.000,1.000
44,Subprefeitura Casa Verde/Cachoeirinha,10,Administração da Subprefeitura,15,Urbanismo,122,Administração Geral,3024,Suporte Administrativo,2100,Administração da Unidade,0,Tesouro Municipal,11.447.275,10.799.807,11.257.252,11.912.970
44,Subprefeitura Casa Verde/Cachoeirinha,10,Administração da Subprefeitura,15,Urbanismo,451,Infra-Estrutura Urbana,3011,"Modernização Tecnológica, Desburocratização e Inovação do Serviço Público",3002,"Ampliação, Reforma e Requalificação de Prédios Administrativos",0,Tesouro Municipal,500.000,1.000,1.000,1.000
44,Subprefeitura Casa Verde/Cachoeirinha,10,Administração da Subprefeitura,15,Urbanismo,451,Infra-Estrutura Urbana,3022,Requalificação e Promoção da Ocupação dos Espaços Públicos,1170,"Intervenção, Urbanização e Melhoria de Bairros - Plano de Obras das Subprefeituras",0,Tesouro Municipal,2.251.000,1.000,1.000,1.000
44,Subprefeitura Casa Verde/Cachoeirinha,10,Administração da Subprefeitura,15,Urbanismo,451,Infra-Estrutura Urbana,3024,Suporte Administrativo,2999,Manutenção de Prédios Administrativos,0,Tesouro Municipal,1.000,1.000,1.000,1.000
44,Subprefeitura Casa Verde/Cachoeirinha,10,Administração da Subprefeitura,15,Urbanismo,452,Serviços Urbanos,3005,Promoção da Sustentabilidade Ambiental,2705,Manutenção e Operação de Áreas Verdes e Vegetação Arbórea,0,Tesouro Municipal,5.354.768,4.562.421,4.772.108,5.072.682
44,Subprefeitura Casa Verde/Cachoeirinha,10,Administração da Subprefeitura,15,Urbanismo,452,Serviços Urbanos,3006,Promoção dos Direitos da Pessoa com Deficiência,1169,Reforma e Acessibilidade em Passeios Públicos,0,Tesouro Municipal,1.000,1.000,1.000,1.000
44,Subprefeitura Casa Verde/Cachoeirinha,10,Administração da Subprefeitura,15,Urbanismo,452,Serviços Urbanos,3022,Requalificação e Promoção da Ocupação dos Espaços Públicos,2339,Manutenção e Operação no Serviço de Guias e Sarjetas (Vias e Logradouros),0,Tesouro Municipal,3.539.887,3.056.911,3.193.588,3.394.739
44,Subprefeitura Casa Verde/Cachoeirinha,10,Administração da Subprefeitura,15,Urbanismo,452,Serviços Urbanos,3022,Requalificação e Promoção da Ocupação dos Espaços Públicos,2340,Operação Tapa Buraco,0,Tesouro Municipal,1.000,1.000,1.000,1.000
44,Subprefeitura Casa Verde/Cachoeirinha,10,Administração da Subprefeitura,15,Urbanismo,452,Serviços Urbanos,3022,Requalificação e Promoção da Ocupação dos Espaços Públicos,2341,Manutenção de Vias e Áreas Públicas,0,Tesouro Municipal,1.758.385,1.148.216,1.200.989,1.276.634
44,Subprefeitura Casa Verde/Cachoeirinha,10,Administração da Subprefeitura,15,Urbanismo,452,Serviços Urbanos,3022,Requalificação e Promoção da Ocupação dos Espaços Públicos,2387,Ações de Fiscalização do Comércio Ilegal,0,Tesouro Municipal,1.000,1.000,1.000,1.000
44,Subprefeitura Casa Verde/Cachoeirinha,10,Administração da Subprefeitura,15,Urbanismo,543,Recuperação de Áreas Degradadas,3022,Requalificação e Promoção da Ocupação dos Espaços Públicos,1193,Obras e Serviços nas Áreas de Riscos Geológicos,0,Tesouro Municipal,1.000,1.000,1.000,1.000
44,Subprefeitura Casa Verde/Cachoeirinha,10,Administração da Subprefeitura,17,Saneamento,512,Saneamento Básico Urbano,3005,Promoção da Sustentabilidade Ambiental,9026,"Construção de Galeria, bem como Boca de Lobo para Captação de Água Pluvial, na Viela João Carlos Pereira, Altura no Número 13",0,Tesouro Municipal,1.000.000,0,0,0
44,Subprefeitura Casa Verde/Cachoeirinha,10,Administração da Subprefeitura,17,Saneamento,512,Saneamento Básico Urbano,3005,Promoção da Sustentabilidade Ambiental,9027,"Contenção de Risco na Casa Verde - (Risco 2, Risco 3 e Risco 4) na Área do Triangulo Verde, Localizado na Rua Oscar de Moura Lacerda e Rua João Dias",0,Tesouro Municipal,10.000.000,0,0,0
44,Subprefeitura Casa Verde/Cachoeirinha,10,Administração da Subprefeitura,17,Saneamento,512,Saneamento Básico Urbano,3005,Promoção da Sustentabilidade Ambiental,9028,"Contenção de Risco na Casa Verde - (Risco 1 e Risco 3), no Jardim Peri Novo II, Localizado na Avenida Massao Watanabe cruzamento com a Avenida Doutor José Mario Teixeira de Leão",0,Tesouro Municipal,4.000.000,0,0,0
44,Subprefeitura Casa Verde/Cachoeirinha,10,Administração da Subprefeitura,17,Saneamento,512,Saneamento Básico Urbano,3008,Gestão dos Riscos e Promoção da Resiliência a Desastres e Eventos Críticos,2367,Manutenção de Sistemas de Drenagem,0,Tesouro Municipal,9.676.292,11.372.865,14.729.263,16.397.985
45,Subprefeitura Santana/Tucuruvi,10,Administração da Subprefeitura,4,Administração,122,Administração Geral,3011,"Modernização Tecnológica, Desburocratização e Inovação do Serviço Público",2403,Manutenção e Operação do Descomplica SP,0,Tesouro Municipal,1.000,1.000,1.000,1.000
45,Subprefeitura Santana/Tucuruvi,10,Administração da Subprefeitura,4,Administração,122,Administração Geral,3012,"Participação, Transparência e Controle Social da Administração Pública",2803,Manutenção e Operação dos Conselhos e Espaços Participativos Municipais,0,Tesouro Municipal,2.000,2.000,2.000,2.000
45,Subprefeitura Santana/Tucuruvi,10,Administração da Subprefeitura,4,Administração,126,Tecnologia da Informação,3011,"Modernização Tecnológica, Desburocratização e Inovação do Serviço Público",2818,"Aquisição de Materiais, Equipamentos e Serviços de Informação e Comunicação",0,Tesouro Municipal,125.000,132.224,138.274,146.976
45,Subprefeitura Santana/Tucuruvi,10,Administração da Subprefeitura,13,Cultura,392,Difusão Cultural,3001,Acesso à Cultura,6354,Programação de Atividades Culturais,0,Tesouro Municipal,1.000,1.000,1.000,1.000
45,Subprefeitura Santana/Tucuruvi,10,Administração da Subprefeitura,15,Urbanismo,122,Administração Geral,3024,Suporte Administrativo,2100,Administração da Unidade,0,Tesouro Municipal,19.995.896,21.083.045,21.993.462,23.304.997
45,Subprefeitura Santana/Tucuruvi,10,Administração da Subprefeitura,15,Urbanismo,451,Infra-Estrutura Urbana,3011,"Modernização Tecnológica, Desburocratização e Inovação do Serviço Público",3002,"Ampliação, Reforma e Requalificação de Prédios Administrativos",0,Tesouro Municipal,1.000,0,0,0
45,Subprefeitura Santana/Tucuruvi,10,Administração da Subprefeitura,15,Urbanismo,451,Infra-Estrutura Urbana,3022,Requalificação e Promoção da Ocupação dos Espaços Públicos,1170,"Intervenção, Urbanização e Melhoria de Bairros - Plano de Obras das Subprefeituras",0,Tesouro Municipal,2.251.000,1.000,1.000,1.000
45,Subprefeitura Santana/Tucuruvi,10,Administração da Subprefeitura,15,Urbanismo,451,Infra-Estrutura Urbana,3024,Suporte Administrativo,2999,Manutenção de Prédios Administrativos,0,Tesouro Municipal,2.000,2.000,2.000,2.000
45,Subprefeitura Santana/Tucuruvi,10,Administração da Subprefeitura,15,Urbanismo,452,Serviços Urbanos,3005,Promoção da Sustentabilidade Ambiental,2705,Manutenção e Operação de Áreas Verdes e Vegetação Arbórea,0,Tesouro Municipal,6.719.000,7.107.333,7.432.537,7.900.254
45,Subprefeitura Santana/Tucuruvi,10,Administração da Subprefeitura,15,Urbanismo,452,Serviços Urbanos,3006,Promoção dos Direitos da Pessoa com Deficiência,1169,Reforma e Acessibilidade em Passeios Públicos,0,Tesouro Municipal,1.000,0,0,0
45,Subprefeitura Santana/Tucuruvi,10,Administração da Subprefeitura,15,Urbanismo,452,Serviços Urbanos,3022,Requalificação e Promoção da Ocupação dos Espaços Públicos,2339,Manutenção e Operação no Serviço de Guias e Sarjetas (Vias e Logradouros),0,Tesouro Municipal,2.390.718,2.528.893,2.644.605,2.811.026
45,Subprefeitura Santana/Tucuruvi,10,Administração da Subprefeitura,15,Urbanismo,452,Serviços Urbanos,3022,Requalificação e Promoção da Ocupação dos Espaços Públicos,2340,Operação Tapa Buraco,0,Tesouro Municipal,1.000,1.000,1.000,1.000
45,Subprefeitura Santana/Tucuruvi,10,Administração da Subprefeitura,15,Urbanismo,452,Serviços Urbanos,3022,Requalificação e Promoção da Ocupação dos Espaços Públicos,2387,Ações de Fiscalização do Comércio Ilegal,0,Tesouro Municipal,1.000,1.000,1.000,1.000
45,Subprefeitura Santana/Tucuruvi,10,Administração da Subprefeitura,17,Saneamento,512,Saneamento Básico Urbano,3008,Gestão dos Riscos e Promoção da Resiliência a Desastres e Eventos Críticos,2367,Manutenção de Sistemas de Drenagem,0,Tesouro Municipal,5.407.000,8.810.102,10.788.785,11.879.642
46,Subprefeitura Jaçanã/Tremembé,10,Administração da Subprefeitura,4,Administração,122,Administração Geral,3011,"Modernização Tecnológica, Desburocratização e Inovação do Serviço Público",2403,Manutenção e Operação do Descomplica SP,0,Tesouro Municipal,1.000,1.000,1.000,1.000
46,Subprefeitura Jaçanã/Tremembé,10,Administração da Subprefeitura,4,Administração,122,Administração Geral,3012,"Participação, Transparência e Controle Social da Administração Pública",2803,Manutenção e Operação dos Conselhos e Espaços Participativos Municipais,0,Tesouro Municipal,3.000,3.050,3.000,3.000
46,Subprefeitura Jaçanã/Tremembé,10,Administração da Subprefeitura,4,Administração,126,Tecnologia da Informação,3011,"Modernização Tecnológica, Desburocratização e Inovação do Serviço Público",2818,"Aquisição de Materiais, Equipamentos e Serviços de Informação e Comunicação",0,Tesouro Municipal,83.500,86.435,90.000,95.000
46,Subprefeitura Jaçanã/Tremembé,10,Administração da Subprefeitura,13,Cultura,392,Difusão Cultural,3001,Acesso à Cultura,6354,Programação de Atividades Culturais,0,Tesouro Municipal,1.000,1.000,1.000,1.000
46,Subprefeitura Jaçanã/Tremembé,10,Administração da Subprefeitura,15,Urbanismo,122,Administração Geral,3024,Suporte Administrativo,2100,Administração da Unidade,0,Tesouro Municipal,16.869.217,17.452.756,17.518.717,18.049.717
46,Subprefeitura Jaçanã/Tremembé,10,Administração da Subprefeitura,15,Urbanismo,451,Infra-Estrutura Urbana,3011,"Modernização Tecnológica, Desburocratização e Inovação do Serviço Público",3000,Aquisição e Construção de Prédios Administrativos,0,Tesouro Municipal,1.000,1.000,1.000,1.000
46,Subprefeitura Jaçanã/Tremembé,10,Administração da Subprefeitura,15,Urbanismo,451,Infra-Estrutura Urbana,3011,"Modernização Tecnológica, Desburocratização e Inovação do Serviço Público",3002,"Ampliação, Reforma e Requalificação de Prédios Administrativos",0,Tesouro Municipal,1.000,1.000,1.000,1.000
46,Subprefeitura Jaçanã/Tremembé,10,Administração da Subprefeitura,15,Urbanismo,451,Infra-Estrutura Urbana,3022,Requalificação e Promoção da Ocupação dos Espaços Públicos,1170,"Intervenção, Urbanização e Melhoria de Bairros - Plano de Obras das Subprefeituras",0,Tesouro Municipal,5.751.000,1.016,1.000,1.000
46,Subprefeitura Jaçanã/Tremembé,10,Administração da Subprefeitura,15,Urbanismo,451,Infra-Estrutura Urbana,3022,Requalificação e Promoção da Ocupação dos Espaços Públicos,9245,Desapropriação de imóveis,0,Tesouro Municipal,1.000.000,0,0,0
46,Subprefeitura Jaçanã/Tremembé,10,Administração da Subprefeitura,15,Urbanismo,451,Infra-Estrutura Urbana,3024,Suporte Administrativo,2999,Manutenção de Prédios Administrativos,0,Tesouro Municipal,1.000,1.000,1.000,1.000
46,Subprefeitura Jaçanã/Tremembé,10,Administração da Subprefeitura,15,Urbanismo,452,Serviços Urbanos,3005,Promoção da Sustentabilidade Ambiental,2705,Manutenção e Operação de Áreas Verdes e Vegetação Arbórea,0,Tesouro Municipal,5.500.000,5.694.557,5.800.000,6.200.000
46,Subprefeitura Jaçanã/Tremembé,10,Administração da Subprefeitura,15,Urbanismo,452,Serviços Urbanos,3006,Promoção dos Direitos da Pessoa com Deficiência,1169,Reforma e Acessibilidade em Passeios Públicos,0,Tesouro Municipal,1.000,1.000,1.000,1.000
46,Subprefeitura Jaçanã/Tremembé,10,Administração da Subprefeitura,15,Urbanismo,452,Serviços Urbanos,3022,Requalificação e Promoção da Ocupação dos Espaços Públicos,2339,Manutenção e Operação no Serviço de Guias e Sarjetas (Vias e Logradouros),0,Tesouro Municipal,3.580.000,3.983.291,4.100.000,4.400.000
46,Subprefeitura Jaçanã/Tremembé,10,Administração da Subprefeitura,15,Urbanismo,452,Serviços Urbanos,3022,Requalificação e Promoção da Ocupação dos Espaços Públicos,2340,Operação Tapa Buraco,0,Tesouro Municipal,1.000,1.000,1.000,1.000
46,Subprefeitura Jaçanã/Tremembé,10,Administração da Subprefeitura,15,Urbanismo,452,Serviços Urbanos,3022,Requalificação e Promoção da Ocupação dos Espaços Públicos,2341,Manutenção de Vias e Áreas Públicas,0,Tesouro Municipal,101.000,107.789,111.000,111.000
46,Subprefeitura Jaçanã/Tremembé,10,Administração da Subprefeitura,15,Urbanismo,452,Serviços Urbanos,3022,Requalificação e Promoção da Ocupação dos Espaços Públicos,2387,Ações de Fiscalização do Comércio Ilegal,0,Tesouro Municipal,1.000,1.000,1.000,1.000
46,Subprefeitura Jaçanã/Tremembé,10,Administração da Subprefeitura,17,Saneamento,512,Saneamento Básico Urbano,3008,Gestão dos Riscos e Promoção da Resiliência a Desastres e Eventos Críticos,2367,Manutenção de Sistemas de Drenagem,0,Tesouro Municipal,4.108.980,12.501.860,17.202.433,19.676.493
47,Subprefeitura Vila Maria/Vila Guilherme,10,Administração da Subprefeitura,4,Administração,122,Administração Geral,3011,"Modernização Tecnológica, Desburocratização e Inovação do Serviço Público",2403,Manutenção e Operação do Descomplica SP,0,Tesouro Municipal,1.000,1.000,1.000,1.000
47,Subprefeitura Vila Maria/Vila Guilherme,10,Administração da Subprefeitura,4,Administração,122,Administração Geral,3012,"Participação, Transparência e Controle Social da Administração Pública",2803,Manutenção e Operação dos Conselhos e Espaços Participativos Municipais,0,Tesouro Municipal,3.000,3.224,3.319,3.528
47,Subprefeitura Vila Maria/Vila Guilherme,10,Administração da Subprefeitura,4,Administração,126,Tecnologia da Informação,3011,"Modernização Tecnológica, Desburocratização e Inovação do Serviço Público",2818,"Aquisição de Materiais, Equipamentos e Serviços de Informação e Comunicação",0,Tesouro Municipal,64.124,68.935,70.934,75.402
47,Subprefeitura Vila Maria/Vila Guilherme,10,Administração da Subprefeitura,13,Cultura,392,Difusão Cultural,3001,Acesso à Cultura,6354,Programação de Atividades Culturais,0,Tesouro Municipal,1.000,1.075,1.106,1.176
47,Subprefeitura Vila Maria/Vila Guilherme,10,Administração da Subprefeitura,15,Urbanismo,122,Administração Geral,3024,Suporte Administrativo,2100,Administração da Unidade,0,Tesouro Municipal,16.828.820,17.977.731,18.454.856,19.521.676
47,Subprefeitura Vila Maria/Vila Guilherme,10,Administração da Subprefeitura,15,Urbanismo,451,Infra-Estrutura Urbana,3011,"Modernização Tecnológica, Desburocratização e Inovação do Serviço Público",3002,"Ampliação, Reforma e Requalificação de Prédios Administrativos",0,Tesouro Municipal,1.000,0,0,0
47,Subprefeitura Vila Maria/Vila Guilherme,10,Administração da Subprefeitura,15,Urbanismo,451,Infra-Estrutura Urbana,3022,Requalificação e Promoção da Ocupação dos Espaços Públicos,1170,"Intervenção, Urbanização e Melhoria de Bairros - Plano de Obras das Subprefeituras",0,Tesouro Municipal,1.251.000,1.016,1.000,1.000
47,Subprefeitura Vila Maria/Vila Guilherme,10,Administração da Subprefeitura,15,Urbanismo,451,Infra-Estrutura Urbana,3022,Requalificação e Promoção da Ocupação dos Espaços Públicos,8021,"E6626 - Manutenção de Vias e Logradouros Públicos, Prestação de Serviços de Manejo Técnico de Árvores,Manutenção e Conservação de Galerias e Aquisição de Insumos",0,Tesouro Municipal,1.000,0,0,0
47,Subprefeitura Vila Maria/Vila Guilherme,10,Administração da Subprefeitura,15,Urbanismo,451,Infra-Estrutura Urbana,3024,Suporte Administrativo,2999,Manutenção de Prédios Administrativos,0,Tesouro Municipal,50.000,53.751,55.310,58.794
47,Subprefeitura Vila Maria/Vila Guilherme,10,Administração da Subprefeitura,15,Urbanismo,452,Serviços Urbanos,3005,Promoção da Sustentabilidade Ambiental,2705,Manutenção e Operação de Áreas Verdes e Vegetação Arbórea,0,Tesouro Municipal,6.136.798,3.466.502,3.566.983,3.791.651
47,Subprefeitura Vila Maria/Vila Guilherme,10,Administração da Subprefeitura,15,Urbanismo,452,Serviços Urbanos,3006,Promoção dos Direitos da Pessoa com Deficiência,1169,Reforma e Acessibilidade em Passeios Públicos,0,Tesouro Municipal,1.000,0,0,0
47,Subprefeitura Vila Maria/Vila Guilherme,10,Administração da Subprefeitura,15,Urbanismo,452,Serviços Urbanos,3022,Requalificação e Promoção da Ocupação dos Espaços Públicos,2339,Manutenção e Operação no Serviço de Guias e Sarjetas (Vias e Logradouros),0,Tesouro Municipal,7.992.545,4.996.357,5.141.183,5.465.003
47,Subprefeitura Vila Maria/Vila Guilherme,10,Administração da Subprefeitura,15,Urbanismo,452,Serviços Urbanos,3022,Requalificação e Promoção da Ocupação dos Espaços Públicos,2340,Operação Tapa Buraco,0,Tesouro Municipal,1.000,1.000,1.000,1.000
47,Subprefeitura Vila Maria/Vila Guilherme,10,Administração da Subprefeitura,15,Urbanismo,452,Serviços Urbanos,3022,Requalificação e Promoção da Ocupação dos Espaços Públicos,2341,Manutenção de Vias e Áreas Públicas,0,Tesouro Municipal,2.000,2.150,2.212,2.352
47,Subprefeitura Vila Maria/Vila Guilherme,10,Administração da Subprefeitura,15,Urbanismo,452,Serviços Urbanos,3022,Requalificação e Promoção da Ocupação dos Espaços Públicos,2387,Ações de Fiscalização do Comércio Ilegal,0,Tesouro Municipal,1.000,1.075,1.106,1.174
47,Subprefeitura Vila Maria/Vila Guilherme,10,Administração da Subprefeitura,17,Saneamento,512,Saneamento Básico Urbano,3008,Gestão dos Riscos e Promoção da Resiliência a Desastres e Eventos Críticos,2367,Manutenção de Sistemas de Drenagem,0,Tesouro Municipal,6.463.892,7.987.759,10.063.676,11.164.093
48,Subprefeitura Lapa,10,Administração da Subprefeitura,4,Administração,122,Administração Geral,3011,"Modernização Tecnológica, Desburocratização e Inovação do Serviço Público",2403,Manutenção e Operação do Descomplica SP,0,Tesouro Municipal,1.000,1.000,1.000,1.000
48,Subprefeitura Lapa,10,Administração da Subprefeitura,4,Administração,122,Administração Geral,3012,"Participação, Transparência e Controle Social da Administração Pública",2803,Manutenção e Operação dos Conselhos e Espaços Participativos Municipais,0,Tesouro Municipal,3.000,3.000,3.000,3.000
48,Subprefeitura Lapa,10,Administração da Subprefeitura,4,Administração,126,Tecnologia da Informação,3011,"Modernização Tecnológica, Desburocratização e Inovação do Serviço Público",2818,"Aquisição de Materiais, Equipamentos e Serviços de Informação e Comunicação",0,Tesouro Municipal,131.505,131.505,131.505,131.505
48,Subprefeitura Lapa,10,Administração da Subprefeitura,13,Cultura,392,Difusão Cultural,3001,Acesso à Cultura,6354,Programação de Atividades Culturais,0,Tesouro Municipal,1.000,1.000,1.000,1.000
48,Subprefeitura Lapa,10,Administração da Subprefeitura,15,Urbanismo,122,Administração Geral,3024,Suporte Administrativo,2100,Administração da Unidade,0,Tesouro Municipal,17.825.869,18.489.860,18.899.401,19.818.365
48,Subprefeitura Lapa,10,Administração da Subprefeitura,15,Urbanismo,451,Infra-Estrutura Urbana,3011,"Modernização Tecnológica, Desburocratização e Inovação do Serviço Público",3002,"Ampliação, Reforma e Requalificação de Prédios Administrativos",0,Tesouro Municipal,1.000,1.000,1.000,1.000
48,Subprefeitura Lapa,10,Administração da Subprefeitura,15,Urbanismo,451,Infra-Estrutura Urbana,3022,Requalificação e Promoção da Ocupação dos Espaços Públicos,1170,"Intervenção, Urbanização e Melhoria de Bairros - Plano de Obras das Subprefeituras",0,Tesouro Municipal,9.252.000,1.500,1.500,1.500
48,Subprefeitura Lapa,10,Administração da Subprefeitura,15,Urbanismo,451,Infra-Estrutura Urbana,3022,Requalificação e Promoção da Ocupação dos Espaços Públicos,9450,"E620 - Adequação com Pavimentação, Instalação de Parque Infantil, Aparelhos de Ginástica, Espaço Pet, Bancos e Mesas na Praça Aureliano Leite - Água Branca.",0,Tesouro Municipal,200.000,0,0,0
48,Subprefeitura Lapa,10,Administração da Subprefeitura,15,Urbanismo,451,Infra-Estrutura Urbana,3024,Suporte Administrativo,2999,Manutenção de Prédios Administrativos,0,Tesouro Municipal,85.000,85.000,85.000,85.000
48,Subprefeitura Lapa,10,Administração da Subprefeitura,15,Urbanismo,452,Serviços Urbanos,3005,Promoção da Sustentabilidade Ambiental,2705,Manutenção e Operação de Áreas Verdes e Vegetação Arbórea,0,Tesouro Municipal,7.510.495,8.261.544,9.087.699,9.996.469
48,Subprefeitura Lapa,10,Administração da Subprefeitura,15,Urbanismo,452,Serviços Urbanos,3006,Promoção dos Direitos da Pessoa com Deficiência,1169,Reforma e Acessibilidade em Passeios Públicos,0,Tesouro Municipal,1.000,1.000,1.000,1.000
48,Subprefeitura Lapa,10,Administração da Subprefeitura,15,Urbanismo,452,Serviços Urbanos,3022,Requalificação e Promoção da Ocupação dos Espaços Públicos,2339,Manutenção e Operação no Serviço de Guias e Sarjetas (Vias e Logradouros),0,Tesouro Municipal,5.647.897,5.647.897,5.647.897,5.647.897
48,Subprefeitura Lapa,10,Administração da Subprefeitura,15,Urbanismo,452,Serviços Urbanos,3022,Requalificação e Promoção da Ocupação dos Espaços Públicos,2340,Operação Tapa Buraco,0,Tesouro Municipal,1.000,1.000,1.000,1.000
48,Subprefeitura Lapa,10,Administração da Subprefeitura,15,Urbanismo,452,Serviços Urbanos,3022,Requalificação e Promoção da Ocupação dos Espaços Públicos,2341,Manutenção de Vias e Áreas Públicas,0,Tesouro Municipal,2.000,2.000,2.000,2.000
48,Subprefeitura Lapa,10,Administração da Subprefeitura,15,Urbanismo,452,Serviços Urbanos,3022,Requalificação e Promoção da Ocupação dos Espaços Públicos,2387,Ações de Fiscalização do Comércio Ilegal,0,Tesouro Municipal,1.000,1.000,1.000,1.000
48,Subprefeitura Lapa,10,Administração da Subprefeitura,17,Saneamento,512,Saneamento Básico Urbano,3008,Gestão dos Riscos e Promoção da Resiliência a Desastres e Eventos Críticos,2367,Manutenção de Sistemas de Drenagem,0,Tesouro Municipal,5.145.277,7.926.243,9.751.342,10.897.866
49,Subprefeitura Sé,10,Administração da Subprefeitura,4,Administração,122,Administração Geral,3011,"Modernização Tecnológica, Desburocratização e Inovação do Serviço Público",2403,Manutenção e Operação do Descomplica SP,0,Tesouro Municipal,1.000,1.000,1.000,1.000
49,Subprefeitura Sé,10,Administração da Subprefeitura,4,Administração,122,Administração Geral,3012,"Participação, Transparência e Controle Social da Administração Pública",2803,Manutenção e Operação dos Conselhos e Espaços Participativos Municipais,0,Tesouro Municipal,1.000,1.000,1.000,1.000
49,Subprefeitura Sé,10,Administração da Subprefeitura,4,Administração,126,Tecnologia da Informação,3011,"Modernização Tecnológica, Desburocratização e Inovação do Serviço Público",2818,"Aquisição de Materiais, Equipamentos e Serviços de Informação e Comunicação",0,Tesouro Municipal,329.000,340.977,344.387,347.831
49,Subprefeitura Sé,10,Administração da Subprefeitura,13,Cultura,392,Difusão Cultural,3001,Acesso à Cultura,6354,Programação de Atividades Culturais,0,Tesouro Municipal,1.000,1.000,1.000,1.000
49,Subprefeitura Sé,10,Administração da Subprefeitura,13,Cultura,695,Turismo,3015,Promoção da Cidade como Referência Global e Destino Turístico,2118,Promoção de Campanhas e Eventos de Interesse do Município,0,Tesouro Municipal,100.000,103.640,104.677,105.723
49,Subprefeitura Sé,10,Administração da Subprefeitura,15,Urbanismo,122,Administração Geral,3024,Suporte Administrativo,2100,Administração da Unidade,0,Tesouro Municipal,30.103.571,31.110.560,31.397.230,31.686.766
49,Subprefeitura Sé,10,Administração da Subprefeitura,15,Urbanismo,451,Infra-Estrutura Urbana,3011,"Modernização Tecnológica, Desburocratização e Inovação do Serviço Público",3000,Aquisição e Construção de Prédios Administrativos,0,Tesouro Municipal,1.000,1.000,1.000,1.000
49,Subprefeitura Sé,10,Administração da Subprefeitura,15,Urbanismo,451,Infra-Estrutura Urbana,3011,"Modernização Tecnológica, Desburocratização e Inovação do Serviço Público",3002,"Ampliação, Reforma e Requalificação de Prédios Administrativos",0,Tesouro Municipal,1.000,1.000,1.000,1.000
49,Subprefeitura Sé,10,Administração da Subprefeitura,15,Urbanismo,451,Infra-Estrutura Urbana,3022,Requalificação e Promoção da Ocupação dos Espaços Públicos,1170,"Intervenção, Urbanização e Melhoria de Bairros - Plano de Obras das Subprefeituras",0,Tesouro Municipal,251.000,1.036,1.000,1.000
49,Subprefeitura Sé,10,Administração da Subprefeitura,15,Urbanismo,451,Infra-Estrutura Urbana,3024,Suporte Administrativo,2999,Manutenção de Prédios Administrativos,0,Tesouro Municipal,2.000,2.072,2.093,2.114
49,Subprefeitura Sé,10,Administração da Subprefeitura,15,Urbanismo,452,Serviços Urbanos,3005,Promoção da Sustentabilidade Ambiental,2705,Manutenção e Operação de Áreas Verdes e Vegetação Arbórea,0,Tesouro Municipal,24.528.000,25.420.966,25.675.175,25.931.927
49,Subprefeitura Sé,10,Administração da Subprefeitura,15,Urbanismo,452,Serviços Urbanos,3006,Promoção dos Direitos da Pessoa com Deficiência,1169,Reforma e Acessibilidade em Passeios Públicos,0,Tesouro Municipal,1.000,1.000,1.000,1.000
49,Subprefeitura Sé,10,Administração da Subprefeitura,15,Urbanismo,452,Serviços Urbanos,3022,Requalificação e Promoção da Ocupação dos Espaços Públicos,2339,Manutenção e Operação no Serviço de Guias e Sarjetas (Vias e Logradouros),0,Tesouro Municipal,19.899.137,20.623.584,20.829.820,21.038.118
49,Subprefeitura Sé,10,Administração da Subprefeitura,15,Urbanismo,452,Serviços Urbanos,3022,Requalificação e Promoção da Ocupação dos Espaços Públicos,2340,Operação Tapa Buraco,0,Tesouro Municipal,1.000,1.000,1.000,1.000
49,Subprefeitura Sé,10,Administração da Subprefeitura,15,Urbanismo,452,Serviços Urbanos,3022,Requalificação e Promoção da Ocupação dos Espaços Públicos,2341,Manutenção de Vias e Áreas Públicas,0,Tesouro Municipal,18.500.000,19.173.510,19.365.245,19.558.898
49,Subprefeitura Sé,10,Administração da Subprefeitura,15,Urbanismo,452,Serviços Urbanos,3022,Requalificação e Promoção da Ocupação dos Espaços Públicos,2387,Ações de Fiscalização do Comércio Ilegal,0,Tesouro Municipal,3.000.000,3.109.217,3.140.310,3.171.713
49,Subprefeitura Sé,10,Administração da Subprefeitura,17,Saneamento,512,Saneamento Básico Urbano,3008,Gestão dos Riscos e Promoção da Resiliência a Desastres e Eventos Críticos,2367,Manutenção de Sistemas de Drenagem,0,Tesouro Municipal,9.000.000,13.036.370,15.190.024,16.141.596
50,Subprefeitura Butantã,10,Administração da Subprefeitura,4,Administração,122,Administração Geral,3011,"Modernização Tecnológica, Desburocratização e Inovação do Serviço Público",2403,Manutenção e Operação do Descomplica SP,0,Tesouro Municipal,1.000,1.000,1.000,1.000
50,Subprefeitura Butantã,10,Administração da Subprefeitura,4,Administração,122,Administração Geral,3012,"Participação, Transparência e Controle Social da Administração Pública",2803,Manutenção e Operação dos Conselhos e Espaços Participativos Municipais,0,Tesouro Municipal,3.000,3.000,3.000,3.000
50,Subprefeitura Butantã,10,Administração da Subprefeitura,4,Administração,126,Tecnologia da Informação,3011,"Modernização Tecnológica, Desburocratização e Inovação do Serviço Público",2818,"Aquisição de Materiais, Equipamentos e Serviços de Informação e Comunicação",0,Tesouro Municipal,126.000,133.270,139.369,148.150
50,Subprefeitura Butantã,10,Administração da Subprefeitura,15,Urbanismo,122,Administração Geral,3024,Suporte Administrativo,2100,Administração da Unidade,0,Tesouro Municipal,13.990.478,14.740.511,15.370.476,16.278.766
50,Subprefeitura Butantã,10,Administração da Subprefeitura,15,Urbanismo,451,Infra-Estrutura Urbana,3011,"Modernização Tecnológica, Desburocratização e Inovação do Serviço Público",3002,"Ampliação, Reforma e Requalificação de Prédios Administrativos",0,Tesouro Municipal,1.000,1.000,1.000,1.000
50,Subprefeitura Butantã,10,Administração da Subprefeitura,15,Urbanismo,451,Infra-Estrutura Urbana,3022,Requalificação e Promoção da Ocupação dos Espaços Públicos,1170,"Intervenção, Urbanização e Melhoria de Bairros - Plano de Obras das Subprefeituras",0,Tesouro Municipal,2.651.000,2.000,2.000,2.000
50,Subprefeitura Butantã,10,Administração da Subprefeitura,15,Urbanismo,451,Infra-Estrutura Urbana,3022,Requalificação e Promoção da Ocupação dos Espaços Públicos,9417,"E98 - Requalificação da Sede Social da Sociedade Amigos de Bairro do Jardim Boa Vista, localizado na Rua Capote Valente, 266, Pinheiros, São Paulo/SP - CEP 05409-000",0,Tesouro Municipal,100.000,0,0,0
50,Subprefeitura Butantã,10,Administração da Subprefeitura,15,Urbanismo,451,Infra-Estrutura Urbana,3024,Suporte Administrativo,2999,Manutenção de Prédios Administrativos,0,Tesouro Municipal,356.060,376.604,393.839,418.652
50,Subprefeitura Butantã,10,Administração da Subprefeitura,15,Urbanismo,452,Serviços Urbanos,3005,Promoção da Sustentabilidade Ambiental,2705,Manutenção e Operação de Áreas Verdes e Vegetação Arbórea,0,Tesouro Municipal,9.071.733,9.594.088,10.034.190,10.666.290
50,Subprefeitura Butantã,10,Administração da Subprefeitura,15,Urbanismo,452,Serviços Urbanos,3006,Promoção dos Direitos da Pessoa com Deficiência,1169,Reforma e Acessibilidade em Passeios Públicos,0,Tesouro Municipal,1.000,1.000,1.000,1.000
50,Subprefeitura Butantã,10,Administração da Subprefeitura,15,Urbanismo,452,Serviços Urbanos,3022,Requalificação e Promoção da Ocupação dos Espaços Públicos,2339,Manutenção e Operação no Serviço de Guias e Sarjetas (Vias e Logradouros),0,Tesouro Municipal,3.178.817,3.365.370,3.519.422,3.741.149
50,Subprefeitura Butantã,10,Administração da Subprefeitura,15,Urbanismo,452,Serviços Urbanos,3022,Requalificação e Promoção da Ocupação dos Espaços Públicos,2340,Operação Tapa Buraco,0,Tesouro Municipal,1.000,1.000,1.000,1.000
50,Subprefeitura Butantã,10,Administração da Subprefeitura,15,Urbanismo,452,Serviços Urbanos,3022,Requalificação e Promoção da Ocupação dos Espaços Públicos,2341,Manutenção de Vias e Áreas Públicas,0,Tesouro Municipal,2.732.446,2.890.100,3.022.374,3.212.787
50,Subprefeitura Butantã,10,Administração da Subprefeitura,15,Urbanismo,452,Serviços Urbanos,3022,Requalificação e Promoção da Ocupação dos Espaços Públicos,2387,Ações de Fiscalização do Comércio Ilegal,0,Tesouro Municipal,1.000,1.000,1.000,1.000
50,Subprefeitura Butantã,10,Administração da Subprefeitura,17,Saneamento,512,Saneamento Básico Urbano,3008,Gestão dos Riscos e Promoção da Resiliência a Desastres e Eventos Críticos,2367,Manutenção de Sistemas de Drenagem,0,Tesouro Municipal,7.808.560,13.410.089,16.649.725,18.384.652
51,Subprefeitura Pinheiros,10,Administração da Subprefeitura,4,Administração,122,Administração Geral,3011,"Modernização Tecnológica, Desburocratização e Inovação do Serviço Público",2403,Manutenção e Operação do Descomplica SP,0,Tesouro Municipal,1.000,1.000,1.000,1.000
51,Subprefeitura Pinheiros,10,Administração da Subprefeitura,4,Administração,122,Administração Geral,3012,"Participação, Transparência e Controle Social da Administração Pública",2803,Manutenção e Operação dos Conselhos e Espaços Participativos Municipais,0,Tesouro Municipal,1.000,1.000,1.000,1.000
51,Subprefeitura Pinheiros,10,Administração da Subprefeitura,4,Administração,126,Tecnologia da Informação,3011,"Modernização Tecnológica, Desburocratização e Inovação do Serviço Público",2818,"Aquisição de Materiais, Equipamentos e Serviços de Informação e Comunicação",0,Tesouro Municipal,755.000,798.701,835.599,888.242
51,Subprefeitura Pinheiros,10,Administração da Subprefeitura,13,Cultura,392,Difusão Cultural,3001,Acesso à Cultura,6354,Programação de Atividades Culturais,0,Tesouro Municipal,1.000,1.000,1.000,1.000
51,Subprefeitura Pinheiros,10,Administração da Subprefeitura,15,Urbanismo,122,Administração Geral,3024,Suporte Administrativo,2100,Administração da Unidade,0,Tesouro Municipal,19.543.302,20.607.510,21.500.426,22.787.066
51,Subprefeitura Pinheiros,10,Administração da Subprefeitura,15,Urbanismo,451,Infra-Estrutura Urbana,3011,"Modernização Tecnológica, Desburocratização e Inovação do Serviço Público",3000,Aquisição e Construção de Prédios Administrativos,0,Tesouro Municipal,2.000,1.000,1.000,1.000
51,Subprefeitura Pinheiros,10,Administração da Subprefeitura,15,Urbanismo,451,Infra-Estrutura Urbana,3011,"Modernização Tecnológica, Desburocratização e Inovação do Serviço Público",3002,"Ampliação, Reforma e Requalificação de Prédios Administrativos",0,Tesouro Municipal,1.000,1.000,1.000,1.000
51,Subprefeitura Pinheiros,10,Administração da Subprefeitura,15,Urbanismo,451,Infra-Estrutura Urbana,3022,Requalificação e Promoção da Ocupação dos Espaços Públicos,1170,"Intervenção, Urbanização e Melhoria de Bairros - Plano de Obras das Subprefeituras",0,Tesouro Municipal,2.252.000,1.500,1.500,1.500
51,Subprefeitura Pinheiros,10,Administração da Subprefeitura,15,Urbanismo,451,Infra-Estrutura Urbana,3024,Suporte Administrativo,2999,Manutenção de Prédios Administrativos,0,Tesouro Municipal,1.000,1.000,1.000,1.000
51,Subprefeitura Pinheiros,10,Administração da Subprefeitura,15,Urbanismo,452,Serviços Urbanos,3005,Promoção da Sustentabilidade Ambiental,2705,Manutenção e Operação de Áreas Verdes e Vegetação Arbórea,0,Tesouro Municipal,7.600.000,8.039.342,8.407.138,8.936.787
51,Subprefeitura Pinheiros,10,Administração da Subprefeitura,15,Urbanismo,452,Serviços Urbanos,3006,Promoção dos Direitos da Pessoa com Deficiência,1169,Reforma e Acessibilidade em Passeios Públicos,0,Tesouro Municipal,1.000,1.000,1.000,1.000
51,Subprefeitura Pinheiros,10,Administração da Subprefeitura,15,Urbanismo,452,Serviços Urbanos,3022,Requalificação e Promoção da Ocupação dos Espaços Públicos,2339,Manutenção e Operação no Serviço de Guias e Sarjetas (Vias e Logradouros),0,Tesouro Municipal,4.800.000,5.077.502,5.309.942,5.644.468
51,Subprefeitura Pinheiros,10,Administração da Subprefeitura,15,Urbanismo,452,Serviços Urbanos,3022,Requalificação e Promoção da Ocupação dos Espaços Públicos,2340,Operação Tapa Buraco,0,Tesouro Municipal,1.000,1.000,1.000,1.000
51,Subprefeitura Pinheiros,10,Administração da Subprefeitura,15,Urbanismo,452,Serviços Urbanos,3022,Requalificação e Promoção da Ocupação dos Espaços Públicos,2341,Manutenção de Vias e Áreas Públicas,0,Tesouro Municipal,600.000,634.742,664.148,705.989
51,Subprefeitura Pinheiros,10,Administração da Subprefeitura,15,Urbanismo,452,Serviços Urbanos,3022,Requalificação e Promoção da Ocupação dos Espaços Públicos,2387,Ações de Fiscalização do Comércio Ilegal,0,Tesouro Municipal,3.000.000,3.173.462,3.318.887,3.527.977
51,Subprefeitura Pinheiros,10,Administração da Subprefeitura,17,Saneamento,512,Saneamento Básico Urbano,3008,Gestão dos Riscos e Promoção da Resiliência a Desastres e Eventos Críticos,2367,Manutenção de Sistemas de Drenagem,0,Tesouro Municipal,4.000.000,5.673.541,6.668.565,7.280.760
52,Subprefeitura Vila Mariana,10,Administração da Subprefeitura,4,Administração,122,Administração Geral,3011,"Modernização Tecnológica, Desburocratização e Inovação do Serviço Público",2403,Manutenção e Operação do Descomplica SP,0,Tesouro Municipal,1.000,1.000,1.000,1.000
52,Subprefeitura Vila Mariana,10,Administração da Subprefeitura,4,Administração,122,Administração Geral,3012,"Participação, Transparência e Controle Social da Administração Pública",2803,Manutenção e Operação dos Conselhos e Espaços Participativos Municipais,0,Tesouro Municipal,1.000,1.000,1.000,1.000
52,Subprefeitura Vila Mariana,10,Administração da Subprefeitura,4,Administração,126,Tecnologia da Informação,3011,"Modernização Tecnológica, Desburocratização e Inovação do Serviço Público",2818,"Aquisição de Materiais, Equipamentos e Serviços de Informação e Comunicação",0,Tesouro Municipal,58.946,60.064,62.675,66.434
52,Subprefeitura Vila Mariana,10,Administração da Subprefeitura,13,Cultura,392,Difusão Cultural,3001,Acesso à Cultura,6354,Programação de Atividades Culturais,0,Tesouro Municipal,1.000,1.000,1.000,1.000
52,Subprefeitura Vila Mariana,10,Administração da Subprefeitura,15,Urbanismo,122,Administração Geral,3024,Suporte Administrativo,2100,Administração da Unidade,0,Tesouro Municipal,17.334.250,18.274.476,19.061.854,20.195.310
52,Subprefeitura Vila Mariana,10,Administração da Subprefeitura,15,Urbanismo,451,Infra-Estrutura Urbana,3011,"Modernização Tecnológica, Desburocratização e Inovação do Serviço Público",3000,Aquisição e Construção de Prédios Administrativos,0,Tesouro Municipal,1.000,1.000,1.000,1.000
52,Subprefeitura Vila Mariana,10,Administração da Subprefeitura,15,Urbanismo,451,Infra-Estrutura Urbana,3011,"Modernização Tecnológica, Desburocratização e Inovação do Serviço Público",3002,"Ampliação, Reforma e Requalificação de Prédios Administrativos",0,Tesouro Municipal,1.000,1.000,1.000,1.000
52,Subprefeitura Vila Mariana,10,Administração da Subprefeitura,15,Urbanismo,451,Infra-Estrutura Urbana,3022,Requalificação e Promoção da Ocupação dos Espaços Públicos,1170,"Intervenção, Urbanização e Melhoria de Bairros - Plano de Obras das Subprefeituras",0,Tesouro Municipal,2.251.000,1.000,1.000,1.000
52,Subprefeitura Vila Mariana,10,Administração da Subprefeitura,15,Urbanismo,451,Infra-Estrutura Urbana,3024,Suporte Administrativo,2999,Manutenção de Prédios Administrativos,0,Tesouro Municipal,243.655,260.431,272.805,290.620
52,Subprefeitura Vila Mariana,10,Administração da Subprefeitura,15,Urbanismo,452,Serviços Urbanos,3005,Promoção da Sustentabilidade Ambiental,2705,Manutenção e Operação de Áreas Verdes e Vegetação Arbórea,0,Tesouro Municipal,11.024.014,11.661.161,12.194.731,12.962.822
52,Subprefeitura Vila Mariana,10,Administração da Subprefeitura,15,Urbanismo,452,Serviços Urbanos,3006,Promoção dos Direitos da Pessoa com Deficiência,1169,Reforma e Acessibilidade em Passeios Públicos,0,Tesouro Municipal,1.000,1.000,1.000,1.000
52,Subprefeitura Vila Mariana,10,Administração da Subprefeitura,15,Urbanismo,452,Serviços Urbanos,3022,Requalificação e Promoção da Ocupação dos Espaços Públicos,2339,Manutenção e Operação no Serviço de Guias e Sarjetas (Vias e Logradouros),0,Tesouro Municipal,4.726.829,5.000.022,5.228.804,5.558.142
52,Subprefeitura Vila Mariana,10,Administração da Subprefeitura,15,Urbanismo,452,Serviços Urbanos,3022,Requalificação e Promoção da Ocupação dos Espaços Públicos,2340,Operação Tapa Buraco,0,Tesouro Municipal,1.000,1.000,1.000,1.000
52,Subprefeitura Vila Mariana,10,Administração da Subprefeitura,15,Urbanismo,452,Serviços Urbanos,3022,Requalificação e Promoção da Ocupação dos Espaços Públicos,2341,Manutenção de Vias e Áreas Públicas,0,Tesouro Municipal,582.793,616.476,644.684,685.289
52,Subprefeitura Vila Mariana,10,Administração da Subprefeitura,15,Urbanismo,452,Serviços Urbanos,3022,Requalificação e Promoção da Ocupação dos Espaços Públicos,2387,Ações de Fiscalização do Comércio Ilegal,0,Tesouro Municipal,2.524.599,2.670.511,2.792.704,2.968.604
52,Subprefeitura Vila Mariana,10,Administração da Subprefeitura,17,Saneamento,512,Saneamento Básico Urbano,3008,Gestão dos Riscos e Promoção da Resiliência a Desastres e Eventos Críticos,2367,Manutenção de Sistemas de Drenagem,0,Tesouro Municipal,5.781.287,7.969.783,9.279.789,10.111.278
53,Subprefeitura Ipiranga,10,Administração da Subprefeitura,4,Administração,122,Administração Geral,3011,"Modernização Tecnológica, Desburocratização e Inovação do Serviço Público",2403,Manutenção e Operação do Descomplica SP,0,Tesouro Municipal,1.000,1.000,1.000,1.000
53,Subprefeitura Ipiranga,10,Administração da Subprefeitura,4,Administração,122,Administração Geral,3012,"Participação, Transparência e Controle Social da Administração Pública",2803,Manutenção e Operação dos Conselhos e Espaços Participativos Municipais,0,Tesouro Municipal,2.000,2.000,2.000,2.000
53,Subprefeitura Ipiranga,10,Administração da Subprefeitura,4,Administração,126,Tecnologia da Informação,3011,"Modernização Tecnológica, Desburocratização e Inovação do Serviço Público",2818,"Aquisição de Materiais, Equipamentos e Serviços de Informação e Comunicação",0,Tesouro Municipal,560.000,590.532,616.370,652.892
53,Subprefeitura Ipiranga,10,Administração da Subprefeitura,13,Cultura,392,Difusão Cultural,3001,Acesso à Cultura,6354,Programação de Atividades Culturais,0,Tesouro Municipal,1.000,1.000,1.000,1.000
53,Subprefeitura Ipiranga,10,Administração da Subprefeitura,15,Urbanismo,122,Administração Geral,3024,Suporte Administrativo,2100,Administração da Unidade,0,Tesouro Municipal,18.008.120,18.934.481,19.787.216,20.898.227
53,Subprefeitura Ipiranga,10,Administração da Subprefeitura,15,Urbanismo,451,Infra-Estrutura Urbana,3011,"Modernização Tecnológica, Desburocratização e Inovação do Serviço Público",3000,Aquisição e Construção de Prédios Administrativos,0,Tesouro Municipal,1.000,1.000,1.000,1.000
53,Subprefeitura Ipiranga,10,Administração da Subprefeitura,15,Urbanismo,451,Infra-Estrutura Urbana,3011,"Modernização Tecnológica, Desburocratização e Inovação do Serviço Público",3002,"Ampliação, Reforma e Requalificação de Prédios Administrativos",0,Tesouro Municipal,1.000,1.000,1.000,1.000
53,Subprefeitura Ipiranga,10,Administração da Subprefeitura,15,Urbanismo,451,Infra-Estrutura Urbana,3022,Requalificação e Promoção da Ocupação dos Espaços Públicos,1170,"Intervenção, Urbanização e Melhoria de Bairros - Plano de Obras das Subprefeituras",0,Tesouro Municipal,2.201.000,1.000,1.000,1.000
53,Subprefeitura Ipiranga,10,Administração da Subprefeitura,15,Urbanismo,451,Infra-Estrutura Urbana,3022,Requalificação e Promoção da Ocupação dos Espaços Públicos,9439,E1650 - Reforma e Requalificação da Praça Albano Antunes Rojão - Jardim da Saúde com Instalação de ATI.,0,Tesouro Municipal,70.000,0,0,0
53,Subprefeitura Ipiranga,10,Administração da Subprefeitura,15,Urbanismo,451,Infra-Estrutura Urbana,3022,Requalificação e Promoção da Ocupação dos Espaços Públicos,9454,"E632 - Instalação de Horta Comunitária em Terreno Localizado na Rua Attílio Bartalini no Encontro com a Rua Michele Príncipe, Cidade Nova Heliópolis.",0,Tesouro Municipal,100.000,0,0,0
53,Subprefeitura Ipiranga,10,Administração da Subprefeitura,15,Urbanismo,451,Infra-Estrutura Urbana,3024,Suporte Administrativo,2999,Manutenção de Prédios Administrativos,0,Tesouro Municipal,1.000,1.000,1.000,1.000
53,Subprefeitura Ipiranga,10,Administração da Subprefeitura,15,Urbanismo,452,Serviços Urbanos,3005,Promoção da Sustentabilidade Ambiental,2705,Manutenção e Operação de Áreas Verdes e Vegetação Arbórea,0,Tesouro Municipal,8.740.547,8.264.830,8.626.451,9.273.087
53,Subprefeitura Ipiranga,10,Administração da Subprefeitura,15,Urbanismo,452,Serviços Urbanos,3006,Promoção dos Direitos da Pessoa com Deficiência,1169,Reforma e Acessibilidade em Passeios Públicos,0,Tesouro Municipal,52.000,1.000,1.000,1.000
53,Subprefeitura Ipiranga,10,Administração da Subprefeitura,15,Urbanismo,452,Serviços Urbanos,3022,Requalificação e Promoção da Ocupação dos Espaços Públicos,2339,Manutenção e Operação no Serviço de Guias e Sarjetas (Vias e Logradouros),0,Tesouro Municipal,2.988.098,2.098.494,2.190.224,2.319.884
53,Subprefeitura Ipiranga,10,Administração da Subprefeitura,15,Urbanismo,452,Serviços Urbanos,3022,Requalificação e Promoção da Ocupação dos Espaços Públicos,2340,Operação Tapa Buraco,0,Tesouro Municipal,1.000,1.000,1.000,1.000
53,Subprefeitura Ipiranga,10,Administração da Subprefeitura,15,Urbanismo,452,Serviços Urbanos,3022,Requalificação e Promoção da Ocupação dos Espaços Públicos,2341,Manutenção de Vias e Áreas Públicas,0,Tesouro Municipal,323.607,343.251,352.182,379.287
53,Subprefeitura Ipiranga,10,Administração da Subprefeitura,15,Urbanismo,452,Serviços Urbanos,3022,Requalificação e Promoção da Ocupação dos Espaços Públicos,2387,Ações de Fiscalização do Comércio Ilegal,0,Tesouro Municipal,1.000,1.000,1.000,1.000
53,Subprefeitura Ipiranga,10,Administração da Subprefeitura,17,Saneamento,451,Infra-Estrutura Urbana,3005,Promoção da Sustentabilidade Ambiental,9494,Rebaixamento da calha e reforma das laterais do Riacho do Ipiranga,0,Tesouro Municipal,0,1.000,1.000,1.000
53,Subprefeitura Ipiranga,10,Administração da Subprefeitura,17,Saneamento,512,Saneamento Básico Urbano,3008,Gestão dos Riscos e Promoção da Resiliência a Desastres e Eventos Críticos,2367,Manutenção de Sistemas de Drenagem,0,Tesouro Municipal,6.070.579,11.322.195,14.875.646,16.587.647
54,Subprefeitura Santo Amaro,10,Administração da Subprefeitura,4,Administração,122,Administração Geral,3011,"Modernização Tecnológica, Desburocratização e Inovação do Serviço Público",2403,Manutenção e Operação do Descomplica SP,0,Tesouro Municipal,1.000,1.000,1.000,1.000
54,Subprefeitura Santo Amaro,10,Administração da Subprefeitura,4,Administração,122,Administração Geral,3012,"Participação, Transparência e Controle Social da Administração Pública",2803,Manutenção e Operação dos Conselhos e Espaços Participativos Municipais,0,Tesouro Municipal,1.000,1.000,1.000,1.000
54,Subprefeitura Santo Amaro,10,Administração da Subprefeitura,4,Administração,126,Tecnologia da Informação,3011,"Modernização Tecnológica, Desburocratização e Inovação do Serviço Público",2818,"Aquisição de Materiais, Equipamentos e Serviços de Informação e Comunicação",0,Tesouro Municipal,204.039,215.775,225.581,239.730
54,Subprefeitura Santo Amaro,10,Administração da Subprefeitura,13,Cultura,392,Difusão Cultural,3001,Acesso à Cultura,6354,Programação de Atividades Culturais,0,Tesouro Municipal,1.000,1.000,1.000,1.000
54,Subprefeitura Santo Amaro,10,Administração da Subprefeitura,15,Urbanismo,122,Administração Geral,3024,Suporte Administrativo,2100,Administração da Unidade,0,Tesouro Municipal,16.963.859,17.881.686,18.649.716,19.756.183
54,Subprefeitura Santo Amaro,10,Administração da Subprefeitura,15,Urbanismo,451,Infra-Estrutura Urbana,3011,"Modernização Tecnológica, Desburocratização e Inovação do Serviço Público",3002,"Ampliação, Reforma e Requalificação de Prédios Administrativos",0,Tesouro Municipal,1.000,1.000,1.000,1.000
54,Subprefeitura Santo Amaro,10,Administração da Subprefeitura,15,Urbanismo,451,Infra-Estrutura Urbana,3022,Requalificação e Promoção da Ocupação dos Espaços Públicos,1170,"Intervenção, Urbanização e Melhoria de Bairros - Plano de Obras das Subprefeituras",0,Tesouro Municipal,4.201.000,2.000,2.000,2.000
54,Subprefeitura Santo Amaro,10,Administração da Subprefeitura,15,Urbanismo,451,Infra-Estrutura Urbana,3024,Suporte Administrativo,2999,Manutenção de Prédios Administrativos,0,Tesouro Municipal,1.000,1.000,1.000,1.000
54,Subprefeitura Santo Amaro,10,Administração da Subprefeitura,15,Urbanismo,452,Serviços Urbanos,3005,Promoção da Sustentabilidade Ambiental,2705,Manutenção e Operação de Áreas Verdes e Vegetação Arbórea,0,Tesouro Municipal,7.964.505,8.424.854,8.810.713,9.365.788
54,Subprefeitura Santo Amaro,10,Administração da Subprefeitura,15,Urbanismo,452,Serviços Urbanos,3006,Promoção dos Direitos da Pessoa com Deficiência,1169,Reforma e Acessibilidade em Passeios Públicos,0,Tesouro Municipal,1.000,1.000,1.000,1.000
54,Subprefeitura Santo Amaro,10,Administração da Subprefeitura,15,Urbanismo,452,Serviços Urbanos,3022,Requalificação e Promoção da Ocupação dos Espaços Públicos,1137,Pavimentação e Recapeamento de Vias,0,Tesouro Municipal,50.000,0,0,0
54,Subprefeitura Santo Amaro,10,Administração da Subprefeitura,15,Urbanismo,452,Serviços Urbanos,3022,Requalificação e Promoção da Ocupação dos Espaços Públicos,2339,Manutenção e Operação no Serviço de Guias e Sarjetas (Vias e Logradouros),0,Tesouro Municipal,2.880.895,3.047.539,3.187.117,3.387.907
54,Subprefeitura Santo Amaro,10,Administração da Subprefeitura,15,Urbanismo,452,Serviços Urbanos,3022,Requalificação e Promoção da Ocupação dos Espaços Públicos,2340,Operação Tapa Buraco,0,Tesouro Municipal,1.000,1.000,1.000,1.000
54,Subprefeitura Santo Amaro,10,Administração da Subprefeitura,15,Urbanismo,452,Serviços Urbanos,3022,Requalificação e Promoção da Ocupação dos Espaços Públicos,2341,Manutenção de Vias e Áreas Públicas,0,Tesouro Municipal,1.257.283,1.330.082,1.391.000,1.478.634
54,Subprefeitura Santo Amaro,10,Administração da Subprefeitura,15,Urbanismo,452,Serviços Urbanos,3022,Requalificação e Promoção da Ocupação dos Espaços Públicos,2387,Ações de Fiscalização do Comércio Ilegal,0,Tesouro Municipal,1.000,1.000,1.000,1.000
54,Subprefeitura Santo Amaro,10,Administração da Subprefeitura,17,Saneamento,512,Saneamento Básico Urbano,3008,Gestão dos Riscos e Promoção da Resiliência a Desastres e Eventos Críticos,2367,Manutenção de Sistemas de Drenagem,0,Tesouro Municipal,6.663.170,8.902.661,10.255.662,11.148.725
55,Subprefeitura Jabaquara,10,Administração da Subprefeitura,4,Administração,122,Administração Geral,3011,"Modernização Tecnológica, Desburocratização e Inovação do Serviço Público",2403,Manutenção e Operação do Descomplica SP,0,Tesouro Municipal,1.000,1.000,1.000,1.000
55,Subprefeitura Jabaquara,10,Administração da Subprefeitura,4,Administração,122,Administração Geral,3012,"Participação, Transparência e Controle Social da Administração Pública",2803,Manutenção e Operação dos Conselhos e Espaços Participativos Municipais,0,Tesouro Municipal,1.000,1.100,1.100,1.100
55,Subprefeitura Jabaquara,10,Administração da Subprefeitura,4,Administração,126,Tecnologia da Informação,3011,"Modernização Tecnológica, Desburocratização e Inovação do Serviço Público",2818,"Aquisição de Materiais, Equipamentos e Serviços de Informação e Comunicação",0,Tesouro Municipal,336.048,355.000,375.000,396.000
55,Subprefeitura Jabaquara,10,Administração da Subprefeitura,13,Cultura,392,Difusão Cultural,3001,Acesso à Cultura,6354,Programação de Atividades Culturais,0,Tesouro Municipal,5.000,5.000,1.000,1.000
55,Subprefeitura Jabaquara,10,Administração da Subprefeitura,15,Urbanismo,122,Administração Geral,3024,Suporte Administrativo,2100,Administração da Unidade,0,Tesouro Municipal,13.936.372,14.532.565,15.058.571,15.815.091
55,Subprefeitura Jabaquara,10,Administração da Subprefeitura,15,Urbanismo,451,Infra-Estrutura Urbana,3011,"Modernização Tecnológica, Desburocratização e Inovação do Serviço Público",3000,Aquisição e Construção de Prédios Administrativos,0,Tesouro Municipal,1.000,1.000,1.000,1.000
55,Subprefeitura Jabaquara,10,Administração da Subprefeitura,15,Urbanismo,451,Infra-Estrutura Urbana,3011,"Modernização Tecnológica, Desburocratização e Inovação do Serviço Público",3002,"Ampliação, Reforma e Requalificação de Prédios Administrativos",0,Tesouro Municipal,1.000,1.000,1.000,1.000
55,Subprefeitura Jabaquara,10,Administração da Subprefeitura,15,Urbanismo,451,Infra-Estrutura Urbana,3022,Requalificação e Promoção da Ocupação dos Espaços Públicos,1170,"Intervenção, Urbanização e Melhoria de Bairros - Plano de Obras das Subprefeituras",0,Tesouro Municipal,801.000,1.000,1.000,1.000
55,Subprefeitura Jabaquara,10,Administração da Subprefeitura,15,Urbanismo,451,Infra-Estrutura Urbana,3022,Requalificação e Promoção da Ocupação dos Espaços Públicos,9453,"E631 - Construção de Praça, Playground e Equipamentos de Ginásticas no Terreno Localizado na Rua Genaro de Carvalho no Encontro com A Rua Belmiro Zanetti Esteves - Jabaquara.",0,Tesouro Municipal,200.000,0,0,0
55,Subprefeitura Jabaquara,10,Administração da Subprefeitura,15,Urbanismo,451,Infra-Estrutura Urbana,3024,Suporte Administrativo,2999,Manutenção de Prédios Administrativos,0,Tesouro Municipal,1.000,1.000,1.000,1.000
55,Subprefeitura Jabaquara,10,Administração da Subprefeitura,15,Urbanismo,452,Serviços Urbanos,3005,Promoção da Sustentabilidade Ambiental,2705,Manutenção e Operação de Áreas Verdes e Vegetação Arbórea,0,Tesouro Municipal,3.651.933,3.900.000,4.000.000,4.450.000
55,Subprefeitura Jabaquara,10,Administração da Subprefeitura,15,Urbanismo,452,Serviços Urbanos,3006,Promoção dos Direitos da Pessoa com Deficiência,1169,Reforma e Acessibilidade em Passeios Públicos,0,Tesouro Municipal,92.000,1.000,1.000,1.000
55,Subprefeitura Jabaquara,10,Administração da Subprefeitura,15,Urbanismo,452,Serviços Urbanos,3022,Requalificação e Promoção da Ocupação dos Espaços Públicos,1137,Pavimentação e Recapeamento de Vias,0,Tesouro Municipal,145.000,0,0,0
55,Subprefeitura Jabaquara,10,Administração da Subprefeitura,15,Urbanismo,452,Serviços Urbanos,3022,Requalificação e Promoção da Ocupação dos Espaços Públicos,2339,Manutenção e Operação no Serviço de Guias e Sarjetas (Vias e Logradouros),0,Tesouro Municipal,4.338.734,4.620.600,4.903.600,5.205.600
55,Subprefeitura Jabaquara,10,Administração da Subprefeitura,15,Urbanismo,452,Serviços Urbanos,3022,Requalificação e Promoção da Ocupação dos Espaços Públicos,2340,Operação Tapa Buraco,0,Tesouro Municipal,1.000,1.000,1.000,1.000
55,Subprefeitura Jabaquara,10,Administração da Subprefeitura,15,Urbanismo,452,Serviços Urbanos,3022,Requalificação e Promoção da Ocupação dos Espaços Públicos,2341,Manutenção de Vias e Áreas Públicas,0,Tesouro Municipal,1.020.000,1.086.300,1.156.868,1.232.000
55,Subprefeitura Jabaquara,10,Administração da Subprefeitura,15,Urbanismo,452,Serviços Urbanos,3022,Requalificação e Promoção da Ocupação dos Espaços Públicos,2387,Ações de Fiscalização do Comércio Ilegal,0,Tesouro Municipal,1.000,1.000,1.000,1.000
55,Subprefeitura Jabaquara,10,Administração da Subprefeitura,15,Urbanismo,452,Serviços Urbanos,3022,Requalificação e Promoção da Ocupação dos Espaços Públicos,9091,Execução de Galeria R. Pampa,0,Tesouro Municipal,488.678,0,0,0
55,Subprefeitura Jabaquara,10,Administração da Subprefeitura,15,Urbanismo,452,Serviços Urbanos,3022,Requalificação e Promoção da Ocupação dos Espaços Públicos,9092,Execução de Galeria R. Jurupari,0,Tesouro Municipal,380.262,0,0,0
55,Subprefeitura Jabaquara,10,Administração da Subprefeitura,15,Urbanismo,452,Serviços Urbanos,3022,Requalificação e Promoção da Ocupação dos Espaços Públicos,9093,"Execução de Galeria R. dos Jornalistas, 04",0,Tesouro Municipal,299.000,0,0,0
55,Subprefeitura Jabaquara,10,Administração da Subprefeitura,15,Urbanismo,452,Serviços Urbanos,3022,Requalificação e Promoção da Ocupação dos Espaços Públicos,9094,Execução de Galeria R. Palestina x Mascote,0,Tesouro Municipal,279.314,0,0,0
55,Subprefeitura Jabaquara,10,Administração da Subprefeitura,15,Urbanismo,452,Serviços Urbanos,3022,Requalificação e Promoção da Ocupação dos Espaços Públicos,9095,Execução de Galeria R. Gastão Goulart,0,Tesouro Municipal,250.000,0,0,0
55,Subprefeitura Jabaquara,10,Administração da Subprefeitura,15,Urbanismo,452,Serviços Urbanos,3022,Requalificação e Promoção da Ocupação dos Espaços Públicos,9096,Execução de Galeria R. Araújo Marciel,0,Tesouro Municipal,207.478,0,0,0
55,Subprefeitura Jabaquara,10,Administração da Subprefeitura,15,Urbanismo,452,Serviços Urbanos,3022,Requalificação e Promoção da Ocupação dos Espaços Públicos,9097,Revitalização da Praça Hachiro Miyasaki,0,Tesouro Municipal,78.000,0,0,0
55,Subprefeitura Jabaquara,10,Administração da Subprefeitura,15,Urbanismo,452,Serviços Urbanos,3022,Requalificação e Promoção da Ocupação dos Espaços Públicos,9098,"Revitalização da Praça na Av. do Café, 681",0,Tesouro Municipal,97.424,0,0,0
55,Subprefeitura Jabaquara,10,Administração da Subprefeitura,15,Urbanismo,452,Serviços Urbanos,3022,Requalificação e Promoção da Ocupação dos Espaços Públicos,9099,Cobertura de Quadra na Praça Cidade Vargas,0,Tesouro Municipal,299.000,0,0,0
55,Subprefeitura Jabaquara,10,Administração da Subprefeitura,15,Urbanismo,452,Serviços Urbanos,3022,Requalificação e Promoção da Ocupação dos Espaços Públicos,9100,Cobertura de Quadra na Praça Hachiro Miyasaki,0,Tesouro Municipal,208.000,0,0,0
55,Subprefeitura Jabaquara,10,Administração da Subprefeitura,15,Urbanismo,452,Serviços Urbanos,3022,Requalificação e Promoção da Ocupação dos Espaços Públicos,9101,Quadra e Revitalização de Viela na Av. João Maria de Almeida,0,Tesouro Municipal,169.885,0,0,0
55,Subprefeitura Jabaquara,10,Administração da Subprefeitura,15,Urbanismo,452,Serviços Urbanos,3022,Requalificação e Promoção da Ocupação dos Espaços Públicos,9102,Cobertura de Quadra na Rua Marco Palmezzano x Rua George Ebbers,0,Tesouro Municipal,169.000,0,0,0
55,Subprefeitura Jabaquara,10,Administração da Subprefeitura,15,Urbanismo,452,Serviços Urbanos,3022,Requalificação e Promoção da Ocupação dos Espaços Públicos,9103,"Construção de Nova Sede na Av. Eng de Aruda Pereira, 2388",0,Tesouro Municipal,1.000,0,0,0
55,Subprefeitura Jabaquara,10,Administração da Subprefeitura,15,Urbanismo,452,Serviços Urbanos,3022,Requalificação e Promoção da Ocupação dos Espaços Públicos,9104,"Pista Bike Profissional na Av. Túlio Teodoro de Campos, 51 - Vila Paulista",0,Tesouro Municipal,2.000.000,0,0,0
55,Subprefeitura Jabaquara,10,Administração da Subprefeitura,15,Urbanismo,543,Recuperação de Áreas Degradadas,3022,Requalificação e Promoção da Ocupação dos Espaços Públicos,1193,Obras e Serviços nas Áreas de Riscos Geológicos,0,Tesouro Municipal,1.000,1.000,1.000,1.000
55,Subprefeitura Jabaquara,10,Administração da Subprefeitura,17,Saneamento,512,Saneamento Básico Urbano,3008,Gestão dos Riscos e Promoção da Resiliência a Desastres e Eventos Críticos,2367,Manutenção de Sistemas de Drenagem,0,Tesouro Municipal,5.081.671,8.542.598,10.580.812,11.605.194
56,Subprefeitura Cidade Ademar,10,Administração da Subprefeitura,4,Administração,122,Administração Geral,3011,"Modernização Tecnológica, Desburocratização e Inovação do Serviço Público",2403,Manutenção e Operação do Descomplica SP,0,Tesouro Municipal,1.000,1.000,1.000,1.000
56,Subprefeitura Cidade Ademar,10,Administração da Subprefeitura,4,Administração,122,Administração Geral,3012,"Participação, Transparência e Controle Social da Administração Pública",2803,Manutenção e Operação dos Conselhos e Espaços Participativos Municipais,0,Tesouro Municipal,1.000,1.000,1.000,1.000
56,Subprefeitura Cidade Ademar,10,Administração da Subprefeitura,4,Administração,126,Tecnologia da Informação,3011,"Modernização Tecnológica, Desburocratização e Inovação do Serviço Público",2818,"Aquisição de Materiais, Equipamentos e Serviços de Informação e Comunicação",0,Tesouro Municipal,72.500,76.683,80.195,85.247
56,Subprefeitura Cidade Ademar,10,Administração da Subprefeitura,13,Cultura,392,Difusão Cultural,3001,Acesso à Cultura,6354,Programação de Atividades Culturais,0,Tesouro Municipal,25.000,26.500,27.700,29.500
56,Subprefeitura Cidade Ademar,10,Administração da Subprefeitura,15,Urbanismo,122,Administração Geral,3024,Suporte Administrativo,2100,Administração da Unidade,0,Tesouro Municipal,13.491.717,14.176.249,14.766.455,15.615.919
56,Subprefeitura Cidade Ademar,10,Administração da Subprefeitura,15,Urbanismo,451,Infra-Estrutura Urbana,3022,Requalificação e Promoção da Ocupação dos Espaços Públicos,1170,"Intervenção, Urbanização e Melhoria de Bairros - Plano de Obras das Subprefeituras",0,Tesouro Municipal,4.066.000,1.000,1.000,1.000
56,Subprefeitura Cidade Ademar,10,Administração da Subprefeitura,15,Urbanismo,451,Infra-Estrutura Urbana,3022,Requalificação e Promoção da Ocupação dos Espaços Públicos,9007,Melhorias de Bairro,0,Tesouro Municipal,1.200.000,0,0,0
56,Subprefeitura Cidade Ademar,10,Administração da Subprefeitura,15,Urbanismo,451,Infra-Estrutura Urbana,3022,Requalificação e Promoção da Ocupação dos Espaços Públicos,9415,E95 - Melhoria de Bairros no âmbito da Subprefeitura de Cidade Ademar.,0,Tesouro Municipal,600.000,0,0,0
56,Subprefeitura Cidade Ademar,10,Administração da Subprefeitura,15,Urbanismo,451,Infra-Estrutura Urbana,3024,Suporte Administrativo,2999,Manutenção de Prédios Administrativos,0,Tesouro Municipal,190.000,200.000,205.000,210.000
56,Subprefeitura Cidade Ademar,10,Administração da Subprefeitura,15,Urbanismo,452,Serviços Urbanos,3005,Promoção da Sustentabilidade Ambiental,2705,Manutenção e Operação de Áreas Verdes e Vegetação Arbórea,0,Tesouro Municipal,3.251.637,3.439.256,3.596.773,3.823.370
56,Subprefeitura Cidade Ademar,10,Administração da Subprefeitura,15,Urbanismo,452,Serviços Urbanos,3006,Promoção dos Direitos da Pessoa com Deficiência,1169,Reforma e Acessibilidade em Passeios Públicos,0,Tesouro Municipal,141.000,1.000,1.000,1.000
56,Subprefeitura Cidade Ademar,10,Administração da Subprefeitura,15,Urbanismo,452,Serviços Urbanos,3022,Requalificação e Promoção da Ocupação dos Espaços Públicos,1137,Pavimentação e Recapeamento de Vias,0,Tesouro Municipal,185.000,0,0,0
56,Subprefeitura Cidade Ademar,10,Administração da Subprefeitura,15,Urbanismo,452,Serviços Urbanos,3022,Requalificação e Promoção da Ocupação dos Espaços Públicos,2339,Manutenção e Operação no Serviço de Guias e Sarjetas (Vias e Logradouros),0,Tesouro Municipal,2.869.740,3.035.324,3.163.884,3.363.210
56,Subprefeitura Cidade Ademar,10,Administração da Subprefeitura,15,Urbanismo,452,Serviços Urbanos,3022,Requalificação e Promoção da Ocupação dos Espaços Públicos,2340,Operação Tapa Buraco,0,Tesouro Municipal,1.000,1.000,1.000,1.000
56,Subprefeitura Cidade Ademar,10,Administração da Subprefeitura,15,Urbanismo,452,Serviços Urbanos,3022,Requalificação e Promoção da Ocupação dos Espaços Públicos,2341,Manutenção de Vias e Áreas Públicas,0,Tesouro Municipal,3.360.215,3.554.100,3.716.878,3.951.041
56,Subprefeitura Cidade Ademar,10,Administração da Subprefeitura,15,Urbanismo,452,Serviços Urbanos,3022,Requalificação e Promoção da Ocupação dos Espaços Públicos,2387,Ações de Fiscalização do Comércio Ilegal,0,Tesouro Municipal,1.000,1.000,1.000,1.000
56,Subprefeitura Cidade Ademar,10,Administração da Subprefeitura,15,Urbanismo,452,Serviços Urbanos,3022,Requalificação e Promoção da Ocupação dos Espaços Públicos,9107,Casa de Cultura,0,Tesouro Municipal,1.000.000,0,0,0
56,Subprefeitura Cidade Ademar,10,Administração da Subprefeitura,15,Urbanismo,452,Serviços Urbanos,3022,Requalificação e Promoção da Ocupação dos Espaços Públicos,9108,Escola Técnica,0,Tesouro Municipal,1.000.000,0,0,0
56,Subprefeitura Cidade Ademar,10,Administração da Subprefeitura,15,Urbanismo,452,Serviços Urbanos,3022,Requalificação e Promoção da Ocupação dos Espaços Públicos,9111,Casa de Partos,0,Tesouro Municipal,1.000.000,0,0,0
56,Subprefeitura Cidade Ademar,10,Administração da Subprefeitura,15,Urbanismo,452,Serviços Urbanos,3022,Requalificação e Promoção da Ocupação dos Espaços Públicos,9112,Alargamento da Estrada do Alvarenga,0,Tesouro Municipal,1.000.000,0,0,0
56,Subprefeitura Cidade Ademar,10,Administração da Subprefeitura,15,Urbanismo,452,Serviços Urbanos,3022,Requalificação e Promoção da Ocupação dos Espaços Públicos,9113,Centro Esportivo,0,Tesouro Municipal,1.000.000,0,0,0
56,Subprefeitura Cidade Ademar,10,Administração da Subprefeitura,15,Urbanismo,452,Serviços Urbanos,3022,Requalificação e Promoção da Ocupação dos Espaços Públicos,9114,Reurbanização do Condomínio 7 Praias,0,Tesouro Municipal,1.000.000,0,0,0
56,Subprefeitura Cidade Ademar,10,Administração da Subprefeitura,15,Urbanismo,452,Serviços Urbanos,3022,Requalificação e Promoção da Ocupação dos Espaços Públicos,9115,"Implantação de Área Institucional do Condomínio Residencial Espanha (Saúde, Educação, Assistência Social e Esportes)",0,Tesouro Municipal,1.000,0,0,0
56,Subprefeitura Cidade Ademar,10,Administração da Subprefeitura,15,Urbanismo,452,Serviços Urbanos,3022,Requalificação e Promoção da Ocupação dos Espaços Públicos,9116,Unidade de Referência do Idoso,0,Tesouro Municipal,500.000,0,0,0
56,Subprefeitura Cidade Ademar,10,Administração da Subprefeitura,15,Urbanismo,543,Recuperação de Áreas Degradadas,3022,Requalificação e Promoção da Ocupação dos Espaços Públicos,1193,Obras e Serviços nas Áreas de Riscos Geológicos,0,Tesouro Municipal,1.000,1.000,1.000,1.000
56,Subprefeitura Cidade Ademar,10,Administração da Subprefeitura,17,Saneamento,512,Saneamento Básico Urbano,3008,Gestão dos Riscos e Promoção da Resiliência a Desastres e Eventos Críticos,2367,Manutenção de Sistemas de Drenagem,0,Tesouro Municipal,9.126.534,19.525.965,25.476.253,28.407.251
57,Subprefeitura Campo Limpo,10,Administração da Subprefeitura,4,Administração,122,Administração Geral,3011,"Modernização Tecnológica, Desburocratização e Inovação do Serviço Público",2403,Manutenção e Operação do Descomplica SP,0,Tesouro Municipal,1.000,1.000,1.000,1.000
57,Subprefeitura Campo Limpo,10,Administração da Subprefeitura,4,Administração,122,Administração Geral,3012,"Participação, Transparência e Controle Social da Administração Pública",2803,Manutenção e Operação dos Conselhos e Espaços Participativos Municipais,0,Tesouro Municipal,3.500,4.276,4.502,4.640
57,Subprefeitura Campo Limpo,10,Administração da Subprefeitura,4,Administração,126,Tecnologia da Informação,3011,"Modernização Tecnológica, Desburocratização e Inovação do Serviço Público",2818,"Aquisição de Materiais, Equipamentos e Serviços de Informação e Comunicação",0,Tesouro Municipal,229.956,244.902,260.821,277.775
57,Subprefeitura Campo Limpo,10,Administração da Subprefeitura,13,Cultura,392,Difusão Cultural,3001,Acesso à Cultura,6354,Programação de Atividades Culturais,0,Tesouro Municipal,1.000,1.000,1.000,1.000
57,Subprefeitura Campo Limpo,10,Administração da Subprefeitura,15,Urbanismo,122,Administração Geral,3024,Suporte Administrativo,2100,Administração da Unidade,0,Tesouro Municipal,21.126.010,21.425.235,21.941.239,22.769.057
57,Subprefeitura Campo Limpo,10,Administração da Subprefeitura,15,Urbanismo,451,Infra-Estrutura Urbana,3011,"Modernização Tecnológica, Desburocratização e Inovação do Serviço Público",3002,"Ampliação, Reforma e Requalificação de Prédios Administrativos",0,Tesouro Municipal,1.000,1.000,1.000,1.000
57,Subprefeitura Campo Limpo,10,Administração da Subprefeitura,15,Urbanismo,451,Infra-Estrutura Urbana,3022,Requalificação e Promoção da Ocupação dos Espaços Públicos,1170,"Intervenção, Urbanização e Melhoria de Bairros - Plano de Obras das Subprefeituras",0,Tesouro Municipal,701.000,2.000,2.000,2.000
57,Subprefeitura Campo Limpo,10,Administração da Subprefeitura,15,Urbanismo,451,Infra-Estrutura Urbana,3022,Requalificação e Promoção da Ocupação dos Espaços Públicos,9414,E94 - Melhoria de Bairros no âmbito da Subprefeitura do Campo Limpo.,0,Tesouro Municipal,400.000,0,0,0
57,Subprefeitura Campo Limpo,10,Administração da Subprefeitura,15,Urbanismo,451,Infra-Estrutura Urbana,3022,Requalificação e Promoção da Ocupação dos Espaços Públicos,9448,"E615 - Instalação de Cerca Viva, Instalação de Playground e Instalação de Aparelhos de Ginástica para Idosos na Rua Cristian Berard (S/N).",0,Tesouro Municipal,150.000,0,0,0
57,Subprefeitura Campo Limpo,10,Administração da Subprefeitura,15,Urbanismo,451,Infra-Estrutura Urbana,3024,Suporte Administrativo,2999,Manutenção de Prédios Administrativos,0,Tesouro Municipal,1.000,1.000,1.000,1.000
57,Subprefeitura Campo Limpo,10,Administração da Subprefeitura,15,Urbanismo,452,Serviços Urbanos,3005,Promoção da Sustentabilidade Ambiental,2705,Manutenção e Operação de Áreas Verdes e Vegetação Arbórea,0,Tesouro Municipal,9.056.822,4.966.724,5.286.443,5.851.979
57,Subprefeitura Campo Limpo,10,Administração da Subprefeitura,15,Urbanismo,452,Serviços Urbanos,3006,Promoção dos Direitos da Pessoa com Deficiência,1169,Reforma e Acessibilidade em Passeios Públicos,0,Tesouro Municipal,81.000,1.000,1.000,1.000
57,Subprefeitura Campo Limpo,10,Administração da Subprefeitura,15,Urbanismo,452,Serviços Urbanos,3022,Requalificação e Promoção da Ocupação dos Espaços Públicos,1137,Pavimentação e Recapeamento de Vias,0,Tesouro Municipal,1.700.000,0,0,0
57,Subprefeitura Campo Limpo,10,Administração da Subprefeitura,15,Urbanismo,452,Serviços Urbanos,3022,Requalificação e Promoção da Ocupação dos Espaços Públicos,2339,Manutenção e Operação no Serviço de Guias e Sarjetas (Vias e Logradouros),0,Tesouro Municipal,6.082.619,4.103.117,4.369.283,4.653.283
57,Subprefeitura Campo Limpo,10,Administração da Subprefeitura,15,Urbanismo,452,Serviços Urbanos,3022,Requalificação e Promoção da Ocupação dos Espaços Públicos,2340,Operação Tapa Buraco,0,Tesouro Municipal,1.000,1.000,1.000,1.000
57,Subprefeitura Campo Limpo,10,Administração da Subprefeitura,15,Urbanismo,452,Serviços Urbanos,3022,Requalificação e Promoção da Ocupação dos Espaços Públicos,2341,Manutenção de Vias e Áreas Públicas,0,Tesouro Municipal,484.215,977.046,1.040.184,1.107.733
57,Subprefeitura Campo Limpo,10,Administração da Subprefeitura,15,Urbanismo,452,Serviços Urbanos,3022,Requalificação e Promoção da Ocupação dos Espaços Públicos,2387,Ações de Fiscalização do Comércio Ilegal,0,Tesouro Municipal,1.000,1.000,1.000,1.000
57,Subprefeitura Campo Limpo,10,Administração da Subprefeitura,17,Saneamento,512,Saneamento Básico Urbano,3008,Gestão dos Riscos e Promoção da Resiliência a Desastres e Eventos Críticos,2367,Manutenção de Sistemas de Drenagem,0,Tesouro Municipal,11.928.680,25.551.257,33.405.825,37.393.515
58,Subprefeitura M'Boi Mirim,10,Administração da Subprefeitura,4,Administração,122,Administração Geral,3011,"Modernização Tecnológica, Desburocratização e Inovação do Serviço Público",2403,Manutenção e Operação do Descomplica SP,0,Tesouro Municipal,1.000,1.000,1.000,1.000
58,Subprefeitura M'Boi Mirim,10,Administração da Subprefeitura,4,Administração,122,Administração Geral,3012,"Participação, Transparência e Controle Social da Administração Pública",2803,Manutenção e Operação dos Conselhos e Espaços Participativos Municipais,0,Tesouro Municipal,3.000,3.173,3.318,3.527
58,Subprefeitura M'Boi Mirim,10,Administração da Subprefeitura,4,Administração,126,Tecnologia da Informação,3011,"Modernização Tecnológica, Desburocratização e Inovação do Serviço Público",2818,"Aquisição de Materiais, Equipamentos e Serviços de Informação e Comunicação",0,Tesouro Municipal,247.540,103.177,107.903,114.700
58,Subprefeitura M'Boi Mirim,10,Administração da Subprefeitura,13,Cultura,392,Difusão Cultural,3001,Acesso à Cultura,6354,Programação de Atividades Culturais,0,Tesouro Municipal,1.000,1.000,1.000,1.000
58,Subprefeitura M'Boi Mirim,10,Administração da Subprefeitura,13,Cultura,392,Difusão Cultural,3001,Acesso à Cultura,9431,E5546 - Realização de Atividades Culturais na Subprefeitura M' Boi Mirim.,0,Tesouro Municipal,150.000,0,0,0
58,Subprefeitura M'Boi Mirim,10,Administração da Subprefeitura,15,Urbanismo,122,Administração Geral,3024,Suporte Administrativo,2100,Administração da Unidade,0,Tesouro Municipal,14.945.973,15.204.934,15.841.086,16.756.074
58,Subprefeitura M'Boi Mirim,10,Administração da Subprefeitura,15,Urbanismo,451,Infra-Estrutura Urbana,3011,"Modernização Tecnológica, Desburocratização e Inovação do Serviço Público",3000,Aquisição e Construção de Prédios Administrativos,0,Tesouro Municipal,1.000,1.000,1.000,1.000
58,Subprefeitura M'Boi Mirim,10,Administração da Subprefeitura,15,Urbanismo,451,Infra-Estrutura Urbana,3011,"Modernização Tecnológica, Desburocratização e Inovação do Serviço Público",3002,"Ampliação, Reforma e Requalificação de Prédios Administrativos",0,Tesouro Municipal,151.000,1.000,1.000,1.000
58,Subprefeitura M'Boi Mirim,10,Administração da Subprefeitura,15,Urbanismo,451,Infra-Estrutura Urbana,3022,Requalificação e Promoção da Ocupação dos Espaços Públicos,1170,"Intervenção, Urbanização e Melhoria de Bairros - Plano de Obras das Subprefeituras",0,Tesouro Municipal,10.951.000,1.000,1.000,1.000
58,Subprefeitura M'Boi Mirim,10,Administração da Subprefeitura,15,Urbanismo,451,Infra-Estrutura Urbana,3022,Requalificação e Promoção da Ocupação dos Espaços Públicos,9243,Desapropriação de imóveis,0,Tesouro Municipal,1.000.000,0,0,0
58,Subprefeitura M'Boi Mirim,10,Administração da Subprefeitura,15,Urbanismo,451,Infra-Estrutura Urbana,3022,Requalificação e Promoção da Ocupação dos Espaços Públicos,9413,E93 - Melhoria de bairros no âmbito da Subprefeitura de M'Boi Mirim.,0,Tesouro Municipal,400.000,0,0,0
58,Subprefeitura M'Boi Mirim,10,Administração da Subprefeitura,15,Urbanismo,451,Infra-Estrutura Urbana,3022,Requalificação e Promoção da Ocupação dos Espaços Públicos,9452,"E629 - Reforma da Escadaria na Viela Inominada, Localizada na Rua Rua José Ferreira Dantas, Nº 11, Jardim Boa Vista.",0,Tesouro Municipal,200.000,0,0,0
58,Subprefeitura M'Boi Mirim,10,Administração da Subprefeitura,15,Urbanismo,451,Infra-Estrutura Urbana,3024,Suporte Administrativo,2999,Manutenção de Prédios Administrativos,0,Tesouro Municipal,190.000,42.190,42.601,45.120
58,Subprefeitura M'Boi Mirim,10,Administração da Subprefeitura,15,Urbanismo,452,Serviços Urbanos,3005,Promoção da Sustentabilidade Ambiental,2705,Manutenção e Operação de Áreas Verdes e Vegetação Arbórea,0,Tesouro Municipal,7.760.000,6.092.928,6.371.984,6.773.355
58,Subprefeitura M'Boi Mirim,10,Administração da Subprefeitura,15,Urbanismo,452,Serviços Urbanos,3006,Promoção dos Direitos da Pessoa com Deficiência,1169,Reforma e Acessibilidade em Passeios Públicos,0,Tesouro Municipal,501.000,1.000,1.000,1.000
58,Subprefeitura M'Boi Mirim,10,Administração da Subprefeitura,15,Urbanismo,452,Serviços Urbanos,3022,Requalificação e Promoção da Ocupação dos Espaços Públicos,1137,Pavimentação e Recapeamento de Vias,0,Tesouro Municipal,140.000,0,0,0
58,Subprefeitura M'Boi Mirim,10,Administração da Subprefeitura,15,Urbanismo,452,Serviços Urbanos,3022,Requalificação e Promoção da Ocupação dos Espaços Públicos,2339,Manutenção e Operação no Serviço de Guias e Sarjetas (Vias e Logradouros),0,Tesouro Municipal,3.869.342,3.193.859,3.340.138,3.550.534
58,Subprefeitura M'Boi Mirim,10,Administração da Subprefeitura,15,Urbanismo,452,Serviços Urbanos,3022,Requalificação e Promoção da Ocupação dos Espaços Públicos,2340,Operação Tapa Buraco,0,Tesouro Municipal,1.000,1.000,1.000,1.000
58,Subprefeitura M'Boi Mirim,10,Administração da Subprefeitura,15,Urbanismo,452,Serviços Urbanos,3022,Requalificação e Promoção da Ocupação dos Espaços Públicos,2341,Manutenção de Vias e Áreas Públicas,0,Tesouro Municipal,4.220.967,3.565.808,3.729.122,3.964.020
58,Subprefeitura M'Boi Mirim,10,Administração da Subprefeitura,15,Urbanismo,452,Serviços Urbanos,3022,Requalificação e Promoção da Ocupação dos Espaços Públicos,2387,Ações de Fiscalização do Comércio Ilegal,0,Tesouro Municipal,1.201.000,1.000,1.000,1.000
58,Subprefeitura M'Boi Mirim,10,Administração da Subprefeitura,17,Saneamento,512,Saneamento Básico Urbano,3008,Gestão dos Riscos e Promoção da Resiliência a Desastres e Eventos Críticos,2367,Manutenção de Sistemas de Drenagem,0,Tesouro Municipal,8.108.147,22.206.236,30.575.293,34.422.219
59,Subprefeitura Capela do Socorro,10,Administração da Subprefeitura,4,Administração,122,Administração Geral,3011,"Modernização Tecnológica, Desburocratização e Inovação do Serviço Público",2403,Manutenção e Operação do Descomplica SP,0,Tesouro Municipal,1.000,1.000,1.000,1.000
59,Subprefeitura Capela do Socorro,10,Administração da Subprefeitura,4,Administração,122,Administração Geral,3012,"Participação, Transparência e Controle Social da Administração Pública",2803,Manutenção e Operação dos Conselhos e Espaços Participativos Municipais,0,Tesouro Municipal,3.800,3.800,3.800,3.800
59,Subprefeitura Capela do Socorro,10,Administração da Subprefeitura,4,Administração,126,Tecnologia da Informação,3011,"Modernização Tecnológica, Desburocratização e Inovação do Serviço Público",2818,"Aquisição de Materiais, Equipamentos e Serviços de Informação e Comunicação",0,Tesouro Municipal,236.927,241.591,253.229,269.798
59,Subprefeitura Capela do Socorro,10,Administração da Subprefeitura,13,Cultura,392,Difusão Cultural,3001,Acesso à Cultura,6354,Programação de Atividades Culturais,0,Tesouro Municipal,1.000,1.000,1.000,1.000
59,Subprefeitura Capela do Socorro,10,Administração da Subprefeitura,15,Urbanismo,122,Administração Geral,3024,Suporte Administrativo,2100,Administração da Unidade,0,Tesouro Municipal,14.531.710,15.291.199,15.927.923,16.844.697
59,Subprefeitura Capela do Socorro,10,Administração da Subprefeitura,15,Urbanismo,451,Infra-Estrutura Urbana,3011,"Modernização Tecnológica, Desburocratização e Inovação do Serviço Público",3002,"Ampliação, Reforma e Requalificação de Prédios Administrativos",0,Tesouro Municipal,1.000,1.000,1.000,1.000
59,Subprefeitura Capela do Socorro,10,Administração da Subprefeitura,15,Urbanismo,451,Infra-Estrutura Urbana,3022,Requalificação e Promoção da Ocupação dos Espaços Públicos,1170,"Intervenção, Urbanização e Melhoria de Bairros - Plano de Obras das Subprefeituras",0,Tesouro Municipal,1.351.000,1.000,1.000,1.000
59,Subprefeitura Capela do Socorro,10,Administração da Subprefeitura,15,Urbanismo,451,Infra-Estrutura Urbana,3022,Requalificação e Promoção da Ocupação dos Espaços Públicos,8019,E355 - Manutenção de Reforma da Quadra do Jardim Real,0,Tesouro Municipal,250.000,0,0,0
59,Subprefeitura Capela do Socorro,10,Administração da Subprefeitura,15,Urbanismo,451,Infra-Estrutura Urbana,3022,Requalificação e Promoção da Ocupação dos Espaços Públicos,8020,E364 - Manutenção da Quadra do Jardim Universitário,0,Tesouro Municipal,30.000,0,0,0
59,Subprefeitura Capela do Socorro,10,Administração da Subprefeitura,15,Urbanismo,451,Infra-Estrutura Urbana,3022,Requalificação e Promoção da Ocupação dos Espaços Públicos,9219,Revitalização de Viela - Viela Pq dos Principe (Rua Cel Arlindo Oliveira - Pq. Alto Rio Bonito),0,Tesouro Municipal,1.000,0,0,0
59,Subprefeitura Capela do Socorro,10,Administração da Subprefeitura,15,Urbanismo,451,Infra-Estrutura Urbana,3022,Requalificação e Promoção da Ocupação dos Espaços Públicos,9220,"Instalação de ATIs e Playground - Campo Jd Iporanga (Rua Gregório de Torres, 540 - Jardim Iporanga)",0,Tesouro Municipal,1.000,0,0,0
59,Subprefeitura Capela do Socorro,10,Administração da Subprefeitura,15,Urbanismo,451,Infra-Estrutura Urbana,3022,Requalificação e Promoção da Ocupação dos Espaços Públicos,9221,Revitalização de Viela - Viela Escadaria Jd Kioto (Rua Frederico Mistral X Pedro Correia Garção C/ Julien Benda - Jardim Kioto,0,Tesouro Municipal,1.000,0,0,0
59,Subprefeitura Capela do Socorro,10,Administração da Subprefeitura,15,Urbanismo,451,Infra-Estrutura Urbana,3022,Requalificação e Promoção da Ocupação dos Espaços Públicos,9223,Instalação de Portões E Cobertura - Campo Jd São Rafael (Rua Ilda Laura Fracarolli - Jardim São Rafael),0,Tesouro Municipal,1.000,0,0,0
59,Subprefeitura Capela do Socorro,10,Administração da Subprefeitura,15,Urbanismo,451,Infra-Estrutura Urbana,3022,Requalificação e Promoção da Ocupação dos Espaços Públicos,9224,Revitalização de Viela - Viela Pq Maria Fernanda 1 (Rua Bartolomeu Rampini X Rua Satélite Dionéia),0,Tesouro Municipal,1.000,0,0,0
59,Subprefeitura Capela do Socorro,10,Administração da Subprefeitura,15,Urbanismo,451,Infra-Estrutura Urbana,3022,Requalificação e Promoção da Ocupação dos Espaços Públicos,9225,Revitalização de Viela - Viela Pq Maria Fernanda 2 (Rua Satélite Dionéia X Satélite Ariel),0,Tesouro Municipal,1.000,0,0,0
59,Subprefeitura Capela do Socorro,10,Administração da Subprefeitura,15,Urbanismo,451,Infra-Estrutura Urbana,3022,Requalificação e Promoção da Ocupação dos Espaços Públicos,9226,Revitalização de Viela - Viela 40 (Viela 40 Ubs Chácara Do Conde - Jardim Campinas),0,Tesouro Municipal,1.000,0,0,0
59,Subprefeitura Capela do Socorro,10,Administração da Subprefeitura,15,Urbanismo,451,Infra-Estrutura Urbana,3022,Requalificação e Promoção da Ocupação dos Espaços Públicos,9227,Revitalização de Viela - Travessas Jd Zilda (Travessa Rosa Venus X Travessa Três - Jardim Zilda),0,Tesouro Municipal,1.000,0,0,0
59,Subprefeitura Capela do Socorro,10,Administração da Subprefeitura,15,Urbanismo,451,Infra-Estrutura Urbana,3022,Requalificação e Promoção da Ocupação dos Espaços Públicos,9228,"Arena Erona - Stand By (Rua Tem. Odilon Raposo, 43 - Jardim Belcito)",0,Tesouro Municipal,1.000,0,0,0
59,Subprefeitura Capela do Socorro,10,Administração da Subprefeitura,15,Urbanismo,451,Infra-Estrutura Urbana,3022,Requalificação e Promoção da Ocupação dos Espaços Públicos,9229,"Revitalização de Viela - Travessa Gosselin ( Rua Luiz Gosselin, 166 - Jardim Shangrilá)",0,Tesouro Municipal,1.000,0,0,0
59,Subprefeitura Capela do Socorro,10,Administração da Subprefeitura,15,Urbanismo,451,Infra-Estrutura Urbana,3022,Requalificação e Promoção da Ocupação dos Espaços Públicos,9231,"Revitalização de Viela - Rua Das Torres (Rua Lagedo, 339 - Jardim Lucélia)",0,Tesouro Municipal,1.000,0,0,0
59,Subprefeitura Capela do Socorro,10,Administração da Subprefeitura,15,Urbanismo,451,Infra-Estrutura Urbana,3022,Requalificação e Promoção da Ocupação dos Espaços Públicos,9232,"Revitalização de Viela - Viela Das Torres (Rua Lagedo, 349 - Jardim Lucélia)",0,Tesouro Municipal,1.000,0,0,0
59,Subprefeitura Capela do Socorro,10,Administração da Subprefeitura,15,Urbanismo,451,Infra-Estrutura Urbana,3022,Requalificação e Promoção da Ocupação dos Espaços Públicos,9233,"Revitalização de Viela - Rua Pastoral (Rua Pastoral, 142 - Jd. Reimberg)",0,Tesouro Municipal,1.000,0,0,0
59,Subprefeitura Capela do Socorro,10,Administração da Subprefeitura,15,Urbanismo,451,Infra-Estrutura Urbana,3022,Requalificação e Promoção da Ocupação dos Espaços Públicos,9234,"Revitalização de Viela - Escadaria Saí-Guaçu (Escadaria da Rua Saí-Guaçu, 12 - Pq. São José)",0,Tesouro Municipal,1.000,0,0,0
59,Subprefeitura Capela do Socorro,10,Administração da Subprefeitura,15,Urbanismo,451,Infra-Estrutura Urbana,3022,Requalificação e Promoção da Ocupação dos Espaços Públicos,9235,Revitalização de Viela - Travessa Puerto Da Paz (Travessa Puerto Da Paz - Pq. São José),0,Tesouro Municipal,1.000,0,0,0
59,Subprefeitura Capela do Socorro,10,Administração da Subprefeitura,15,Urbanismo,451,Infra-Estrutura Urbana,3022,Requalificação e Promoção da Ocupação dos Espaços Públicos,9236,Revitalização de Viela - Travessa Puerto Plata (Escadaria e Travessa Puerto Plata - Pq. São Paulo),0,Tesouro Municipal,1.000,0,0,0
59,Subprefeitura Capela do Socorro,10,Administração da Subprefeitura,15,Urbanismo,451,Infra-Estrutura Urbana,3022,Requalificação e Promoção da Ocupação dos Espaços Públicos,9237,Revitalização de Viela - Viela 101 (Viela 101 Rua Saint Pierre - Pq São Paulo),0,Tesouro Municipal,1.000,0,0,0
59,Subprefeitura Capela do Socorro,10,Administração da Subprefeitura,15,Urbanismo,451,Infra-Estrutura Urbana,3022,Requalificação e Promoção da Ocupação dos Espaços Públicos,9238,"Revitalização de Viela - Viela Buracanã (Avenida Isabel Aguiar de Campos, 34A - Pq. Grajaú",0,Tesouro Municipal,1.000,0,0,0
59,Subprefeitura Capela do Socorro,10,Administração da Subprefeitura,15,Urbanismo,451,Infra-Estrutura Urbana,3022,Requalificação e Promoção da Ocupação dos Espaços Públicos,9239,"Execução de 2 Vielas, Playground e ATIs - Favela Da Ilha - Rua Manoel Guilherme Dos Reis, 74B - Jd. Castro Alves)",0,Tesouro Municipal,1.000,0,0,0
59,Subprefeitura Capela do Socorro,10,Administração da Subprefeitura,15,Urbanismo,451,Infra-Estrutura Urbana,3022,Requalificação e Promoção da Ocupação dos Espaços Públicos,9240,"Execução de Praça Em Terreno - Praça Sabino ( Rua Sabino Romariz, 127 - Pq. Grajaú)",0,Tesouro Municipal,1.000,0,0,0
59,Subprefeitura Capela do Socorro,10,Administração da Subprefeitura,15,Urbanismo,451,Infra-Estrutura Urbana,3022,Requalificação e Promoção da Ocupação dos Espaços Públicos,9241,"Troca de Intertravado, Revitalização Geral - Calçadão Grajaú (Rua José Antunes Cerdeira)",0,Tesouro Municipal,1.000,0,0,0
59,Subprefeitura Capela do Socorro,10,Administração da Subprefeitura,15,Urbanismo,451,Infra-Estrutura Urbana,3022,Requalificação e Promoção da Ocupação dos Espaços Públicos,9242,Implantação de Complexo Esportivo - Área Pública conhecida como Aristocrata Clube,0,Tesouro Municipal,1.000,0,0,0
59,Subprefeitura Capela do Socorro,10,Administração da Subprefeitura,15,Urbanismo,451,Infra-Estrutura Urbana,3022,Requalificação e Promoção da Ocupação dos Espaços Públicos,9416,E96 - Melhoria de Bairros no âmbito da Subprefeitura da Capela do Socorro.,0,Tesouro Municipal,1.650.000,0,0,0
59,Subprefeitura Capela do Socorro,10,Administração da Subprefeitura,15,Urbanismo,451,Infra-Estrutura Urbana,3022,Requalificação e Promoção da Ocupação dos Espaços Públicos,9427,E1021 - Revitalização e Manutenção - Subprefeitura de Capela do Socorro,0,Tesouro Municipal,400.000,0,0,0
59,Subprefeitura Capela do Socorro,10,Administração da Subprefeitura,15,Urbanismo,451,Infra-Estrutura Urbana,3022,Requalificação e Promoção da Ocupação dos Espaços Públicos,9462,E348 - Requalificação de Espaço Público na Viela Localizada à Rua Luiza Carioba - Jardim Monte Verde,0,Tesouro Municipal,200.000,0,0,0
59,Subprefeitura Capela do Socorro,10,Administração da Subprefeitura,15,Urbanismo,451,Infra-Estrutura Urbana,3022,Requalificação e Promoção da Ocupação dos Espaços Públicos,9463,"E349 - Requalificação de Espaço Público na Viela Zenda Vesta, Travessa Carioca e Viela da Rua Frei Luiz de Granada, Altura do Nº 113 - Jardim Vista Alegre",0,Tesouro Municipal,80.000,0,0,0
59,Subprefeitura Capela do Socorro,10,Administração da Subprefeitura,15,Urbanismo,451,Infra-Estrutura Urbana,3022,Requalificação e Promoção da Ocupação dos Espaços Públicos,9468,E354 - Reforma da Quadra do Jardim Beatriz,0,Tesouro Municipal,100.000,0,0,0
59,Subprefeitura Capela do Socorro,10,Administração da Subprefeitura,15,Urbanismo,451,Infra-Estrutura Urbana,3022,Requalificação e Promoção da Ocupação dos Espaços Públicos,9469,E356 - Implantação de Sede Comunitária e Reforma da Quadra da Praça do Parque Das Árvores,0,Tesouro Municipal,200.000,0,0,0
59,Subprefeitura Capela do Socorro,10,Administração da Subprefeitura,15,Urbanismo,451,Infra-Estrutura Urbana,3022,Requalificação e Promoção da Ocupação dos Espaços Públicos,9474,E361 - Requalificação de Espaço Público na Viela do Campo do Inter - Rua Professor Acácio de Paula - Jardim Icaraí,0,Tesouro Municipal,30.000,0,0,0
59,Subprefeitura Capela do Socorro,10,Administração da Subprefeitura,15,Urbanismo,451,Infra-Estrutura Urbana,3022,Requalificação e Promoção da Ocupação dos Espaços Públicos,9475,E362 - Requalificação do Espaço Público e Paisagismo (Pista de Caminhada e Academia de Ginástica ao Ar Livre) no Jardim Kioto,0,Tesouro Municipal,250.000,0,0,0
59,Subprefeitura Capela do Socorro,10,Administração da Subprefeitura,15,Urbanismo,451,Infra-Estrutura Urbana,3022,Requalificação e Promoção da Ocupação dos Espaços Públicos,9477,E365 - Implantação de Playground na Vila Cheba - Jardim Régis,0,Tesouro Municipal,70.000,0,0,0
59,Subprefeitura Capela do Socorro,10,Administração da Subprefeitura,15,Urbanismo,451,Infra-Estrutura Urbana,3022,Requalificação e Promoção da Ocupação dos Espaços Públicos,9482,E370 - Implantação de Playground na Rua Pomba Trocaz - Jardim Graúna,0,Tesouro Municipal,30.000,0,0,0
59,Subprefeitura Capela do Socorro,10,Administração da Subprefeitura,15,Urbanismo,451,Infra-Estrutura Urbana,3024,Suporte Administrativo,2999,Manutenção de Prédios Administrativos,0,Tesouro Municipal,1.000,1.000,1.000,1.000
59,Subprefeitura Capela do Socorro,10,Administração da Subprefeitura,15,Urbanismo,452,Serviços Urbanos,3005,Promoção da Sustentabilidade Ambiental,2705,Manutenção e Operação de Áreas Verdes e Vegetação Arbórea,0,Tesouro Municipal,6.380.000,6.748.740,7.057.536,7.502.059
59,Subprefeitura Capela do Socorro,10,Administração da Subprefeitura,15,Urbanismo,452,Serviços Urbanos,3006,Promoção dos Direitos da Pessoa com Deficiência,1169,Reforma e Acessibilidade em Passeios Públicos,0,Tesouro Municipal,1.000,1.000,1.000,1.000
59,Subprefeitura Capela do Socorro,10,Administração da Subprefeitura,15,Urbanismo,452,Serviços Urbanos,3022,Requalificação e Promoção da Ocupação dos Espaços Públicos,1137,Pavimentação e Recapeamento de Vias,0,Tesouro Municipal,90.000,0,0,0
59,Subprefeitura Capela do Socorro,10,Administração da Subprefeitura,15,Urbanismo,452,Serviços Urbanos,3022,Requalificação e Promoção da Ocupação dos Espaços Públicos,2339,Manutenção e Operação no Serviço de Guias e Sarjetas (Vias e Logradouros),0,Tesouro Municipal,4.000.000,4.231.185,4.424.791,4.703.489
59,Subprefeitura Capela do Socorro,10,Administração da Subprefeitura,15,Urbanismo,452,Serviços Urbanos,3022,Requalificação e Promoção da Ocupação dos Espaços Públicos,2340,Operação Tapa Buraco,0,Tesouro Municipal,1.000,1.000,1.000,1.000
59,Subprefeitura Capela do Socorro,10,Administração da Subprefeitura,15,Urbanismo,452,Serviços Urbanos,3022,Requalificação e Promoção da Ocupação dos Espaços Públicos,2341,Manutenção de Vias e Áreas Públicas,0,Tesouro Municipal,1.850.000,1.966.523,2.056.503,2.186.033
59,Subprefeitura Capela do Socorro,10,Administração da Subprefeitura,15,Urbanismo,452,Serviços Urbanos,3022,Requalificação e Promoção da Ocupação dos Espaços Públicos,2387,Ações de Fiscalização do Comércio Ilegal,0,Tesouro Municipal,1.000,1.000,1.000,1.000
59,Subprefeitura Capela do Socorro,10,Administração da Subprefeitura,15,Urbanismo,452,Serviços Urbanos,3022,Requalificação e Promoção da Ocupação dos Espaços Públicos,9130,Alargamento da Avenida Belmiro Marim,0,Tesouro Municipal,500.000,0,0,0
59,Subprefeitura Capela do Socorro,10,Administração da Subprefeitura,15,Urbanismo,452,Serviços Urbanos,3022,Requalificação e Promoção da Ocupação dos Espaços Públicos,9131,Alargamento da Ponte João Beiçola e Condestável,0,Tesouro Municipal,1.000.000,0,0,0
59,Subprefeitura Capela do Socorro,10,Administração da Subprefeitura,15,Urbanismo,452,Serviços Urbanos,3022,Requalificação e Promoção da Ocupação dos Espaços Públicos,9132,"Arruamento de Desvio da Av. Presidente João Goulart, Jd. Orion, Interligando a Avenida Antonio Ramos Jr e Rua Antero Gomes do Nascimento - Jd. Edilene",0,Tesouro Municipal,1.000.000,0,0,0
59,Subprefeitura Capela do Socorro,10,Administração da Subprefeitura,15,Urbanismo,452,Serviços Urbanos,3022,Requalificação e Promoção da Ocupação dos Espaços Públicos,9133,Desassoreamento Parque Jacques Cousteau,0,Tesouro Municipal,1.000.000,0,0,0
59,Subprefeitura Capela do Socorro,10,Administração da Subprefeitura,15,Urbanismo,452,Serviços Urbanos,3022,Requalificação e Promoção da Ocupação dos Espaços Públicos,9134,Museu do Automobilismo no Autódromo José Carlos Pacce,0,Tesouro Municipal,500.000,0,0,0
59,Subprefeitura Capela do Socorro,10,Administração da Subprefeitura,15,Urbanismo,452,Serviços Urbanos,3022,Requalificação e Promoção da Ocupação dos Espaços Públicos,9137,Implantação de Terminal Rodoviário no Bairro Varginha - Área Pública da Avenida Paulo Guilguer Reimberg,0,Tesouro Municipal,1.000,0,0,0
59,Subprefeitura Capela do Socorro,10,Administração da Subprefeitura,15,Urbanismo,452,Serviços Urbanos,3022,Requalificação e Promoção da Ocupação dos Espaços Públicos,9138,Implantação de Ligação Viária dos Bairros do Jardim Malia desde o Parque Alto até o Jardim Colonial entre as Ruas Roldão de Barro s e Jequirituba,0,Tesouro Municipal,1.000,0,0,0
59,Subprefeitura Capela do Socorro,10,Administração da Subprefeitura,15,Urbanismo,452,Serviços Urbanos,3022,Requalificação e Promoção da Ocupação dos Espaços Públicos,9139,Polo Logístico de Distribuição Agrícola em Cidade Dutra,0,Tesouro Municipal,100.000,0,0,0
59,Subprefeitura Capela do Socorro,10,Administração da Subprefeitura,15,Urbanismo,452,Serviços Urbanos,3022,Requalificação e Promoção da Ocupação dos Espaços Públicos,9222,Recapeamento da Via - Tv Antônio Buroni (Travessa Antônio Buroni - Jd. Aplino),0,Tesouro Municipal,1.000,0,0,0
59,Subprefeitura Capela do Socorro,10,Administração da Subprefeitura,15,Urbanismo,452,Serviços Urbanos,3022,Requalificação e Promoção da Ocupação dos Espaços Públicos,9230,"Recapeamento Da Via - Travessa Gosselin ( Rua Luiz Gosselin, 166 - Jardim Shangrilá) com Asfalto",0,Tesouro Municipal,1.000,0,0,0
59,Subprefeitura Capela do Socorro,10,Administração da Subprefeitura,15,Urbanismo,452,Serviços Urbanos,3022,Requalificação e Promoção da Ocupação dos Espaços Públicos,9278,"Construção de Sede Social, Reforma e Cobertura da Quadra da Praça do Parque das Árvores - Capela do Socorro",0,Tesouro Municipal,1.000,0,0,0
59,Subprefeitura Capela do Socorro,10,Administração da Subprefeitura,15,Urbanismo,452,Serviços Urbanos,3022,Requalificação e Promoção da Ocupação dos Espaços Públicos,9279,Recapeamento das Ruas Rio Nicolau e Rio São Lourenço - São Jorge - Capela do Socorro,0,Tesouro Municipal,120.000,0,0,0
59,Subprefeitura Capela do Socorro,10,Administração da Subprefeitura,15,Urbanismo,452,Serviços Urbanos,3022,Requalificação e Promoção da Ocupação dos Espaços Públicos,9280,Recapeamento da Avenida Frederico René de Jaegher e Rua Quinta de São Francisco - Capela do Socorro,0,Tesouro Municipal,2.000.000,0,0,0
59,Subprefeitura Capela do Socorro,10,Administração da Subprefeitura,15,Urbanismo,452,Serviços Urbanos,3022,Requalificação e Promoção da Ocupação dos Espaços Públicos,9282,Recapeamento da Avenida das Palmeiras e Rua Noel Nuteis - Vargem Grande,0,Tesouro Municipal,1.000.000,0,0,0
59,Subprefeitura Capela do Socorro,10,Administração da Subprefeitura,15,Urbanismo,452,Serviços Urbanos,3022,Requalificação e Promoção da Ocupação dos Espaços Públicos,9283,"Recapeamento da Rua Doutor Paulo de Barros Whitaker, Rua Rui Rodrigues, Rua Maria Aparecida Anacleto e Avenida Aurélio Lopes Takano - Cidade Dutra",0,Tesouro Municipal,1.000.000,0,0,0
59,Subprefeitura Capela do Socorro,10,Administração da Subprefeitura,15,Urbanismo,452,Serviços Urbanos,3022,Requalificação e Promoção da Ocupação dos Espaços Públicos,9284,Recapeamento da Rua Pedro Escobar - Grajaú,0,Tesouro Municipal,2.000.000,0,0,0
59,Subprefeitura Capela do Socorro,10,Administração da Subprefeitura,15,Urbanismo,452,Serviços Urbanos,3022,Requalificação e Promoção da Ocupação dos Espaços Públicos,9285,Recapeamento da Rua Henrique Muzzio - Varginha,0,Tesouro Municipal,1.000.000,0,0,0
59,Subprefeitura Capela do Socorro,10,Administração da Subprefeitura,15,Urbanismo,452,Serviços Urbanos,3022,Requalificação e Promoção da Ocupação dos Espaços Públicos,9286,"Recapeamento das Ruas Major Lucio Dias Ramos - 3 Corações, Miguel Leuzzi e General José Correia - Chácara Cocaia, Rua João Amós Comenius - São Bernardo e Ruas da Vila Natal - Capela do Socorro",0,Tesouro Municipal,680.000,0,0,0
59,Subprefeitura Capela do Socorro,10,Administração da Subprefeitura,15,Urbanismo,452,Serviços Urbanos,3022,Requalificação e Promoção da Ocupação dos Espaços Públicos,9464,E350 - Pavimentação com Intertravado na Travessa Savério de Simone - Condomínio São Marcos,0,Tesouro Municipal,200.000,0,0,0
59,Subprefeitura Capela do Socorro,10,Administração da Subprefeitura,15,Urbanismo,452,Serviços Urbanos,3022,Requalificação e Promoção da Ocupação dos Espaços Públicos,9465,E351 - Pavimentação com Intertravado na Travessa Alcebíada - Condomínio São Marcos,0,Tesouro Municipal,200.000,0,0,0
59,Subprefeitura Capela do Socorro,10,Administração da Subprefeitura,15,Urbanismo,452,Serviços Urbanos,3022,Requalificação e Promoção da Ocupação dos Espaços Públicos,9466,"E352 - Pavimentação com Intertravado na Travessa da Rua Samuel Scott, Rua da Benção e Rua da Mina - Jardim Nova Esperança",0,Tesouro Municipal,300.000,0,0,0
59,Subprefeitura Capela do Socorro,10,Administração da Subprefeitura,15,Urbanismo,452,Serviços Urbanos,3022,Requalificação e Promoção da Ocupação dos Espaços Públicos,9476,"E363 - Pavimentação com Intertravado nas Ruas Anhingá, Tartaranhão e Boraquira (Trechos Finais Sem Asfalto) - Jardim Sabiá",0,Tesouro Municipal,300.000,0,0,0
59,Subprefeitura Capela do Socorro,10,Administração da Subprefeitura,15,Urbanismo,452,Serviços Urbanos,3022,Requalificação e Promoção da Ocupação dos Espaços Públicos,9480,E368 - Pavimentação com Intertravado nas Ruas da Zr - Grajaú,0,Tesouro Municipal,500.000,0,0,0
59,Subprefeitura Capela do Socorro,10,Administração da Subprefeitura,15,Urbanismo,452,Serviços Urbanos,3022,Requalificação e Promoção da Ocupação dos Espaços Públicos,9481,"E369 - Pavimentação com Intertravado nas Ruas São Pedro, Ceará, Cultura, União, Hum, Dois, Três, Santa Edwiges, Mananciais, Amazonas, Melo Alves - Jardim Monte Verde",0,Tesouro Municipal,300.000,0,0,0
59,Subprefeitura Capela do Socorro,10,Administração da Subprefeitura,17,Saneamento,512,Saneamento Básico Urbano,3008,Gestão dos Riscos e Promoção da Resiliência a Desastres e Eventos Críticos,2367,Manutenção de Sistemas de Drenagem,0,Tesouro Municipal,5.910.475,20.880.905,29.294.015,33.087.643
60,Subprefeitura Parelheiros,10,Administração da Subprefeitura,4,Administração,122,Administração Geral,3011,"Modernização Tecnológica, Desburocratização e Inovação do Serviço Público",2403,Manutenção e Operação do Descomplica SP,0,Tesouro Municipal,1.000,1.000,1.000,1.000
60,Subprefeitura Parelheiros,10,Administração da Subprefeitura,4,Administração,122,Administração Geral,3012,"Participação, Transparência e Controle Social da Administração Pública",2803,Manutenção e Operação dos Conselhos e Espaços Participativos Municipais,0,Tesouro Municipal,3.000,3.000,3.000,3.000
60,Subprefeitura Parelheiros,10,Administração da Subprefeitura,4,Administração,126,Tecnologia da Informação,3011,"Modernização Tecnológica, Desburocratização e Inovação do Serviço Público",2818,"Aquisição de Materiais, Equipamentos e Serviços de Informação e Comunicação",0,Tesouro Municipal,125.000,132.224,138.274,146.983
60,Subprefeitura Parelheiros,10,Administração da Subprefeitura,13,Cultura,392,Difusão Cultural,3001,Acesso à Cultura,6354,Programação de Atividades Culturais,0,Tesouro Municipal,20.000,21.155,22.123,23.517
60,Subprefeitura Parelheiros,10,Administração da Subprefeitura,15,Urbanismo,122,Administração Geral,3024,Suporte Administrativo,2100,Administração da Unidade,0,Tesouro Municipal,13.146.419,13.829.834,14.402.563,15.226.458
60,Subprefeitura Parelheiros,10,Administração da Subprefeitura,15,Urbanismo,451,Infra-Estrutura Urbana,3011,"Modernização Tecnológica, Desburocratização e Inovação do Serviço Público",3002,"Ampliação, Reforma e Requalificação de Prédios Administrativos",0,Tesouro Municipal,1.001.000,1.000,1.000,1.000
60,Subprefeitura Parelheiros,10,Administração da Subprefeitura,15,Urbanismo,451,Infra-Estrutura Urbana,3022,Requalificação e Promoção da Ocupação dos Espaços Públicos,1035,Revitalização E Reurbanização De Áreas Públicas Em Bairros - Barragem - Revitalização Da Mina Ubs,0,Tesouro Municipal,4.000,1.000,1.000,1.000
60,Subprefeitura Parelheiros,10,Administração da Subprefeitura,15,Urbanismo,451,Infra-Estrutura Urbana,3022,Requalificação e Promoção da Ocupação dos Espaços Públicos,1170,"Intervenção, Urbanização e Melhoria de Bairros - Plano de Obras das Subprefeituras",0,Tesouro Municipal,11.141.000,1.000,1.000,1.000
60,Subprefeitura Parelheiros,10,Administração da Subprefeitura,15,Urbanismo,451,Infra-Estrutura Urbana,3022,Requalificação e Promoção da Ocupação dos Espaços Públicos,9172,Revitalização e Reurbanização de Áreas Públicas em Bairros - Barragem - Passarela Do Joaquim,0,Tesouro Municipal,1.000,0,0,0
60,Subprefeitura Parelheiros,10,Administração da Subprefeitura,15,Urbanismo,451,Infra-Estrutura Urbana,3022,Requalificação e Promoção da Ocupação dos Espaços Públicos,9173,Revitalização e Reurbanização de Áreas Públicas em Bairros - Barragem - Parque Barragem,0,Tesouro Municipal,1.000,0,0,0
60,Subprefeitura Parelheiros,10,Administração da Subprefeitura,15,Urbanismo,451,Infra-Estrutura Urbana,3022,Requalificação e Promoção da Ocupação dos Espaços Públicos,9174,Revitalização e Reurbanização de Áreas Públicas em Bairros - Barragem - Revitalização da Mina Campestre,0,Tesouro Municipal,1.000,0,0,0
60,Subprefeitura Parelheiros,10,Administração da Subprefeitura,15,Urbanismo,451,Infra-Estrutura Urbana,3022,Requalificação e Promoção da Ocupação dos Espaços Públicos,9175,Revitalização e Reurbanização de Áreas Públicas em Bairros - Barragem - Revitalização da Mina Ubs,0,Tesouro Municipal,1.000,0,0,0
60,Subprefeitura Parelheiros,10,Administração da Subprefeitura,15,Urbanismo,451,Infra-Estrutura Urbana,3022,Requalificação e Promoção da Ocupação dos Espaços Públicos,9176,Revitalização e Reurbanização de Áreas Públicas em Bairros - Jd. Progresso - Rua Doutor Americano,0,Tesouro Municipal,1.000,0,0,0
60,Subprefeitura Parelheiros,10,Administração da Subprefeitura,15,Urbanismo,451,Infra-Estrutura Urbana,3022,Requalificação e Promoção da Ocupação dos Espaços Públicos,9177,Revitalização e Reurbanização de Áreas Públicas em Bairros - Jd. Progresso - Rua São Paulo,0,Tesouro Municipal,1.000,0,0,0
60,Subprefeitura Parelheiros,10,Administração da Subprefeitura,15,Urbanismo,451,Infra-Estrutura Urbana,3022,Requalificação e Promoção da Ocupação dos Espaços Públicos,9178,Revitalização e Reurbanização de Áreas Públicas em Bairros - Jd. Progresso - Rua Rio de Janeiro,0,Tesouro Municipal,1.000,0,0,0
60,Subprefeitura Parelheiros,10,Administração da Subprefeitura,15,Urbanismo,451,Infra-Estrutura Urbana,3022,Requalificação e Promoção da Ocupação dos Espaços Públicos,9179,Revitalização e Reurbanização de Áreas Públicas em Bairros - Jd. Progresso - Rua Pará,0,Tesouro Municipal,1.000,0,0,0
60,Subprefeitura Parelheiros,10,Administração da Subprefeitura,15,Urbanismo,451,Infra-Estrutura Urbana,3022,Requalificação e Promoção da Ocupação dos Espaços Públicos,9180,Revitalização e Reurbanização de Áreas Públicas em Bairros - Jd. Progresso - Rua Campos Sales,0,Tesouro Municipal,1.000,0,0,0
60,Subprefeitura Parelheiros,10,Administração da Subprefeitura,15,Urbanismo,451,Infra-Estrutura Urbana,3022,Requalificação e Promoção da Ocupação dos Espaços Públicos,9181,Revitalização e Reurbanização de Áreas Públicas em Bairros - Jd. Progresso - Travessa Brasil,0,Tesouro Municipal,1.000,0,0,0
60,Subprefeitura Parelheiros,10,Administração da Subprefeitura,15,Urbanismo,451,Infra-Estrutura Urbana,3022,Requalificação e Promoção da Ocupação dos Espaços Públicos,9182,Revitalização e Reurbanização de Áreas Públicas em Bairros - Jd. Progresso - Rua Particular,0,Tesouro Municipal,1.000,0,0,0
60,Subprefeitura Parelheiros,10,Administração da Subprefeitura,15,Urbanismo,451,Infra-Estrutura Urbana,3022,Requalificação e Promoção da Ocupação dos Espaços Públicos,9183,Revitalização e Reurbanização de Áreas Públicas em Bairros - Jd. Progresso - Rua Santa Cruz,0,Tesouro Municipal,1.000,0,0,0
60,Subprefeitura Parelheiros,10,Administração da Subprefeitura,15,Urbanismo,451,Infra-Estrutura Urbana,3022,Requalificação e Promoção da Ocupação dos Espaços Públicos,9184,Revitalização e Reurbanização de Áreas Públicas em Bairros - Jd. Progresso - Rua São João,0,Tesouro Municipal,1.000,0,0,0
60,Subprefeitura Parelheiros,10,Administração da Subprefeitura,15,Urbanismo,451,Infra-Estrutura Urbana,3022,Requalificação e Promoção da Ocupação dos Espaços Públicos,9185,Revitalização e Reurbanização de Áreas Públicas em Bairros - Jd. Progresso - Rua 1° de Maio,0,Tesouro Municipal,1.000,0,0,0
60,Subprefeitura Parelheiros,10,Administração da Subprefeitura,15,Urbanismo,451,Infra-Estrutura Urbana,3022,Requalificação e Promoção da Ocupação dos Espaços Públicos,9186,Revitalização e Reurbanização de Áreas Públicas em Bairros - Jd. Progresso - Rua Santana,0,Tesouro Municipal,1.000,0,0,0
60,Subprefeitura Parelheiros,10,Administração da Subprefeitura,15,Urbanismo,451,Infra-Estrutura Urbana,3022,Requalificação e Promoção da Ocupação dos Espaços Públicos,9187,Revitalização e Reurbanização de Áreas Públicas em Bairros - Vargem Grande - Rua Jatobás,0,Tesouro Municipal,1.000,0,0,0
60,Subprefeitura Parelheiros,10,Administração da Subprefeitura,15,Urbanismo,451,Infra-Estrutura Urbana,3022,Requalificação e Promoção da Ocupação dos Espaços Públicos,9188,Revitalização e Reurbanização de Áreas Públicas em Bairros - Vargem Grande - Rua Ninho de Imarés,0,Tesouro Municipal,1.000,0,0,0
60,Subprefeitura Parelheiros,10,Administração da Subprefeitura,15,Urbanismo,451,Infra-Estrutura Urbana,3022,Requalificação e Promoção da Ocupação dos Espaços Públicos,9189,Revitalização e Reurbanização de Áreas Públicas em Bairros - Vargem Grande - Rua Das Araras,0,Tesouro Municipal,1.000,0,0,0
60,Subprefeitura Parelheiros,10,Administração da Subprefeitura,15,Urbanismo,451,Infra-Estrutura Urbana,3022,Requalificação e Promoção da Ocupação dos Espaços Públicos,9190,Revitalização e Reurbanização de Áreas Públicas em Bairros - Vargem Grande - Rua Das Paineiras,0,Tesouro Municipal,1.000,0,0,0
60,Subprefeitura Parelheiros,10,Administração da Subprefeitura,15,Urbanismo,451,Infra-Estrutura Urbana,3022,Requalificação e Promoção da Ocupação dos Espaços Públicos,9191,Revitalização e Reurbanização de Áreas Públicas em Bairros - Vargem Grande - Rua Dos Eucaliptos,0,Tesouro Municipal,1.000,0,0,0
60,Subprefeitura Parelheiros,10,Administração da Subprefeitura,15,Urbanismo,451,Infra-Estrutura Urbana,3022,Requalificação e Promoção da Ocupação dos Espaços Públicos,9192,Revitalização e Reurbanização de Áreas Públicas em Bairros - Vargem Grande - Rua Peroba,0,Tesouro Municipal,1.000,0,0,0
60,Subprefeitura Parelheiros,10,Administração da Subprefeitura,15,Urbanismo,451,Infra-Estrutura Urbana,3022,Requalificação e Promoção da Ocupação dos Espaços Públicos,9193,Revitalização e Reurbanização de Áreas Públicas em Bairros - Vargem Grande - Rua Dos Coqueiros,0,Tesouro Municipal,1.000,0,0,0
60,Subprefeitura Parelheiros,10,Administração da Subprefeitura,15,Urbanismo,451,Infra-Estrutura Urbana,3022,Requalificação e Promoção da Ocupação dos Espaços Públicos,9194,Revitalização e Reurbanização de Áreas Públicas em Bairros - Papai Noel - Diversas Ruas,0,Tesouro Municipal,1.000,0,0,0
60,Subprefeitura Parelheiros,10,Administração da Subprefeitura,15,Urbanismo,451,Infra-Estrutura Urbana,3022,Requalificação e Promoção da Ocupação dos Espaços Públicos,9195,Revitalização e Reurbanização de Áreas Públicas em Bairros - Recanto C. Belo - Diversas Ruas,0,Tesouro Municipal,1.000,0,0,0
60,Subprefeitura Parelheiros,10,Administração da Subprefeitura,15,Urbanismo,451,Infra-Estrutura Urbana,3022,Requalificação e Promoção da Ocupação dos Espaços Públicos,9196,Revitalização e Reurbanização de Áreas Públicas em Bairros - Centro de Pa - Estrada Do Jaceguava até Divisa de Embu Guaçu,0,Tesouro Municipal,1.000,0,0,0
60,Subprefeitura Parelheiros,10,Administração da Subprefeitura,15,Urbanismo,451,Infra-Estrutura Urbana,3022,Requalificação e Promoção da Ocupação dos Espaços Públicos,9197,Revitalização e Reurbanização de Áreas Públicas em Bairros - Centro de Pa - Complexo Poli Esportivo Centro de Parelheiros,0,Tesouro Municipal,1.000,0,0,0
60,Subprefeitura Parelheiros,10,Administração da Subprefeitura,15,Urbanismo,451,Infra-Estrutura Urbana,3022,Requalificação e Promoção da Ocupação dos Espaços Públicos,9198,Revitalização e Reurbanização de Áreas Públicas em Bairros - Centro de Pa - Rua Américo Coxa,0,Tesouro Municipal,1.000,0,0,0
60,Subprefeitura Parelheiros,10,Administração da Subprefeitura,15,Urbanismo,451,Infra-Estrutura Urbana,3022,Requalificação e Promoção da Ocupação dos Espaços Públicos,9199,Revitalização e Reurbanização de Áreas Públicas em Bairros - Centro de Pa - Estrada Do Juza,0,Tesouro Municipal,1.000,0,0,0
60,Subprefeitura Parelheiros,10,Administração da Subprefeitura,15,Urbanismo,451,Infra-Estrutura Urbana,3022,Requalificação e Promoção da Ocupação dos Espaços Públicos,9200,Revitalização e Reurbanização de Áreas Públicas em Bairros - Centro de Pa - Revitalização de Cachoeira,0,Tesouro Municipal,1.000,0,0,0
60,Subprefeitura Parelheiros,10,Administração da Subprefeitura,15,Urbanismo,451,Infra-Estrutura Urbana,3022,Requalificação e Promoção da Ocupação dos Espaços Públicos,9201,Revitalização e Reurbanização de Áreas Públicas em Bairros - Centro de Pa - Reforma Casa Da Cultura,0,Tesouro Municipal,1.000,0,0,0
60,Subprefeitura Parelheiros,10,Administração da Subprefeitura,15,Urbanismo,451,Infra-Estrutura Urbana,3022,Requalificação e Promoção da Ocupação dos Espaços Públicos,9202,Revitalização e Reurbanização de Áreas Públicas em Bairros - Centro de Pa - Rua Benedito Schunck,0,Tesouro Municipal,1.000,0,0,0
60,Subprefeitura Parelheiros,10,Administração da Subprefeitura,15,Urbanismo,451,Infra-Estrutura Urbana,3022,Requalificação e Promoção da Ocupação dos Espaços Públicos,9203,Revitalização e Reurbanização de Áreas Públicas em Bairros - Jd. Almeida - Rua Duas Irmãs,0,Tesouro Municipal,1.000,0,0,0
60,Subprefeitura Parelheiros,10,Administração da Subprefeitura,15,Urbanismo,451,Infra-Estrutura Urbana,3022,Requalificação e Promoção da Ocupação dos Espaços Públicos,9204,Revitalização e Reurbanização de Áreas Públicas em Bairros - Jd. Almeida - Diversas Ruas,0,Tesouro Municipal,1.000,0,0,0
60,Subprefeitura Parelheiros,10,Administração da Subprefeitura,15,Urbanismo,451,Infra-Estrutura Urbana,3022,Requalificação e Promoção da Ocupação dos Espaços Públicos,9205,Revitalização e Reurbanização de Áreas Públicas em Bairros - São Norberto - Rua Luigi de Caruso ( Frente a Quadra),0,Tesouro Municipal,1.000,0,0,0
60,Subprefeitura Parelheiros,10,Administração da Subprefeitura,15,Urbanismo,451,Infra-Estrutura Urbana,3022,Requalificação e Promoção da Ocupação dos Espaços Públicos,9206,Revitalização e Reurbanização de Áreas Públicas em Bairros - São Norberto - Diversas Ruas,0,Tesouro Municipal,1.000,0,0,0
60,Subprefeitura Parelheiros,10,Administração da Subprefeitura,15,Urbanismo,451,Infra-Estrutura Urbana,3022,Requalificação e Promoção da Ocupação dos Espaços Públicos,9207,Revitalização e Reurbanização de Áreas Públicas em Bairros - Fontes - Jardim Das Fontes,0,Tesouro Municipal,1.000,0,0,0
60,Subprefeitura Parelheiros,10,Administração da Subprefeitura,15,Urbanismo,451,Infra-Estrutura Urbana,3022,Requalificação e Promoção da Ocupação dos Espaços Públicos,9208,Revitalização e Reurbanização de Áreas Públicas em Bairros - Fontes - Diversas Ruas,0,Tesouro Municipal,1.000,0,0,0
60,Subprefeitura Parelheiros,10,Administração da Subprefeitura,15,Urbanismo,451,Infra-Estrutura Urbana,3022,Requalificação e Promoção da Ocupação dos Espaços Públicos,9209,Revitalização e Reurbanização de Áreas Públicas em Bairros - Sta. Terezinha - Diversas Ruas,0,Tesouro Municipal,1.000,0,0,0
60,Subprefeitura Parelheiros,10,Administração da Subprefeitura,15,Urbanismo,451,Infra-Estrutura Urbana,3022,Requalificação e Promoção da Ocupação dos Espaços Públicos,9210,Revitalização e Reurbanização de Áreas Públicas em Bairros - Nova America - Diversas Ruas,0,Tesouro Municipal,1.000,0,0,0
60,Subprefeitura Parelheiros,10,Administração da Subprefeitura,15,Urbanismo,451,Infra-Estrutura Urbana,3022,Requalificação e Promoção da Ocupação dos Espaços Públicos,9211,Revitalização e Reurbanização de Áreas Públicas em Bairros Jd. Oriental - Diversas Ruas,0,Tesouro Municipal,1.000,0,0,0
60,Subprefeitura Parelheiros,10,Administração da Subprefeitura,15,Urbanismo,451,Infra-Estrutura Urbana,3022,Requalificação e Promoção da Ocupação dos Espaços Públicos,9212,Revitalização e Reurbanização de Áreas Públicas em Bairros - V. Marcelo - Diversas Ruas,0,Tesouro Municipal,1.000,0,0,0
60,Subprefeitura Parelheiros,10,Administração da Subprefeitura,15,Urbanismo,451,Infra-Estrutura Urbana,3022,Requalificação e Promoção da Ocupação dos Espaços Públicos,9213,Revitalização e Reurbanização de Áreas Públicas em Bairros - Emburá - Diversas Ruas,0,Tesouro Municipal,1.000,0,0,0
60,Subprefeitura Parelheiros,10,Administração da Subprefeitura,15,Urbanismo,451,Infra-Estrutura Urbana,3022,Requalificação e Promoção da Ocupação dos Espaços Públicos,9214,Revitalização e Reurbanização de Áreas Públicas em Bairros - Marsilac - Diversas Ruas,0,Tesouro Municipal,1.000,0,0,0
60,Subprefeitura Parelheiros,10,Administração da Subprefeitura,15,Urbanismo,451,Infra-Estrutura Urbana,3022,Requalificação e Promoção da Ocupação dos Espaços Públicos,9215,Revitalização e Reurbanização de Áreas Públicas em Bairros - Barragem - Reconstrução da Escola Queimada,0,Tesouro Municipal,1.000,0,0,0
60,Subprefeitura Parelheiros,10,Administração da Subprefeitura,15,Urbanismo,451,Infra-Estrutura Urbana,3022,Requalificação e Promoção da Ocupação dos Espaços Públicos,9216,Revitalização e Reurbanização de Áreas Públicas em Bairros - Recanto C. Belo - Reconstrução da Escola Queimada,0,Tesouro Municipal,1.000,0,0,0
60,Subprefeitura Parelheiros,10,Administração da Subprefeitura,15,Urbanismo,451,Infra-Estrutura Urbana,3022,Requalificação e Promoção da Ocupação dos Espaços Públicos,9217,Revitalização e Reurbanização de Áreas Públicas em Bairros - Parelheiros - Recape Estrada do Trevo de Marsilac Até Divisa Embu Guaçu,0,Tesouro Municipal,1.000,0,0,0
60,Subprefeitura Parelheiros,10,Administração da Subprefeitura,15,Urbanismo,451,Infra-Estrutura Urbana,3022,Requalificação e Promoção da Ocupação dos Espaços Públicos,9218,Revitalização e Reurbanização de Áreas Públicas em Bairros - Parelheiros - Recapeamento da Estrada do Trevo,0,Tesouro Municipal,1.000,0,0,0
60,Subprefeitura Parelheiros,10,Administração da Subprefeitura,15,Urbanismo,451,Infra-Estrutura Urbana,3022,Requalificação e Promoção da Ocupação dos Espaços Públicos,9419,E100 - Melhoria de Bairros no âmbito da Subprefeitura de Parelheiros.,0,Tesouro Municipal,800.000,0,0,0
60,Subprefeitura Parelheiros,10,Administração da Subprefeitura,15,Urbanismo,451,Infra-Estrutura Urbana,3022,Requalificação e Promoção da Ocupação dos Espaços Públicos,9467,E353 - Requalificação de Espaço Público na Viela Luigi de Caruso - Jardim São Norberto,0,Tesouro Municipal,30.000,0,0,0
60,Subprefeitura Parelheiros,10,Administração da Subprefeitura,15,Urbanismo,451,Infra-Estrutura Urbana,3022,Requalificação e Promoção da Ocupação dos Espaços Públicos,9470,E357 - Implantação de Academia de Ginástica ao Ar Livre no Parque Vargem Grande,0,Tesouro Municipal,40.000,0,0,0
60,Subprefeitura Parelheiros,10,Administração da Subprefeitura,15,Urbanismo,451,Infra-Estrutura Urbana,3022,Requalificação e Promoção da Ocupação dos Espaços Públicos,9471,E358 - Implantação de Academia de Ginástica ao Ar Livre na Chácara Eldorado,0,Tesouro Municipal,30.000,0,0,0
60,Subprefeitura Parelheiros,10,Administração da Subprefeitura,15,Urbanismo,451,Infra-Estrutura Urbana,3022,Requalificação e Promoção da Ocupação dos Espaços Públicos,9472,E359 - Requalificação de Espaço Público na Vila Rocha,0,Tesouro Municipal,30.000,0,0,0
60,Subprefeitura Parelheiros,10,Administração da Subprefeitura,15,Urbanismo,451,Infra-Estrutura Urbana,3022,Requalificação e Promoção da Ocupação dos Espaços Públicos,9473,"E360 - Requalificação de Espaço Público na Viela Eucaliptos, Localizada na Rua Forte de Trindade - Jardim Iporã",0,Tesouro Municipal,30.000,0,0,0
60,Subprefeitura Parelheiros,10,Administração da Subprefeitura,15,Urbanismo,451,Infra-Estrutura Urbana,3022,Requalificação e Promoção da Ocupação dos Espaços Públicos,9483,E557 - Implantação de Guias e Sarjetas na Alameda dos Canários- Recanto Campo Belo - Parelheiros,0,Tesouro Municipal,150.000,0,0,0
60,Subprefeitura Parelheiros,10,Administração da Subprefeitura,15,Urbanismo,451,Infra-Estrutura Urbana,3022,Requalificação e Promoção da Ocupação dos Espaços Públicos,9484,"E558 - Implantação de Guias, Sarjetas e Pavimentação na Rua Carlos Raimondi - Parelheiros",0,Tesouro Municipal,850.000,0,0,0
60,Subprefeitura Parelheiros,10,Administração da Subprefeitura,15,Urbanismo,451,Infra-Estrutura Urbana,3024,Suporte Administrativo,2999,Manutenção de Prédios Administrativos,0,Tesouro Municipal,600.000,105.779,110.619,117.587
60,Subprefeitura Parelheiros,10,Administração da Subprefeitura,15,Urbanismo,452,Serviços Urbanos,3005,Promoção da Sustentabilidade Ambiental,2705,Manutenção e Operação de Áreas Verdes e Vegetação Arbórea,0,Tesouro Municipal,13.310.195,4.950.692,5.177.217,5.503.306
60,Subprefeitura Parelheiros,10,Administração da Subprefeitura,15,Urbanismo,452,Serviços Urbanos,3006,Promoção dos Direitos da Pessoa com Deficiência,1169,Reforma e Acessibilidade em Passeios Públicos,0,Tesouro Municipal,1.000,1.000,1.000,1.000
60,Subprefeitura Parelheiros,10,Administração da Subprefeitura,15,Urbanismo,452,Serviços Urbanos,3022,Requalificação e Promoção da Ocupação dos Espaços Públicos,1137,Pavimentação e Recapeamento de Vias,0,Tesouro Municipal,45.000,0,0,0
60,Subprefeitura Parelheiros,10,Administração da Subprefeitura,15,Urbanismo,452,Serviços Urbanos,3022,Requalificação e Promoção da Ocupação dos Espaços Públicos,2339,Manutenção e Operação no Serviço de Guias e Sarjetas (Vias e Logradouros),0,Tesouro Municipal,8.372.875,3.586.854,3.750.975,3.987.238
60,Subprefeitura Parelheiros,10,Administração da Subprefeitura,15,Urbanismo,452,Serviços Urbanos,3022,Requalificação e Promoção da Ocupação dos Espaços Públicos,2340,Operação Tapa Buraco,0,Tesouro Municipal,1.000,1.000,1.000,1.000
60,Subprefeitura Parelheiros,10,Administração da Subprefeitura,15,Urbanismo,452,Serviços Urbanos,3022,Requalificação e Promoção da Ocupação dos Espaços Públicos,2341,Manutenção de Vias e Áreas Públicas,0,Tesouro Municipal,12.877.328,5.143.872,5.379.236,5.716.616
60,Subprefeitura Parelheiros,10,Administração da Subprefeitura,15,Urbanismo,452,Serviços Urbanos,3022,Requalificação e Promoção da Ocupação dos Espaços Públicos,2387,Ações de Fiscalização do Comércio Ilegal,0,Tesouro Municipal,1.000,1.000,1.000,1.000
60,Subprefeitura Parelheiros,10,Administração da Subprefeitura,15,Urbanismo,452,Serviços Urbanos,3022,Requalificação e Promoção da Ocupação dos Espaços Públicos,9117,Alargamento da Estrada Ecoturistica - Av. Sadamu Inoue,0,Tesouro Municipal,1.000.000,0,0,0
60,Subprefeitura Parelheiros,10,Administração da Subprefeitura,15,Urbanismo,452,Serviços Urbanos,3022,Requalificação e Promoção da Ocupação dos Espaços Públicos,9118,Requalificação Urbana do Centro,0,Tesouro Municipal,500.000,0,0,0
60,Subprefeitura Parelheiros,10,Administração da Subprefeitura,15,Urbanismo,452,Serviços Urbanos,3022,Requalificação e Promoção da Ocupação dos Espaços Públicos,9119,Reforma do Planetário,0,Tesouro Municipal,1.000,0,0,0
60,Subprefeitura Parelheiros,10,Administração da Subprefeitura,15,Urbanismo,452,Serviços Urbanos,3022,Requalificação e Promoção da Ocupação dos Espaços Públicos,9120,Escola Técnica,0,Tesouro Municipal,100.000,0,0,0
60,Subprefeitura Parelheiros,10,Administração da Subprefeitura,15,Urbanismo,452,Serviços Urbanos,3022,Requalificação e Promoção da Ocupação dos Espaços Públicos,9121,Polo Cultural Evagelista de Souza,0,Tesouro Municipal,200.000,0,0,0
60,Subprefeitura Parelheiros,10,Administração da Subprefeitura,15,Urbanismo,452,Serviços Urbanos,3022,Requalificação e Promoção da Ocupação dos Espaços Públicos,9122,Calçamento da Orla da Represa Guarapiranga no Trecho que Acompanha a Av. Pablo Neruda,0,Tesouro Municipal,500.000,0,0,0
60,Subprefeitura Parelheiros,10,Administração da Subprefeitura,15,Urbanismo,452,Serviços Urbanos,3022,Requalificação e Promoção da Ocupação dos Espaços Públicos,9123,Construção de Terminal na Antiga Garagem São Camilo,0,Tesouro Municipal,1.000,0,0,0
60,Subprefeitura Parelheiros,10,Administração da Subprefeitura,15,Urbanismo,452,Serviços Urbanos,3022,Requalificação e Promoção da Ocupação dos Espaços Públicos,9124,Terminal de Ônibus Vargem Grande - Rua 16,0,Tesouro Municipal,500.000,0,0,0
60,Subprefeitura Parelheiros,10,Administração da Subprefeitura,15,Urbanismo,452,Serviços Urbanos,3022,Requalificação e Promoção da Ocupação dos Espaços Públicos,9125,"Portais - Jaceguava, Mata Atlântica e Embura",0,Tesouro Municipal,500.000,0,0,0
60,Subprefeitura Parelheiros,10,Administração da Subprefeitura,15,Urbanismo,452,Serviços Urbanos,3022,Requalificação e Promoção da Ocupação dos Espaços Públicos,9127,Readequação Paisagística do Mirante da Ponte Alta,0,Tesouro Municipal,300.000,0,0,0
60,Subprefeitura Parelheiros,10,Administração da Subprefeitura,15,Urbanismo,452,Serviços Urbanos,3022,Requalificação e Promoção da Ocupação dos Espaços Públicos,9128,Construção da Via de Acesso Ligando a Estrada do Engenheiro Marsilac a Estrada Ecoturística Parelheiros,0,Tesouro Municipal,125.000,0,0,0
60,Subprefeitura Parelheiros,10,Administração da Subprefeitura,15,Urbanismo,452,Serviços Urbanos,3022,Requalificação e Promoção da Ocupação dos Espaços Públicos,9281,"Recapeamento da Estrada da Barragem, Estrada do Jaceguava, Estrada do Cipó, Estrada de Parelheiros, Estrada do Marsilac, Estrada do Colônia e Avenida Professor Hermógenes de Freitas Leitão - Parelheiros",0,Tesouro Municipal,8.000.000,0,0,0
60,Subprefeitura Parelheiros,10,Administração da Subprefeitura,15,Urbanismo,452,Serviços Urbanos,3022,Requalificação e Promoção da Ocupação dos Espaços Públicos,9461,E347 - Pavimentação da Alameda Das Araras - Parelheiros,0,Tesouro Municipal,500.000,0,0,0
60,Subprefeitura Parelheiros,10,Administração da Subprefeitura,15,Urbanismo,452,Serviços Urbanos,3022,Requalificação e Promoção da Ocupação dos Espaços Públicos,9478,"E366 - Pavimentação com Intertravado na Viela do Sossego e Viela 04B - Localizadas na Avenida Professor Hermógenes de Freitas Leitão Filho - Jardim Iporã, Viela Das Flores e Cantinho Bonito, Localizadas na Rua Forte de Trindade - Jardim Iporã",0,Tesouro Municipal,150.000,0,0,0
60,Subprefeitura Parelheiros,10,Administração da Subprefeitura,15,Urbanismo,452,Serviços Urbanos,3022,Requalificação e Promoção da Ocupação dos Espaços Públicos,9479,"E367 - Pavimentação com Intertravado nas Travessas do Meio e Onório, Localizadas na Rua Luigi Caruso, Vicenzo Nerriti, Travessas da Rua Gusatvo Campo, Altura do Nº 67, 600 e 605 e na Altura do Nº 600 da Rua Manuel Paixão Ribeiro - Jd. São Norberto",0,Tesouro Municipal,150.000,0,0,0
60,Subprefeitura Parelheiros,10,Administração da Subprefeitura,17,Saneamento,512,Saneamento Básico Urbano,3008,Gestão dos Riscos e Promoção da Resiliência a Desastres e Eventos Críticos,2367,Manutenção de Sistemas de Drenagem,0,Tesouro Municipal,8.184.492,12.280.413,16.728.715,18.797.815
61,Subprefeitura Penha,10,Administração da Subprefeitura,4,Administração,122,Administração Geral,3011,"Modernização Tecnológica, Desburocratização e Inovação do Serviço Público",2403,Manutenção e Operação do Descomplica SP,0,Tesouro Municipal,1.000,1.000,1.000,1.000
61,Subprefeitura Penha,10,Administração da Subprefeitura,4,Administração,122,Administração Geral,3012,"Participação, Transparência e Controle Social da Administração Pública",2803,Manutenção e Operação dos Conselhos e Espaços Participativos Municipais,0,Tesouro Municipal,6.000,6.346,6.637,7.055
61,Subprefeitura Penha,10,Administração da Subprefeitura,4,Administração,126,Tecnologia da Informação,3011,"Modernização Tecnológica, Desburocratização e Inovação do Serviço Público",2818,"Aquisição de Materiais, Equipamentos e Serviços de Informação e Comunicação",0,Tesouro Municipal,289.830,306.581,320.609,340.802
61,Subprefeitura Penha,10,Administração da Subprefeitura,13,Cultura,392,Difusão Cultural,3001,Acesso à Cultura,6354,Programação de Atividades Culturais,0,Tesouro Municipal,5.000,5.289,5.530,5.880
61,Subprefeitura Penha,10,Administração da Subprefeitura,15,Urbanismo,122,Administração Geral,3024,Suporte Administrativo,2100,Administração da Unidade,0,Tesouro Municipal,18.627.901,19.632.579,20.473.933,21.685.089
61,Subprefeitura Penha,10,Administração da Subprefeitura,15,Urbanismo,451,Infra-Estrutura Urbana,3011,"Modernização Tecnológica, Desburocratização e Inovação do Serviço Público",3002,"Ampliação, Reforma e Requalificação de Prédios Administrativos",0,Tesouro Municipal,1.000,1.000,1.000,1.000
61,Subprefeitura Penha,10,Administração da Subprefeitura,15,Urbanismo,451,Infra-Estrutura Urbana,3022,Requalificação e Promoção da Ocupação dos Espaços Públicos,1170,"Intervenção, Urbanização e Melhoria de Bairros - Plano de Obras das Subprefeituras",0,Tesouro Municipal,2.301.000,1.058,1.000,1.000
61,Subprefeitura Penha,10,Administração da Subprefeitura,15,Urbanismo,451,Infra-Estrutura Urbana,3022,Requalificação e Promoção da Ocupação dos Espaços Públicos,9436,"E113 - Obras e Intervenção do Bairros, Pela Subprefeituras da Penha, Atendendo aos Munícipes desta Região.",0,Tesouro Municipal,1.000.000,0,0,0
61,Subprefeitura Penha,10,Administração da Subprefeitura,15,Urbanismo,451,Infra-Estrutura Urbana,3024,Suporte Administrativo,2999,Manutenção de Prédios Administrativos,0,Tesouro Municipal,1.000,1.000,1.000,1.000
61,Subprefeitura Penha,10,Administração da Subprefeitura,15,Urbanismo,452,Serviços Urbanos,3005,Promoção da Sustentabilidade Ambiental,2705,Manutenção e Operação de Áreas Verdes e Vegetação Arbórea,0,Tesouro Municipal,4.607.152,4.873.428,5.096.417,5.417.418
61,Subprefeitura Penha,10,Administração da Subprefeitura,15,Urbanismo,452,Serviços Urbanos,3006,Promoção dos Direitos da Pessoa com Deficiência,1169,Reforma e Acessibilidade em Passeios Públicos,0,Tesouro Municipal,1.000,1.000,1.000,1.000
61,Subprefeitura Penha,10,Administração da Subprefeitura,15,Urbanismo,452,Serviços Urbanos,3022,Requalificação e Promoção da Ocupação dos Espaços Públicos,1137,Pavimentação e Recapeamento de Vias,0,Tesouro Municipal,50.000,0,0,0
61,Subprefeitura Penha,10,Administração da Subprefeitura,15,Urbanismo,452,Serviços Urbanos,3022,Requalificação e Promoção da Ocupação dos Espaços Públicos,2339,Manutenção e Operação no Serviço de Guias e Sarjetas (Vias e Logradouros),0,Tesouro Municipal,3.439.177,3.637.948,3.804.407,4.044.029
61,Subprefeitura Penha,10,Administração da Subprefeitura,15,Urbanismo,452,Serviços Urbanos,3022,Requalificação e Promoção da Ocupação dos Espaços Públicos,2340,Operação Tapa Buraco,0,Tesouro Municipal,1.000,1.000,1.000,1.000
61,Subprefeitura Penha,10,Administração da Subprefeitura,15,Urbanismo,452,Serviços Urbanos,3022,Requalificação e Promoção da Ocupação dos Espaços Públicos,2341,Manutenção de Vias e Áreas Públicas,0,Tesouro Municipal,2.275.553,2.407.071,2.517.209,2.675.757
61,Subprefeitura Penha,10,Administração da Subprefeitura,15,Urbanismo,452,Serviços Urbanos,3022,Requalificação e Promoção da Ocupação dos Espaços Públicos,2387,Ações de Fiscalização do Comércio Ilegal,0,Tesouro Municipal,1.000,1.000,1.000,1.000
61,Subprefeitura Penha,10,Administração da Subprefeitura,17,Saneamento,512,Saneamento Básico Urbano,3008,Gestão dos Riscos e Promoção da Resiliência a Desastres e Eventos Críticos,2367,Manutenção de Sistemas de Drenagem,0,Tesouro Municipal,8.008.889,15.683.167,20.077.091,22.302.201
62,Subprefeitura Ermelino Matarazzo,10,Administração da Subprefeitura,4,Administração,122,Administração Geral,3011,"Modernização Tecnológica, Desburocratização e Inovação do Serviço Público",2403,Manutenção e Operação do Descomplica SP,0,Tesouro Municipal,1.000,1.000,1.000,1.000
62,Subprefeitura Ermelino Matarazzo,10,Administração da Subprefeitura,4,Administração,122,Administração Geral,3012,"Participação, Transparência e Controle Social da Administração Pública",2803,Manutenção e Operação dos Conselhos e Espaços Participativos Municipais,0,Tesouro Municipal,1.000,5.000,6.000,7.000
62,Subprefeitura Ermelino Matarazzo,10,Administração da Subprefeitura,4,Administração,126,Tecnologia da Informação,3011,"Modernização Tecnológica, Desburocratização e Inovação do Serviço Público",2818,"Aquisição de Materiais, Equipamentos e Serviços de Informação e Comunicação",0,Tesouro Municipal,179.778,190.564,201.997,214.116
62,Subprefeitura Ermelino Matarazzo,10,Administração da Subprefeitura,13,Cultura,392,Difusão Cultural,3001,Acesso à Cultura,6354,Programação de Atividades Culturais,0,Tesouro Municipal,23.400,24.570,25.798,27.088
62,Subprefeitura Ermelino Matarazzo,10,Administração da Subprefeitura,15,Urbanismo,122,Administração Geral,3024,Suporte Administrativo,2100,Administração da Unidade,0,Tesouro Municipal,14.505.364,15.215.076,15.615.465,16.587.052
62,Subprefeitura Ermelino Matarazzo,10,Administração da Subprefeitura,15,Urbanismo,451,Infra-Estrutura Urbana,3011,"Modernização Tecnológica, Desburocratização e Inovação do Serviço Público",3002,"Ampliação, Reforma e Requalificação de Prédios Administrativos",0,Tesouro Municipal,1.000,1.000,1.000,1.000
62,Subprefeitura Ermelino Matarazzo,10,Administração da Subprefeitura,15,Urbanismo,451,Infra-Estrutura Urbana,3022,Requalificação e Promoção da Ocupação dos Espaços Públicos,1170,"Intervenção, Urbanização e Melhoria de Bairros - Plano de Obras das Subprefeituras",0,Tesouro Municipal,2.251.000,2.000,2.000,2.000
62,Subprefeitura Ermelino Matarazzo,10,Administração da Subprefeitura,15,Urbanismo,451,Infra-Estrutura Urbana,3024,Suporte Administrativo,2999,Manutenção de Prédios Administrativos,0,Tesouro Municipal,10.000,15.000,20.000,25.000
62,Subprefeitura Ermelino Matarazzo,10,Administração da Subprefeitura,15,Urbanismo,452,Serviços Urbanos,3005,Promoção da Sustentabilidade Ambiental,2705,Manutenção e Operação de Áreas Verdes e Vegetação Arbórea,0,Tesouro Municipal,3.891.561,4.125.054,4.372.557,4.634.910
62,Subprefeitura Ermelino Matarazzo,10,Administração da Subprefeitura,15,Urbanismo,452,Serviços Urbanos,3006,Promoção dos Direitos da Pessoa com Deficiência,1169,Reforma e Acessibilidade em Passeios Públicos,0,Tesouro Municipal,1.000,1.000,1.000,1.000
62,Subprefeitura Ermelino Matarazzo,10,Administração da Subprefeitura,15,Urbanismo,452,Serviços Urbanos,3022,Requalificação e Promoção da Ocupação dos Espaços Públicos,2339,Manutenção e Operação no Serviço de Guias e Sarjetas (Vias e Logradouros),0,Tesouro Municipal,2.883.777,3.056.803,3.240.211,3.402.221
62,Subprefeitura Ermelino Matarazzo,10,Administração da Subprefeitura,15,Urbanismo,452,Serviços Urbanos,3022,Requalificação e Promoção da Ocupação dos Espaços Públicos,2340,Operação Tapa Buraco,0,Tesouro Municipal,1.000,1.000,1.000,1.000
62,Subprefeitura Ermelino Matarazzo,10,Administração da Subprefeitura,15,Urbanismo,452,Serviços Urbanos,3022,Requalificação e Promoção da Ocupação dos Espaços Públicos,2341,Manutenção de Vias e Áreas Públicas,0,Tesouro Municipal,284.670,301.750,319.855,339.043
62,Subprefeitura Ermelino Matarazzo,10,Administração da Subprefeitura,15,Urbanismo,452,Serviços Urbanos,3022,Requalificação e Promoção da Ocupação dos Espaços Públicos,2387,Ações de Fiscalização do Comércio Ilegal,0,Tesouro Municipal,1.000,10.000,15.000,20.000
62,Subprefeitura Ermelino Matarazzo,10,Administração da Subprefeitura,17,Saneamento,512,Saneamento Básico Urbano,3008,Gestão dos Riscos e Promoção da Resiliência a Desastres e Eventos Críticos,2367,Manutenção de Sistemas de Drenagem,0,Tesouro Municipal,7.570.571,12.351.642,15.236.902,16.747.538
63,Subprefeitura São Miguel Paulista,10,Administração da Subprefeitura,4,Administração,122,Administração Geral,3011,"Modernização Tecnológica, Desburocratização e Inovação do Serviço Público",2403,Manutenção e Operação do Descomplica SP,0,Tesouro Municipal,1.000,1.000,1.000,1.000
63,Subprefeitura São Miguel Paulista,10,Administração da Subprefeitura,4,Administração,122,Administração Geral,3012,"Participação, Transparência e Controle Social da Administração Pública",2803,Manutenção e Operação dos Conselhos e Espaços Participativos Municipais,0,Tesouro Municipal,4.000,4.231,4.424,4.703
63,Subprefeitura São Miguel Paulista,10,Administração da Subprefeitura,4,Administração,126,Tecnologia da Informação,3011,"Modernização Tecnológica, Desburocratização e Inovação do Serviço Público",2818,"Aquisição de Materiais, Equipamentos e Serviços de Informação e Comunicação",0,Tesouro Municipal,144.281,152.619,159.603,169.655
63,Subprefeitura São Miguel Paulista,10,Administração da Subprefeitura,13,Cultura,392,Difusão Cultural,3001,Acesso à Cultura,6354,Programação de Atividades Culturais,0,Tesouro Municipal,1.000,1.000,1.000,1.000
63,Subprefeitura São Miguel Paulista,10,Administração da Subprefeitura,15,Urbanismo,122,Administração Geral,3024,Suporte Administrativo,2100,Administração da Unidade,0,Tesouro Municipal,21.936.710,23.080.568,24.038.476,25.417.416
63,Subprefeitura São Miguel Paulista,10,Administração da Subprefeitura,15,Urbanismo,451,Infra-Estrutura Urbana,3011,"Modernização Tecnológica, Desburocratização e Inovação do Serviço Público",3002,"Ampliação, Reforma e Requalificação de Prédios Administrativos",0,Tesouro Municipal,1.000,1.000,1.000,1.000
63,Subprefeitura São Miguel Paulista,10,Administração da Subprefeitura,15,Urbanismo,451,Infra-Estrutura Urbana,3022,Requalificação e Promoção da Ocupação dos Espaços Públicos,1170,"Intervenção, Urbanização e Melhoria de Bairros - Plano de Obras das Subprefeituras",0,Tesouro Municipal,2.251.000,2.000,2.000,2.000
63,Subprefeitura São Miguel Paulista,10,Administração da Subprefeitura,15,Urbanismo,451,Infra-Estrutura Urbana,3024,Suporte Administrativo,2999,Manutenção de Prédios Administrativos,0,Tesouro Municipal,1.000,1.000,1.000,1.000
63,Subprefeitura São Miguel Paulista,10,Administração da Subprefeitura,15,Urbanismo,452,Serviços Urbanos,3005,Promoção da Sustentabilidade Ambiental,2705,Manutenção e Operação de Áreas Verdes e Vegetação Arbórea,0,Tesouro Municipal,5.890.491,6.230.939,6.516.043,6.926.459
63,Subprefeitura São Miguel Paulista,10,Administração da Subprefeitura,15,Urbanismo,452,Serviços Urbanos,3006,Promoção dos Direitos da Pessoa com Deficiência,1169,Reforma e Acessibilidade em Passeios Públicos,0,Tesouro Municipal,1.000,1.000,1.000,1.000
63,Subprefeitura São Miguel Paulista,10,Administração da Subprefeitura,15,Urbanismo,452,Serviços Urbanos,3022,Requalificação e Promoção da Ocupação dos Espaços Públicos,2339,Manutenção e Operação no Serviço de Guias e Sarjetas (Vias e Logradouros),0,Tesouro Municipal,2.964.305,3.135.630,3.279.105,3.485.641
63,Subprefeitura São Miguel Paulista,10,Administração da Subprefeitura,15,Urbanismo,452,Serviços Urbanos,3022,Requalificação e Promoção da Ocupação dos Espaços Públicos,2340,Operação Tapa Buraco,0,Tesouro Municipal,1.000,1.000,1.000,1.000
63,Subprefeitura São Miguel Paulista,10,Administração da Subprefeitura,15,Urbanismo,452,Serviços Urbanos,3022,Requalificação e Promoção da Ocupação dos Espaços Públicos,2341,Manutenção de Vias e Áreas Públicas,0,Tesouro Municipal,2.363.773,2.500.390,2.614.798,2.779.492
63,Subprefeitura São Miguel Paulista,10,Administração da Subprefeitura,15,Urbanismo,452,Serviços Urbanos,3022,Requalificação e Promoção da Ocupação dos Espaços Públicos,2387,Ações de Fiscalização do Comércio Ilegal,0,Tesouro Municipal,1.000,1.000,1.000,1.000
63,Subprefeitura São Miguel Paulista,10,Administração da Subprefeitura,17,Saneamento,512,Saneamento Básico Urbano,3008,Gestão dos Riscos e Promoção da Resiliência a Desastres e Eventos Críticos,2367,Manutenção de Sistemas de Drenagem,0,Tesouro Municipal,11.367.548,20.678.223,26.035.965,28.828.506
64,Subprefeitura Itaim Paulista,10,Administração da Subprefeitura,4,Administração,122,Administração Geral,3011,"Modernização Tecnológica, Desburocratização e Inovação do Serviço Público",2403,Manutenção e Operação do Descomplica SP,0,Tesouro Municipal,1.000,1.000,1.000,1.000
64,Subprefeitura Itaim Paulista,10,Administração da Subprefeitura,4,Administração,122,Administração Geral,3012,"Participação, Transparência e Controle Social da Administração Pública",2803,Manutenção e Operação dos Conselhos e Espaços Participativos Municipais,0,Tesouro Municipal,1.000,1.000,1.000,1.000
64,Subprefeitura Itaim Paulista,10,Administração da Subprefeitura,4,Administração,126,Tecnologia da Informação,3011,"Modernização Tecnológica, Desburocratização e Inovação do Serviço Público",2818,"Aquisição de Materiais, Equipamentos e Serviços de Informação e Comunicação",0,Tesouro Municipal,139.483,147.429,154.083,163.662
64,Subprefeitura Itaim Paulista,10,Administração da Subprefeitura,13,Cultura,392,Difusão Cultural,3001,Acesso à Cultura,6354,Programação de Atividades Culturais,0,Tesouro Municipal,1.000,1.000,1.000,1.000
64,Subprefeitura Itaim Paulista,10,Administração da Subprefeitura,15,Urbanismo,122,Administração Geral,3024,Suporte Administrativo,2100,Administração da Unidade,0,Tesouro Municipal,17.223.959,18.149.317,18.921.915,20.034.096
64,Subprefeitura Itaim Paulista,10,Administração da Subprefeitura,15,Urbanismo,451,Infra-Estrutura Urbana,3022,Requalificação e Promoção da Ocupação dos Espaços Públicos,1170,"Intervenção, Urbanização e Melhoria de Bairros - Plano de Obras das Subprefeituras",0,Tesouro Municipal,3.252.000,3.000,3.000,3.000
64,Subprefeitura Itaim Paulista,10,Administração da Subprefeitura,15,Urbanismo,451,Infra-Estrutura Urbana,3022,Requalificação e Promoção da Ocupação dos Espaços Públicos,9420,"E101 - Requalificação de Sede Social da Associação Comunitária do Jardim das Oliveiras, CNPJ 46.306.528/0001-94, localizada na Av. Dr. Almiro Leal da Costa, 456 - Jardim das Oliveiras, CEP 08122-260.",0,Tesouro Municipal,100.000,0,0,0
64,Subprefeitura Itaim Paulista,10,Administração da Subprefeitura,15,Urbanismo,451,Infra-Estrutura Urbana,3024,Suporte Administrativo,2999,Manutenção de Prédios Administrativos,0,Tesouro Municipal,1.000,1.000,1.000,1.000
64,Subprefeitura Itaim Paulista,10,Administração da Subprefeitura,15,Urbanismo,452,Serviços Urbanos,3005,Promoção da Sustentabilidade Ambiental,2705,Manutenção e Operação de Áreas Verdes e Vegetação Arbórea,0,Tesouro Municipal,1.800.036,1.906.071,1.993.286,2.118.834
64,Subprefeitura Itaim Paulista,10,Administração da Subprefeitura,15,Urbanismo,452,Serviços Urbanos,3006,Promoção dos Direitos da Pessoa com Deficiência,1169,Reforma e Acessibilidade em Passeios Públicos,0,Tesouro Municipal,1.000,1.000,1.000,1.000
64,Subprefeitura Itaim Paulista,10,Administração da Subprefeitura,15,Urbanismo,452,Serviços Urbanos,3022,Requalificação e Promoção da Ocupação dos Espaços Públicos,2339,Manutenção e Operação no Serviço de Guias e Sarjetas (Vias e Logradouros),0,Tesouro Municipal,2.018.339,2.123.512,2.220.675,2.360.546
64,Subprefeitura Itaim Paulista,10,Administração da Subprefeitura,15,Urbanismo,452,Serviços Urbanos,3022,Requalificação e Promoção da Ocupação dos Espaços Públicos,2340,Operação Tapa Buraco,0,Tesouro Municipal,1.000,1.000,1.000,1.000
64,Subprefeitura Itaim Paulista,10,Administração da Subprefeitura,15,Urbanismo,452,Serviços Urbanos,3022,Requalificação e Promoção da Ocupação dos Espaços Públicos,2341,Manutenção de Vias e Áreas Públicas,0,Tesouro Municipal,1.961.064,2.076.348,2.171.308,2.308.006
64,Subprefeitura Itaim Paulista,10,Administração da Subprefeitura,15,Urbanismo,452,Serviços Urbanos,3022,Requalificação e Promoção da Ocupação dos Espaços Públicos,2387,Ações de Fiscalização do Comércio Ilegal,0,Tesouro Municipal,1.000,1.000,1.000,1.000
64,Subprefeitura Itaim Paulista,10,Administração da Subprefeitura,15,Urbanismo,452,Serviços Urbanos,3022,Requalificação e Promoção da Ocupação dos Espaços Públicos,9270,Contenção das Margens do Córrego Água Vermelha Contemplando Parte da Comunidade Portelinha e Praça de Esportes,0,Tesouro Municipal,6.440.000,0,0,0
64,Subprefeitura Itaim Paulista,10,Administração da Subprefeitura,15,Urbanismo,452,Serviços Urbanos,3022,Requalificação e Promoção da Ocupação dos Espaços Públicos,9271,Contenção das Margens do Córrego Três Pontes,0,Tesouro Municipal,3.000.000,0,0,0
64,Subprefeitura Itaim Paulista,10,Administração da Subprefeitura,15,Urbanismo,452,Serviços Urbanos,3022,Requalificação e Promoção da Ocupação dos Espaços Públicos,9272,Pavimentação Complementar Rua Ravena,0,Tesouro Municipal,600.000,0,0,0
64,Subprefeitura Itaim Paulista,10,Administração da Subprefeitura,15,Urbanismo,452,Serviços Urbanos,3022,Requalificação e Promoção da Ocupação dos Espaços Públicos,9273,Varias Intervenções de Consolidação das Margens dos Córregos Existentes na Jurisdição da Subprefeitura do Itaim Paulista,0,Tesouro Municipal,6.000.000,0,0,0
64,Subprefeitura Itaim Paulista,10,Administração da Subprefeitura,15,Urbanismo,452,Serviços Urbanos,3022,Requalificação e Promoção da Ocupação dos Espaços Públicos,9274,Pavimentação da Avenida Córrego Três Pontes,0,Tesouro Municipal,2.500.000,0,0,0
64,Subprefeitura Itaim Paulista,10,Administração da Subprefeitura,15,Urbanismo,452,Serviços Urbanos,3022,Requalificação e Promoção da Ocupação dos Espaços Públicos,9275,Urbanização da Área Municipal Existente - Rua Tarde de Maio x Via Marginal Jacú x Rua Dário Ferreira Martins - Terminal de Onibus São Miguel Paulista,0,Tesouro Municipal,600.000,0,0,0
64,Subprefeitura Itaim Paulista,10,Administração da Subprefeitura,15,Urbanismo,452,Serviços Urbanos,3022,Requalificação e Promoção da Ocupação dos Espaços Públicos,9276,Urbanização e Pavimentação de Área Municipal - Travessa Mirra,0,Tesouro Municipal,700.000,0,0,0
64,Subprefeitura Itaim Paulista,10,Administração da Subprefeitura,15,Urbanismo,452,Serviços Urbanos,3022,Requalificação e Promoção da Ocupação dos Espaços Públicos,9277,Elaboração de Vários Projetos de Construções e Reformas a Serem Licitados pela Subprefeitura do Itaim Paulista,0,Tesouro Municipal,160.000,0,0,0
64,Subprefeitura Itaim Paulista,10,Administração da Subprefeitura,17,Saneamento,512,Saneamento Básico Urbano,3008,Gestão dos Riscos e Promoção da Resiliência a Desastres e Eventos Críticos,2367,Manutenção de Sistemas de Drenagem,0,Tesouro Municipal,7.145.491,16.008.107,21.047.628,23.499.163
65,Subprefeitura Mooca,10,Administração da Subprefeitura,4,Administração,122,Administração Geral,3011,"Modernização Tecnológica, Desburocratização e Inovação do Serviço Público",2403,Manutenção e Operação do Descomplica SP,0,Tesouro Municipal,1.000,1.000,1.000,1.000
65,Subprefeitura Mooca,10,Administração da Subprefeitura,4,Administração,122,Administração Geral,3012,"Participação, Transparência e Controle Social da Administração Pública",2803,Manutenção e Operação dos Conselhos e Espaços Participativos Municipais,0,Tesouro Municipal,3.000,3.000,3.000,3.000
65,Subprefeitura Mooca,10,Administração da Subprefeitura,4,Administração,126,Tecnologia da Informação,3011,"Modernização Tecnológica, Desburocratização e Inovação do Serviço Público",2818,"Aquisição de Materiais, Equipamentos e Serviços de Informação e Comunicação",0,Tesouro Municipal,89.000,94.135,98.446,104.648
65,Subprefeitura Mooca,10,Administração da Subprefeitura,13,Cultura,392,Difusão Cultural,3001,Acesso à Cultura,6354,Programação de Atividades Culturais,0,Tesouro Municipal,1.000,1.000,1.000,1.000
65,Subprefeitura Mooca,10,Administração da Subprefeitura,15,Urbanismo,122,Administração Geral,3024,Suporte Administrativo,2100,Administração da Unidade,0,Tesouro Municipal,21.129.329,22.278.880,23.239.222,24.622.572
65,Subprefeitura Mooca,10,Administração da Subprefeitura,15,Urbanismo,451,Infra-Estrutura Urbana,3011,"Modernização Tecnológica, Desburocratização e Inovação do Serviço Público",3002,"Ampliação, Reforma e Requalificação de Prédios Administrativos",0,Tesouro Municipal,1.000,1.000,1.000,1.000
65,Subprefeitura Mooca,10,Administração da Subprefeitura,15,Urbanismo,451,Infra-Estrutura Urbana,3022,Requalificação e Promoção da Ocupação dos Espaços Públicos,1170,"Intervenção, Urbanização e Melhoria de Bairros - Plano de Obras das Subprefeituras",0,Tesouro Municipal,2.251.000,2.000,2.000,2.000
65,Subprefeitura Mooca,10,Administração da Subprefeitura,15,Urbanismo,451,Infra-Estrutura Urbana,3022,Requalificação e Promoção da Ocupação dos Espaços Públicos,9429,"E2156 - Melhorias de Bairro, Serviços de Zeladoria, Manutenção e Reforma de Espaços e Áreas Públicas, Serviços Urbanos e Saneamento na Região da Subprefeitura da Mooca.",0,Tesouro Municipal,499.998,0,0,0
65,Subprefeitura Mooca,10,Administração da Subprefeitura,15,Urbanismo,451,Infra-Estrutura Urbana,3024,Suporte Administrativo,2999,Manutenção de Prédios Administrativos,0,Tesouro Municipal,20.000,21.154,22.122,23.516
65,Subprefeitura Mooca,10,Administração da Subprefeitura,15,Urbanismo,452,Serviços Urbanos,3005,Promoção da Sustentabilidade Ambiental,2705,Manutenção e Operação de Áreas Verdes e Vegetação Arbórea,0,Tesouro Municipal,7.117.667,7.528.356,7.873.155,8.369.163
65,Subprefeitura Mooca,10,Administração da Subprefeitura,15,Urbanismo,452,Serviços Urbanos,3006,Promoção dos Direitos da Pessoa com Deficiência,1169,Reforma e Acessibilidade em Passeios Públicos,0,Tesouro Municipal,1.000,1.000,1.000,1.000
65,Subprefeitura Mooca,10,Administração da Subprefeitura,15,Urbanismo,452,Serviços Urbanos,3022,Requalificação e Promoção da Ocupação dos Espaços Públicos,1137,Pavimentação e Recapeamento de Vias,0,Tesouro Municipal,40.000,0,0,0
65,Subprefeitura Mooca,10,Administração da Subprefeitura,15,Urbanismo,452,Serviços Urbanos,3022,Requalificação e Promoção da Ocupação dos Espaços Públicos,2339,Manutenção e Operação no Serviço de Guias e Sarjetas (Vias e Logradouros),0,Tesouro Municipal,5.202.377,5.502.554,5.754.571,6.117.109
65,Subprefeitura Mooca,10,Administração da Subprefeitura,15,Urbanismo,452,Serviços Urbanos,3022,Requalificação e Promoção da Ocupação dos Espaços Públicos,2340,Operação Tapa Buraco,0,Tesouro Municipal,1.000,1.000,1.000,1.000
65,Subprefeitura Mooca,10,Administração da Subprefeitura,15,Urbanismo,452,Serviços Urbanos,3022,Requalificação e Promoção da Ocupação dos Espaços Públicos,2341,Manutenção de Vias e Áreas Públicas,0,Tesouro Municipal,944.301,998.787,1.044.531,1.110.337
65,Subprefeitura Mooca,10,Administração da Subprefeitura,15,Urbanismo,452,Serviços Urbanos,3022,Requalificação e Promoção da Ocupação dos Espaços Públicos,2387,Ações de Fiscalização do Comércio Ilegal,0,Tesouro Municipal,1.000,1.000,1.000,1.000
65,Subprefeitura Mooca,10,Administração da Subprefeitura,17,Saneamento,512,Saneamento Básico Urbano,3008,Gestão dos Riscos e Promoção da Resiliência a Desastres e Eventos Críticos,2367,Manutenção de Sistemas de Drenagem,0,Tesouro Municipal,5.652.142,9.068.868,11.059.653,12.168.004
66,Subprefeitura Aricanduva/Formosa/Carrão,10,Administração da Subprefeitura,4,Administração,122,Administração Geral,3011,"Modernização Tecnológica, Desburocratização e Inovação do Serviço Público",2403,Manutenção e Operação do Descomplica SP,0,Tesouro Municipal,1.000,1.000,1.000,1.000
66,Subprefeitura Aricanduva/Formosa/Carrão,10,Administração da Subprefeitura,4,Administração,122,Administração Geral,3012,"Participação, Transparência e Controle Social da Administração Pública",2803,Manutenção e Operação dos Conselhos e Espaços Participativos Municipais,0,Tesouro Municipal,3.000,3.000,3.000,3.000
66,Subprefeitura Aricanduva/Formosa/Carrão,10,Administração da Subprefeitura,4,Administração,126,Tecnologia da Informação,3011,"Modernização Tecnológica, Desburocratização e Inovação do Serviço Público",2818,"Aquisição de Materiais, Equipamentos e Serviços de Informação e Comunicação",0,Tesouro Municipal,125.820,133.092,139.182,147.949
66,Subprefeitura Aricanduva/Formosa/Carrão,10,Administração da Subprefeitura,13,Cultura,392,Difusão Cultural,3001,Acesso à Cultura,6354,Programação de Atividades Culturais,0,Tesouro Municipal,1.000,1.000,1.000,1.000
66,Subprefeitura Aricanduva/Formosa/Carrão,10,Administração da Subprefeitura,15,Urbanismo,122,Administração Geral,3024,Suporte Administrativo,2100,Administração da Unidade,0,Tesouro Municipal,17.636.497,18.585.655,19.380.514,20.524.738
66,Subprefeitura Aricanduva/Formosa/Carrão,10,Administração da Subprefeitura,15,Urbanismo,451,Infra-Estrutura Urbana,3011,"Modernização Tecnológica, Desburocratização e Inovação do Serviço Público",3000,Aquisição e Construção de Prédios Administrativos,0,Tesouro Municipal,1.000,1.000,1.000,1.000
66,Subprefeitura Aricanduva/Formosa/Carrão,10,Administração da Subprefeitura,15,Urbanismo,451,Infra-Estrutura Urbana,3011,"Modernização Tecnológica, Desburocratização e Inovação do Serviço Público",3002,"Ampliação, Reforma e Requalificação de Prédios Administrativos",0,Tesouro Municipal,1.000,1.000,1.000,1.000
66,Subprefeitura Aricanduva/Formosa/Carrão,10,Administração da Subprefeitura,15,Urbanismo,451,Infra-Estrutura Urbana,3022,Requalificação e Promoção da Ocupação dos Espaços Públicos,1170,"Intervenção, Urbanização e Melhoria de Bairros - Plano de Obras das Subprefeituras",0,Tesouro Municipal,4.291.000,1.000,1.000,1.000
66,Subprefeitura Aricanduva/Formosa/Carrão,10,Administração da Subprefeitura,15,Urbanismo,451,Infra-Estrutura Urbana,3022,Requalificação e Promoção da Ocupação dos Espaços Públicos,9435,"E112 - Obras e Intervenção do Bairros, Pela Subprefeituras de Aricanduva/Formosa/Carrão, Atendendo aos Munícipes desta Região.",0,Tesouro Municipal,1.000.000,0,0,0
66,Subprefeitura Aricanduva/Formosa/Carrão,10,Administração da Subprefeitura,15,Urbanismo,451,Infra-Estrutura Urbana,3024,Suporte Administrativo,2999,Manutenção de Prédios Administrativos,0,Tesouro Municipal,1.000,1.000,1.000,1.000
66,Subprefeitura Aricanduva/Formosa/Carrão,10,Administração da Subprefeitura,15,Urbanismo,452,Serviços Urbanos,3005,Promoção da Sustentabilidade Ambiental,2705,Manutenção e Operação de Áreas Verdes e Vegetação Arbórea,0,Tesouro Municipal,4.041.725,4.276.321,4.471.943,4.753.547
66,Subprefeitura Aricanduva/Formosa/Carrão,10,Administração da Subprefeitura,15,Urbanismo,452,Serviços Urbanos,3006,Promoção dos Direitos da Pessoa com Deficiência,1169,Reforma e Acessibilidade em Passeios Públicos,0,Tesouro Municipal,1.000,1.000,1.000,1.000
66,Subprefeitura Aricanduva/Formosa/Carrão,10,Administração da Subprefeitura,15,Urbanismo,452,Serviços Urbanos,3022,Requalificação e Promoção da Ocupação dos Espaços Públicos,2339,Manutenção e Operação no Serviço de Guias e Sarjetas (Vias e Logradouros),0,Tesouro Municipal,5.045.345,5.337.947,5.582.145,5.933.676
66,Subprefeitura Aricanduva/Formosa/Carrão,10,Administração da Subprefeitura,15,Urbanismo,452,Serviços Urbanos,3022,Requalificação e Promoção da Ocupação dos Espaços Públicos,2340,Operação Tapa Buraco,0,Tesouro Municipal,1.000,1.000,1.000,1.000
66,Subprefeitura Aricanduva/Formosa/Carrão,10,Administração da Subprefeitura,15,Urbanismo,452,Serviços Urbanos,3022,Requalificação e Promoção da Ocupação dos Espaços Públicos,2341,Manutenção de Vias e Áreas Públicas,0,Tesouro Municipal,392.124,415.730,434.661,461.912
66,Subprefeitura Aricanduva/Formosa/Carrão,10,Administração da Subprefeitura,15,Urbanismo,452,Serviços Urbanos,3022,Requalificação e Promoção da Ocupação dos Espaços Públicos,2387,Ações de Fiscalização do Comércio Ilegal,0,Tesouro Municipal,1.000,1.000,1.000,1.000
66,Subprefeitura Aricanduva/Formosa/Carrão,10,Administração da Subprefeitura,17,Saneamento,512,Saneamento Básico Urbano,3008,Gestão dos Riscos e Promoção da Resiliência a Desastres e Eventos Críticos,2367,Manutenção de Sistemas de Drenagem,0,Tesouro Municipal,10.965.905,14.893.908,17.256.594,18.783.435
67,Subprefeitura Itaquera,10,Administração da Subprefeitura,4,Administração,122,Administração Geral,3011,"Modernização Tecnológica, Desburocratização e Inovação do Serviço Público",2403,Manutenção e Operação do Descomplica SP,0,Tesouro Municipal,1.000,1.000,1.000,1.000
67,Subprefeitura Itaquera,10,Administração da Subprefeitura,4,Administração,122,Administração Geral,3012,"Participação, Transparência e Controle Social da Administração Pública",2803,Manutenção e Operação dos Conselhos e Espaços Participativos Municipais,0,Tesouro Municipal,1.000,3.702,3.827,4.069
67,Subprefeitura Itaquera,10,Administração da Subprefeitura,4,Administração,126,Tecnologia da Informação,3011,"Modernização Tecnológica, Desburocratização e Inovação do Serviço Público",2818,"Aquisição de Materiais, Equipamentos e Serviços de Informação e Comunicação",0,Tesouro Municipal,532.130,569.422,588.640,625.715
67,Subprefeitura Itaquera,10,Administração da Subprefeitura,13,Cultura,392,Difusão Cultural,3001,Acesso à Cultura,6354,Programação de Atividades Culturais,0,Tesouro Municipal,3.500,3.745,14.329,15.232
67,Subprefeitura Itaquera,10,Administração da Subprefeitura,15,Urbanismo,122,Administração Geral,3024,Suporte Administrativo,2100,Administração da Unidade,0,Tesouro Municipal,21.433.389,22.797.800,23.491.703,24.849.951
67,Subprefeitura Itaquera,10,Administração da Subprefeitura,15,Urbanismo,451,Infra-Estrutura Urbana,3022,Requalificação e Promoção da Ocupação dos Espaços Públicos,1170,"Intervenção, Urbanização e Melhoria de Bairros - Plano de Obras das Subprefeituras",0,Tesouro Municipal,1.296.000,1.011,1.000,1.000
67,Subprefeitura Itaquera,10,Administração da Subprefeitura,15,Urbanismo,451,Infra-Estrutura Urbana,3022,Requalificação e Promoção da Ocupação dos Espaços Públicos,9031,Implantação de Galerias Pluviais na Comunidade da Paz,0,Tesouro Municipal,200.000,0,0,0
67,Subprefeitura Itaquera,10,Administração da Subprefeitura,15,Urbanismo,451,Infra-Estrutura Urbana,3022,Requalificação e Promoção da Ocupação dos Espaços Públicos,9036,Praça Carmem Vedagay,0,Tesouro Municipal,210.000,0,0,0
67,Subprefeitura Itaquera,10,Administração da Subprefeitura,15,Urbanismo,451,Infra-Estrutura Urbana,3024,Suporte Administrativo,2999,Manutenção de Prédios Administrativos,0,Tesouro Municipal,10.500,11.236,11.616,12.346
67,Subprefeitura Itaquera,10,Administração da Subprefeitura,15,Urbanismo,452,Serviços Urbanos,3005,Promoção da Sustentabilidade Ambiental,2705,Manutenção e Operação de Áreas Verdes e Vegetação Arbórea,0,Tesouro Municipal,6.959.854,4.625.753,4.781.865,5.133.053
67,Subprefeitura Itaquera,10,Administração da Subprefeitura,15,Urbanismo,452,Serviços Urbanos,3006,Promoção dos Direitos da Pessoa com Deficiência,1169,Reforma e Acessibilidade em Passeios Públicos,0,Tesouro Municipal,1.000,1.000,1.000,1.000
67,Subprefeitura Itaquera,10,Administração da Subprefeitura,15,Urbanismo,452,Serviços Urbanos,3022,Requalificação e Promoção da Ocupação dos Espaços Públicos,2339,Manutenção e Operação no Serviço de Guias e Sarjetas (Vias e Logradouros),0,Tesouro Municipal,3.937.169,3.131.739,3.400.449,3.603.034
67,Subprefeitura Itaquera,10,Administração da Subprefeitura,15,Urbanismo,452,Serviços Urbanos,3022,Requalificação e Promoção da Ocupação dos Espaços Públicos,2340,Operação Tapa Buraco,0,Tesouro Municipal,1.000,1.000,1.000,1.000
67,Subprefeitura Itaquera,10,Administração da Subprefeitura,15,Urbanismo,452,Serviços Urbanos,3022,Requalificação e Promoção da Ocupação dos Espaços Públicos,2341,Manutenção de Vias e Áreas Públicas,0,Tesouro Municipal,1.565.917,1.386.750,1.684.635,1.790.869
67,Subprefeitura Itaquera,10,Administração da Subprefeitura,15,Urbanismo,452,Serviços Urbanos,3022,Requalificação e Promoção da Ocupação dos Espaços Públicos,2387,Ações de Fiscalização do Comércio Ilegal,0,Tesouro Municipal,1.000,1.000,1.000,1.000
67,Subprefeitura Itaquera,10,Administração da Subprefeitura,15,Urbanismo,452,Serviços Urbanos,3022,Requalificação e Promoção da Ocupação dos Espaços Públicos,9001,Reforma e Readequação do Parque do Carmo,0,Tesouro Municipal,1.000.000,0,0,0
67,Subprefeitura Itaquera,10,Administração da Subprefeitura,15,Urbanismo,452,Serviços Urbanos,3022,Requalificação e Promoção da Ocupação dos Espaços Públicos,9002,Implantação de Semáforos entre as Ruas Morubixaba e Alziro Zarur no Parque Savoi City,0,Tesouro Municipal,300.000,0,0,0
67,Subprefeitura Itaquera,10,Administração da Subprefeitura,17,Saneamento,512,Saneamento Básico Urbano,3005,Promoção da Sustentabilidade Ambiental,9034,Esgoto e Drenagem para Comunidade Jardim da Glória,0,Tesouro Municipal,350.000,0,0,0
67,Subprefeitura Itaquera,10,Administração da Subprefeitura,17,Saneamento,512,Saneamento Básico Urbano,3008,Gestão dos Riscos e Promoção da Resiliência a Desastres e Eventos Críticos,2367,Manutenção de Sistemas de Drenagem,0,Tesouro Municipal,10.329.236,18.448.421,23.817.631,26.596.771
68,Subprefeitura de Guaianases,10,Administração da Subprefeitura,4,Administração,122,Administração Geral,3011,"Modernização Tecnológica, Desburocratização e Inovação do Serviço Público",2403,Manutenção e Operação do Descomplica SP,0,Tesouro Municipal,1.000,1.000,1.000,1.000
68,Subprefeitura de Guaianases,10,Administração da Subprefeitura,4,Administração,122,Administração Geral,3012,"Participação, Transparência e Controle Social da Administração Pública",2803,Manutenção e Operação dos Conselhos e Espaços Participativos Municipais,0,Tesouro Municipal,3.000,3.000,3.000,3.000
68,Subprefeitura de Guaianases,10,Administração da Subprefeitura,4,Administração,126,Tecnologia da Informação,3011,"Modernização Tecnológica, Desburocratização e Inovação do Serviço Público",2818,"Aquisição de Materiais, Equipamentos e Serviços de Informação e Comunicação",0,Tesouro Municipal,1.174.447,1.242.565,1.299.720,1.364.506
68,Subprefeitura de Guaianases,10,Administração da Subprefeitura,13,Cultura,392,Difusão Cultural,3001,Acesso à Cultura,6354,Programação de Atividades Culturais,0,Tesouro Municipal,1.000,1.000,1.000,1.000
68,Subprefeitura de Guaianases,10,Administração da Subprefeitura,15,Urbanismo,122,Administração Geral,3024,Suporte Administrativo,2100,Administração da Unidade,0,Tesouro Municipal,23.181.943,24.404.608,25.428.177,26.796.359
68,Subprefeitura de Guaianases,10,Administração da Subprefeitura,15,Urbanismo,451,Infra-Estrutura Urbana,3011,"Modernização Tecnológica, Desburocratização e Inovação do Serviço Público",3000,Aquisição e Construção de Prédios Administrativos,0,Tesouro Municipal,1.000,1.000,1.000,1.000
68,Subprefeitura de Guaianases,10,Administração da Subprefeitura,15,Urbanismo,451,Infra-Estrutura Urbana,3011,"Modernização Tecnológica, Desburocratização e Inovação do Serviço Público",3002,"Ampliação, Reforma e Requalificação de Prédios Administrativos",0,Tesouro Municipal,1.000,1.000,1.000,1.000
68,Subprefeitura de Guaianases,10,Administração da Subprefeitura,15,Urbanismo,451,Infra-Estrutura Urbana,3022,Requalificação e Promoção da Ocupação dos Espaços Públicos,1170,"Intervenção, Urbanização e Melhoria de Bairros - Plano de Obras das Subprefeituras",0,Tesouro Municipal,5.551.000,1.000,1.000,1.000
68,Subprefeitura de Guaianases,10,Administração da Subprefeitura,15,Urbanismo,451,Infra-Estrutura Urbana,3022,Requalificação e Promoção da Ocupação dos Espaços Públicos,9244,Implantação da Sede da Subprefeitura de Guaianases em Espaço Público Municipal,0,Tesouro Municipal,1.000.000,0,0,0
68,Subprefeitura de Guaianases,10,Administração da Subprefeitura,15,Urbanismo,451,Infra-Estrutura Urbana,3022,Requalificação e Promoção da Ocupação dos Espaços Públicos,9459,"E2344 - Revitalização do Campo 1º de Maio, Localizado na Rua João Otaviano Pereira, Nº 671-A, Jardim São Paulo, São Paulo - CEP 08461-400.",0,Tesouro Municipal,200.000,0,0,0
68,Subprefeitura de Guaianases,10,Administração da Subprefeitura,15,Urbanismo,451,Infra-Estrutura Urbana,3024,Suporte Administrativo,2999,Manutenção de Prédios Administrativos,0,Tesouro Municipal,1.000,1.000,1.000,1.000
68,Subprefeitura de Guaianases,10,Administração da Subprefeitura,15,Urbanismo,452,Serviços Urbanos,3005,Promoção da Sustentabilidade Ambiental,2705,Manutenção e Operação de Áreas Verdes e Vegetação Arbórea,0,Tesouro Municipal,4.280.382,4.511.523,4.719.053,5.049.687
68,Subprefeitura de Guaianases,10,Administração da Subprefeitura,15,Urbanismo,452,Serviços Urbanos,3006,Promoção dos Direitos da Pessoa com Deficiência,1169,Reforma e Acessibilidade em Passeios Públicos,0,Tesouro Municipal,1.000,1.000,1.000,1.000
68,Subprefeitura de Guaianases,10,Administração da Subprefeitura,15,Urbanismo,452,Serviços Urbanos,3022,Requalificação e Promoção da Ocupação dos Espaços Públicos,2339,Manutenção e Operação no Serviço de Guias e Sarjetas (Vias e Logradouros),0,Tesouro Municipal,2.686.536,2.843.430,2.974.227,3.167.552
68,Subprefeitura de Guaianases,10,Administração da Subprefeitura,15,Urbanismo,452,Serviços Urbanos,3022,Requalificação e Promoção da Ocupação dos Espaços Públicos,2340,Operação Tapa Buraco,0,Tesouro Municipal,1.000,1.000,1.000,1.000
68,Subprefeitura de Guaianases,10,Administração da Subprefeitura,15,Urbanismo,452,Serviços Urbanos,3022,Requalificação e Promoção da Ocupação dos Espaços Públicos,2341,Manutenção de Vias e Áreas Públicas,0,Tesouro Municipal,3.455.465,3.658.797,3.819.102,4.071.699
68,Subprefeitura de Guaianases,10,Administração da Subprefeitura,17,Saneamento,512,Saneamento Básico Urbano,3008,Gestão dos Riscos e Promoção da Resiliência a Desastres e Eventos Críticos,2367,Manutenção de Sistemas de Drenagem,0,Tesouro Municipal,8.619.529,16.335.922,20.761.938,23.097.134
69,Subprefeitura de Vila Prudente,10,Administração da Subprefeitura,4,Administração,122,Administração Geral,3011,"Modernização Tecnológica, Desburocratização e Inovação do Serviço Público",2403,Manutenção e Operação do Descomplica SP,0,Tesouro Municipal,1.000,1.000,1.000,1.000
69,Subprefeitura de Vila Prudente,10,Administração da Subprefeitura,4,Administração,122,Administração Geral,3012,"Participação, Transparência e Controle Social da Administração Pública",2803,Manutenção e Operação dos Conselhos e Espaços Participativos Municipais,0,Tesouro Municipal,4.200,4.390,4.400,4.500
69,Subprefeitura de Vila Prudente,10,Administração da Subprefeitura,4,Administração,126,Tecnologia da Informação,3011,"Modernização Tecnológica, Desburocratização e Inovação do Serviço Público",2818,"Aquisição de Materiais, Equipamentos e Serviços de Informação e Comunicação",0,Tesouro Municipal,413.825,430.775,434.174,457.619
69,Subprefeitura de Vila Prudente,10,Administração da Subprefeitura,13,Cultura,392,Difusão Cultural,3001,Acesso à Cultura,6354,Programação de Atividades Culturais,0,Tesouro Municipal,1.000,1.000,1.000,1.000
69,Subprefeitura de Vila Prudente,10,Administração da Subprefeitura,15,Urbanismo,122,Administração Geral,3024,Suporte Administrativo,2100,Administração da Unidade,0,Tesouro Municipal,13.725.942,14.465.242,14.488.648,14.788.967
69,Subprefeitura de Vila Prudente,10,Administração da Subprefeitura,15,Urbanismo,451,Infra-Estrutura Urbana,3011,"Modernização Tecnológica, Desburocratização e Inovação do Serviço Público",3002,"Ampliação, Reforma e Requalificação de Prédios Administrativos",0,Tesouro Municipal,1.000,1.000,1.000,1.000
69,Subprefeitura de Vila Prudente,10,Administração da Subprefeitura,15,Urbanismo,451,Infra-Estrutura Urbana,3022,Requalificação e Promoção da Ocupação dos Espaços Públicos,1170,"Intervenção, Urbanização e Melhoria de Bairros - Plano de Obras das Subprefeituras",0,Tesouro Municipal,2.251.000,2.041,2.000,2.000
69,Subprefeitura de Vila Prudente,10,Administração da Subprefeitura,15,Urbanismo,451,Infra-Estrutura Urbana,3022,Requalificação e Promoção da Ocupação dos Espaços Públicos,9428,"E2152 - Melhorias de Bairro, Serviços de Zeladoria, Manutenção e Reforma de Espaços e Áreas Públicas, Serviços Urbanos e Saneamento na Região da Subprefeitura de Vila Prudente.",0,Tesouro Municipal,3.500.000,0,0,0
69,Subprefeitura de Vila Prudente,10,Administração da Subprefeitura,15,Urbanismo,451,Infra-Estrutura Urbana,3022,Requalificação e Promoção da Ocupação dos Espaços Públicos,9433,"E110 - Obras e Intervenção do Bairros, Pela Subprefeituras de Vila Prudente, Atendendo aos Munícipes desta Região.",0,Tesouro Municipal,1.000.000,0,0,0
69,Subprefeitura de Vila Prudente,10,Administração da Subprefeitura,15,Urbanismo,451,Infra-Estrutura Urbana,3022,Requalificação e Promoção da Ocupação dos Espaços Públicos,9457,E2340 - Revitalização da Praça Belchior de Borba - Vila Alpina,0,Tesouro Municipal,100.000,0,0,0
69,Subprefeitura de Vila Prudente,10,Administração da Subprefeitura,15,Urbanismo,451,Infra-Estrutura Urbana,3022,Requalificação e Promoção da Ocupação dos Espaços Públicos,9458,"E2341 - Revitalização da Praça Inominada no Jardim Independência, Localizada entre as Ruas Artia, CEP 03223-120 e Secundino Domingues, CEP 03223-110.",0,Tesouro Municipal,100.000,0,0,0
69,Subprefeitura de Vila Prudente,10,Administração da Subprefeitura,15,Urbanismo,451,Infra-Estrutura Urbana,3024,Suporte Administrativo,2999,Manutenção de Prédios Administrativos,0,Tesouro Municipal,1.000,1.000,1.000,1.000
69,Subprefeitura de Vila Prudente,10,Administração da Subprefeitura,15,Urbanismo,452,Serviços Urbanos,3005,Promoção da Sustentabilidade Ambiental,2705,Manutenção e Operação de Áreas Verdes e Vegetação Arbórea,0,Tesouro Municipal,4.000.000,4.512.666,4.663.100,4.919.570
69,Subprefeitura de Vila Prudente,10,Administração da Subprefeitura,15,Urbanismo,452,Serviços Urbanos,3006,Promoção dos Direitos da Pessoa com Deficiência,1169,Reforma e Acessibilidade em Passeios Públicos,0,Tesouro Municipal,1.000,1.000,1.000,1.000
69,Subprefeitura de Vila Prudente,10,Administração da Subprefeitura,15,Urbanismo,452,Serviços Urbanos,3022,Requalificação e Promoção da Ocupação dos Espaços Públicos,2339,Manutenção e Operação no Serviço de Guias e Sarjetas (Vias e Logradouros),0,Tesouro Municipal,3.571.550,3.843.336,3.967.692,4.181.947
69,Subprefeitura de Vila Prudente,10,Administração da Subprefeitura,15,Urbanismo,452,Serviços Urbanos,3022,Requalificação e Promoção da Ocupação dos Espaços Públicos,2340,Operação Tapa Buraco,0,Tesouro Municipal,1.000,1.000,1.000,1.000
69,Subprefeitura de Vila Prudente,10,Administração da Subprefeitura,15,Urbanismo,452,Serviços Urbanos,3022,Requalificação e Promoção da Ocupação dos Espaços Públicos,2341,Manutenção de Vias e Áreas Públicas,0,Tesouro Municipal,2.000,2.041,2.000,2.000
69,Subprefeitura de Vila Prudente,10,Administração da Subprefeitura,15,Urbanismo,452,Serviços Urbanos,3022,Requalificação e Promoção da Ocupação dos Espaços Públicos,2387,Ações de Fiscalização do Comércio Ilegal,0,Tesouro Municipal,1.000,1.000,1.000,1.000
69,Subprefeitura de Vila Prudente,10,Administração da Subprefeitura,17,Saneamento,512,Saneamento Básico Urbano,3008,Gestão dos Riscos e Promoção da Resiliência a Desastres e Eventos Críticos,2367,Manutenção de Sistemas de Drenagem,0,Tesouro Municipal,6.592.874,10.883.277,13.328.120,15.249.749
70,Subprefeitura São Mateus,10,Administração da Subprefeitura,4,Administração,122,Administração Geral,3011,"Modernização Tecnológica, Desburocratização e Inovação do Serviço Público",2403,Manutenção e Operação do Descomplica SP,0,Tesouro Municipal,1.000,1.000,1.000,1.000
70,Subprefeitura São Mateus,10,Administração da Subprefeitura,4,Administração,122,Administração Geral,3012,"Participação, Transparência e Controle Social da Administração Pública",2803,Manutenção e Operação dos Conselhos e Espaços Participativos Municipais,0,Tesouro Municipal,9.000,9.585,10.209,10.872
70,Subprefeitura São Mateus,10,Administração da Subprefeitura,4,Administração,126,Tecnologia da Informação,3011,"Modernização Tecnológica, Desburocratização e Inovação do Serviço Público",2818,"Aquisição de Materiais, Equipamentos e Serviços de Informação e Comunicação",0,Tesouro Municipal,370.000,394.050,419.664,446.942
70,Subprefeitura São Mateus,10,Administração da Subprefeitura,13,Cultura,392,Difusão Cultural,3001,Acesso à Cultura,6354,Programação de Atividades Culturais,0,Tesouro Municipal,20.000,21.300,22.684,24.158
70,Subprefeitura São Mateus,10,Administração da Subprefeitura,15,Urbanismo,122,Administração Geral,3024,Suporte Administrativo,2100,Administração da Unidade,0,Tesouro Municipal,20.817.316,22.061.069,23.385.665,24.796.358
70,Subprefeitura São Mateus,10,Administração da Subprefeitura,15,Urbanismo,451,Infra-Estrutura Urbana,3011,"Modernização Tecnológica, Desburocratização e Inovação do Serviço Público",3000,Aquisição e Construção de Prédios Administrativos,0,Tesouro Municipal,1.000,1.000,1.000,1.000
70,Subprefeitura São Mateus,10,Administração da Subprefeitura,15,Urbanismo,451,Infra-Estrutura Urbana,3011,"Modernização Tecnológica, Desburocratização e Inovação do Serviço Público",3002,"Ampliação, Reforma e Requalificação de Prédios Administrativos",0,Tesouro Municipal,1.000,1.000,1.000,1.000
70,Subprefeitura São Mateus,10,Administração da Subprefeitura,15,Urbanismo,451,Infra-Estrutura Urbana,3022,Requalificação e Promoção da Ocupação dos Espaços Públicos,1170,"Intervenção, Urbanização e Melhoria de Bairros - Plano de Obras das Subprefeituras",0,Tesouro Municipal,2.251.000,1.000,1.000,1.000
70,Subprefeitura São Mateus,10,Administração da Subprefeitura,15,Urbanismo,451,Infra-Estrutura Urbana,3022,Requalificação e Promoção da Ocupação dos Espaços Públicos,9426,"E1020 - Revitalização e Aquisição de Equipamentos na Praça não Denominada na Altura do Nº 132 da Travessa Malva Pavão, em São Raphael.",0,Tesouro Municipal,40.000,0,0,0
70,Subprefeitura São Mateus,10,Administração da Subprefeitura,15,Urbanismo,451,Infra-Estrutura Urbana,3022,Requalificação e Promoção da Ocupação dos Espaços Públicos,9451,"E621 - Reforma da Quadra da Praça Gilberto Reis Possani, Parque São Rafael",0,Tesouro Municipal,300.000,0,0,0
70,Subprefeitura São Mateus,10,Administração da Subprefeitura,15,Urbanismo,451,Infra-Estrutura Urbana,3024,Suporte Administrativo,2999,Manutenção de Prédios Administrativos,0,Tesouro Municipal,80.000,85.200,90.738,96.636
70,Subprefeitura São Mateus,10,Administração da Subprefeitura,15,Urbanismo,452,Serviços Urbanos,3005,Promoção da Sustentabilidade Ambiental,2705,Manutenção e Operação de Áreas Verdes e Vegetação Arbórea,0,Tesouro Municipal,7.012.368,7.468.172,7.953.300,8.470.264
70,Subprefeitura São Mateus,10,Administração da Subprefeitura,15,Urbanismo,452,Serviços Urbanos,3006,Promoção dos Direitos da Pessoa com Deficiência,1169,Reforma e Acessibilidade em Passeios Públicos,0,Tesouro Municipal,1.000,1.000,1.000,1.000
70,Subprefeitura São Mateus,10,Administração da Subprefeitura,15,Urbanismo,452,Serviços Urbanos,3022,Requalificação e Promoção da Ocupação dos Espaços Públicos,2339,Manutenção e Operação no Serviço de Guias e Sarjetas (Vias e Logradouros),0,Tesouro Municipal,2.663.619,2.836.554,3.021.143,3.217.518
70,Subprefeitura São Mateus,10,Administração da Subprefeitura,15,Urbanismo,452,Serviços Urbanos,3022,Requalificação e Promoção da Ocupação dos Espaços Públicos,2340,Operação Tapa Buraco,0,Tesouro Municipal,1.000,1.000,1.000,1.000
70,Subprefeitura São Mateus,10,Administração da Subprefeitura,15,Urbanismo,452,Serviços Urbanos,3022,Requalificação e Promoção da Ocupação dos Espaços Públicos,2341,Manutenção de Vias e Áreas Públicas,0,Tesouro Municipal,5.558.340,5.919.432,6.304.345,6.714.194
70,Subprefeitura São Mateus,10,Administração da Subprefeitura,15,Urbanismo,452,Serviços Urbanos,3022,Requalificação e Promoção da Ocupação dos Espaços Públicos,2387,Ações de Fiscalização do Comércio Ilegal,0,Tesouro Municipal,1.000,1.000,1.000,1.000
70,Subprefeitura São Mateus,10,Administração da Subprefeitura,15,Urbanismo,452,Serviços Urbanos,3022,Requalificação e Promoção da Ocupação dos Espaços Públicos,9003,Urbanização da Comunidade do Pinheirinho,0,Tesouro Municipal,1.000.000,0,0,0
70,Subprefeitura São Mateus,10,Administração da Subprefeitura,17,Saneamento,512,Saneamento Básico Urbano,3008,Gestão dos Riscos e Promoção da Resiliência a Desastres e Eventos Críticos,2367,Manutenção de Sistemas de Drenagem,0,Tesouro Municipal,14.556.170,25.230.319,30.908.074,34.146.045
71,Subprefeitura Cidade Tiradentes,10,Administração da Subprefeitura,4,Administração,122,Administração Geral,3011,"Modernização Tecnológica, Desburocratização e Inovação do Serviço Público",2403,Manutenção e Operação do Descomplica SP,0,Tesouro Municipal,1.000,1.000,1.000,1.000
71,Subprefeitura Cidade Tiradentes,10,Administração da Subprefeitura,4,Administração,122,Administração Geral,3012,"Participação, Transparência e Controle Social da Administração Pública",2803,Manutenção e Operação dos Conselhos e Espaços Participativos Municipais,0,Tesouro Municipal,2.000,2.038,2.000,2.000
71,Subprefeitura Cidade Tiradentes,10,Administração da Subprefeitura,4,Administração,126,Tecnologia da Informação,3011,"Modernização Tecnológica, Desburocratização e Inovação do Serviço Público",2818,"Aquisição de Materiais, Equipamentos e Serviços de Informação e Comunicação",0,Tesouro Municipal,208.604,224.888,230.651,245.116
71,Subprefeitura Cidade Tiradentes,10,Administração da Subprefeitura,13,Cultura,392,Difusão Cultural,3001,Acesso à Cultura,6354,Programação de Atividades Culturais,0,Tesouro Municipal,1.000,1.000,1.000,1.000
71,Subprefeitura Cidade Tiradentes,10,Administração da Subprefeitura,15,Urbanismo,122,Administração Geral,3024,Suporte Administrativo,2100,Administração da Unidade,0,Tesouro Municipal,14.011.350,14.985.556,15.331.781,16.198.097
71,Subprefeitura Cidade Tiradentes,10,Administração da Subprefeitura,15,Urbanismo,451,Infra-Estrutura Urbana,3011,"Modernização Tecnológica, Desburocratização e Inovação do Serviço Público",3000,Aquisição e Construção de Prédios Administrativos,0,Tesouro Municipal,1.000,1.000,1.000,1.000
71,Subprefeitura Cidade Tiradentes,10,Administração da Subprefeitura,15,Urbanismo,451,Infra-Estrutura Urbana,3011,"Modernização Tecnológica, Desburocratização e Inovação do Serviço Público",3002,"Ampliação, Reforma e Requalificação de Prédios Administrativos",0,Tesouro Municipal,1.000,1.000,1.000,1.000
71,Subprefeitura Cidade Tiradentes,10,Administração da Subprefeitura,15,Urbanismo,451,Infra-Estrutura Urbana,3022,Requalificação e Promoção da Ocupação dos Espaços Públicos,1170,"Intervenção, Urbanização e Melhoria de Bairros - Plano de Obras das Subprefeituras",0,Tesouro Municipal,2.751.000,1.019,1.000,1.000
71,Subprefeitura Cidade Tiradentes,10,Administração da Subprefeitura,15,Urbanismo,451,Infra-Estrutura Urbana,3022,Requalificação e Promoção da Ocupação dos Espaços Públicos,9434,"E111 - Obras e Intervenção do Bairros, Pela Subprefeituras de Cidade Tiradentes,Atendendo aos Munícipes desta Região.",0,Tesouro Municipal,1.000.000,0,0,0
71,Subprefeitura Cidade Tiradentes,10,Administração da Subprefeitura,15,Urbanismo,451,Infra-Estrutura Urbana,3024,Suporte Administrativo,2999,Manutenção de Prédios Administrativos,0,Tesouro Municipal,1.000,1.000,1.000,1.000
71,Subprefeitura Cidade Tiradentes,10,Administração da Subprefeitura,15,Urbanismo,452,Serviços Urbanos,3005,Promoção da Sustentabilidade Ambiental,2705,Manutenção e Operação de Áreas Verdes e Vegetação Arbórea,0,Tesouro Municipal,3.966.897,4.277.684,4.388.169,4.664.560
71,Subprefeitura Cidade Tiradentes,10,Administração da Subprefeitura,15,Urbanismo,452,Serviços Urbanos,3006,Promoção dos Direitos da Pessoa com Deficiência,1169,Reforma e Acessibilidade em Passeios Públicos,0,Tesouro Municipal,1.000,1.000,1.000,1.000
71,Subprefeitura Cidade Tiradentes,10,Administração da Subprefeitura,15,Urbanismo,452,Serviços Urbanos,3022,Requalificação e Promoção da Ocupação dos Espaços Públicos,2339,Manutenção e Operação no Serviço de Guias e Sarjetas (Vias e Logradouros),0,Tesouro Municipal,2.891.611,3.118.154,3.198.691,3.400.162
71,Subprefeitura Cidade Tiradentes,10,Administração da Subprefeitura,15,Urbanismo,452,Serviços Urbanos,3022,Requalificação e Promoção da Ocupação dos Espaços Públicos,2340,Operação Tapa Buraco,0,Tesouro Municipal,1.000,1.000,1.000,1.000
71,Subprefeitura Cidade Tiradentes,10,Administração da Subprefeitura,15,Urbanismo,452,Serviços Urbanos,3022,Requalificação e Promoção da Ocupação dos Espaços Públicos,2341,Manutenção de Vias e Áreas Públicas,0,Tesouro Municipal,1.589.022,1.713.514,1.757.771,1.868.485
71,Subprefeitura Cidade Tiradentes,10,Administração da Subprefeitura,15,Urbanismo,452,Serviços Urbanos,3022,Requalificação e Promoção da Ocupação dos Espaços Públicos,2387,Ações de Fiscalização do Comércio Ilegal,0,Tesouro Municipal,1.000,1.000,1.000,1.000
71,Subprefeitura Cidade Tiradentes,10,Administração da Subprefeitura,15,Urbanismo,452,Serviços Urbanos,3022,Requalificação e Promoção da Ocupação dos Espaços Públicos,9000,Urbanização e Execução de Ponde de Veículos e Pedestres para Acesso à Comunidade Vaquejada,0,Tesouro Municipal,1.400.000,0,0,0
71,Subprefeitura Cidade Tiradentes,10,Administração da Subprefeitura,17,Saneamento,512,Saneamento Básico Urbano,3008,Gestão dos Riscos e Promoção da Resiliência a Desastres e Eventos Críticos,2367,Manutenção de Sistemas de Drenagem,0,Tesouro Municipal,5.857.199,12.085.197,15.453.362,17.195.135
72,Subprefeitura Sapopemba,10,Administração da Subprefeitura,4,Administração,122,Administração Geral,3011,"Modernização Tecnológica, Desburocratização e Inovação do Serviço Público",2403,Manutenção e Operação do Descomplica SP,0,Tesouro Municipal,1.000,1.000,1.000,1.000
72,Subprefeitura Sapopemba,10,Administração da Subprefeitura,4,Administração,122,Administração Geral,3012,"Participação, Transparência e Controle Social da Administração Pública",2803,Manutenção e Operação dos Conselhos e Espaços Participativos Municipais,0,Tesouro Municipal,3.000,3.032,3.000,3.000
72,Subprefeitura Sapopemba,10,Administração da Subprefeitura,4,Administração,126,Tecnologia da Informação,3011,"Modernização Tecnológica, Desburocratização e Inovação do Serviço Público",2818,"Aquisição de Materiais, Equipamentos e Serviços de Informação e Comunicação",0,Tesouro Municipal,83.195,85.302,85.000,90.000
72,Subprefeitura Sapopemba,10,Administração da Subprefeitura,13,Cultura,392,Difusão Cultural,3001,Acesso à Cultura,6354,Programação de Atividades Culturais,0,Tesouro Municipal,1.000,1.000,1.000,1.000
72,Subprefeitura Sapopemba,10,Administração da Subprefeitura,15,Urbanismo,122,Administração Geral,3024,Suporte Administrativo,2100,Administração da Unidade,0,Tesouro Municipal,11.532.038,11.722.664,11.910.399,12.165.202
72,Subprefeitura Sapopemba,10,Administração da Subprefeitura,15,Urbanismo,451,Infra-Estrutura Urbana,3011,"Modernização Tecnológica, Desburocratização e Inovação do Serviço Público",3000,Aquisição e Construção de Prédios Administrativos,0,Tesouro Municipal,1.000,1.000,1.000,1.000
72,Subprefeitura Sapopemba,10,Administração da Subprefeitura,15,Urbanismo,451,Infra-Estrutura Urbana,3011,"Modernização Tecnológica, Desburocratização e Inovação do Serviço Público",3002,"Ampliação, Reforma e Requalificação de Prédios Administrativos",0,Tesouro Municipal,1.000,1.000,1.000,1.000
72,Subprefeitura Sapopemba,10,Administração da Subprefeitura,15,Urbanismo,451,Infra-Estrutura Urbana,3022,Requalificação e Promoção da Ocupação dos Espaços Públicos,1170,"Intervenção, Urbanização e Melhoria de Bairros - Plano de Obras das Subprefeituras",0,Tesouro Municipal,5.352.000,1.010,1.000,1.000
72,Subprefeitura Sapopemba,10,Administração da Subprefeitura,15,Urbanismo,451,Infra-Estrutura Urbana,3022,Requalificação e Promoção da Ocupação dos Espaços Públicos,9430,"E2157 - Melhorias de Bairro, Serviços de Zeladoria, Manutenção e Reforma de Espaços e Áreas Públicas, Serviços Urbanos e Saneamento na Região da Subprefeitura de Sapopemba.",0,Tesouro Municipal,1.000.000,0,0,0
72,Subprefeitura Sapopemba,10,Administração da Subprefeitura,15,Urbanismo,451,Infra-Estrutura Urbana,3022,Requalificação e Promoção da Ocupação dos Espaços Públicos,9432,"E109 - Obras e Intervenção do Bairros, Pela Subprefeituras de Sapopemba, Atendendo aos Munícipes desta Região.",0,Tesouro Municipal,1.000.000,0,0,0
72,Subprefeitura Sapopemba,10,Administração da Subprefeitura,15,Urbanismo,451,Infra-Estrutura Urbana,3022,Requalificação e Promoção da Ocupação dos Espaços Públicos,9447,"E612 - Instalação de Playground no Parque Linear Ribeirão do Oratório - Localizado na Rua Plínio Dionísio de Freitas, 280 - Jardim Sapopemba, São Paulo - SP, CEP 03978-780.",0,Tesouro Municipal,60.000,0,0,0
72,Subprefeitura Sapopemba,10,Administração da Subprefeitura,15,Urbanismo,451,Infra-Estrutura Urbana,3022,Requalificação e Promoção da Ocupação dos Espaços Públicos,9460,"E2345 - Subprefeitura de Sapopemba, Localizada na Avenida Sapopemba, Nº 9064, Parque Luis Mucciolo, São Paulo - CEP 03372-080.",0,Tesouro Municipal,200.000,0,0,0
72,Subprefeitura Sapopemba,10,Administração da Subprefeitura,15,Urbanismo,451,Infra-Estrutura Urbana,3024,Suporte Administrativo,2999,Manutenção de Prédios Administrativos,0,Tesouro Municipal,1.000,1.000,1.000,1.000
72,Subprefeitura Sapopemba,10,Administração da Subprefeitura,15,Urbanismo,452,Serviços Urbanos,3005,Promoção da Sustentabilidade Ambiental,2705,Manutenção e Operação de Áreas Verdes e Vegetação Arbórea,0,Tesouro Municipal,8.820.185,5.814.319,6.281.378,6.845.654
72,Subprefeitura Sapopemba,10,Administração da Subprefeitura,15,Urbanismo,452,Serviços Urbanos,3006,Promoção dos Direitos da Pessoa com Deficiência,1169,Reforma e Acessibilidade em Passeios Públicos,0,Tesouro Municipal,2.000,1.000,1.000,1.000
72,Subprefeitura Sapopemba,10,Administração da Subprefeitura,15,Urbanismo,452,Serviços Urbanos,3022,Requalificação e Promoção da Ocupação dos Espaços Públicos,2339,Manutenção e Operação no Serviço de Guias e Sarjetas (Vias e Logradouros),0,Tesouro Municipal,4.554.156,2.127.608,2.187.078,2.386.995
72,Subprefeitura Sapopemba,10,Administração da Subprefeitura,15,Urbanismo,452,Serviços Urbanos,3022,Requalificação e Promoção da Ocupação dos Espaços Públicos,2340,Operação Tapa Buraco,0,Tesouro Municipal,1.000,1.000,1.000,1.000
72,Subprefeitura Sapopemba,10,Administração da Subprefeitura,15,Urbanismo,452,Serviços Urbanos,3022,Requalificação e Promoção da Ocupação dos Espaços Públicos,2341,Manutenção de Vias e Áreas Públicas,0,Tesouro Municipal,2.452.503,1.488.944,1.514.872,1.717.302
72,Subprefeitura Sapopemba,10,Administração da Subprefeitura,15,Urbanismo,452,Serviços Urbanos,3022,Requalificação e Promoção da Ocupação dos Espaços Públicos,2387,Ações de Fiscalização do Comércio Ilegal,0,Tesouro Municipal,1.000,1.000,1.000,1.000
72,Subprefeitura Sapopemba,10,Administração da Subprefeitura,17,Saneamento,512,Saneamento Básico Urbano,3008,Gestão dos Riscos e Promoção da Resiliência a Desastres e Eventos Críticos,2367,Manutenção de Sistemas de Drenagem,0,Tesouro Municipal,10.818.018,13.965.521,18.159.428,20.345.529
73,Secretaria Municipal de Relações Internacionais,10,Gabinete do Secretário,4,Administração,122,Administração Geral,3024,Suporte Administrativo,2100,Administração da Unidade,0,Tesouro Municipal,6.753.492,4.640.725,4.695.752,4.774.965
73,Secretaria Municipal de Relações Internacionais,10,Gabinete do Secretário,4,Administração,126,Tecnologia da Informação,3011,"Modernização Tecnológica, Desburocratização e Inovação do Serviço Público",2818,"Aquisição de Materiais, Equipamentos e Serviços de Informação e Comunicação",0,Tesouro Municipal,121.213,91.648,92.990,94.921
73,Secretaria Municipal de Relações Internacionais,10,Gabinete do Secretário,4,Administração,126,Tecnologia da Informação,3024,Suporte Administrativo,2171,Manutenção e Operação de Sistemas de Informação e Comunicação,0,Tesouro Municipal,571.485,432.098,438.423,447.527
73,Secretaria Municipal de Relações Internacionais,10,Gabinete do Secretário,7,Relações Exteriores,212,Cooperação Internacional,3015,Promoção da Cidade como Referência Global e Destino Turístico,4910,"Fomento à Cooperação, Parcerias e Captação de Investimentos Internacionais",0,Tesouro Municipal,18.227.662,21.342.858,21.655.244,22.104.935
73,Secretaria Municipal de Relações Internacionais,10,Gabinete do Secretário,7,Relações Exteriores,212,Cooperação Internacional,3015,Promoção da Cidade como Referência Global e Destino Turístico,6695,Ações de Cooperação para o Desenvolvimento Sustentável,0,Tesouro Municipal,5.000.000,3.780.485,3.835.818,3.915.473
75,Fundo Municipal de Parques,10,Fundo Municipal de Parques,18,Gestão Ambiental,541,Preservação e Conservação Ambiental,3005,Promoção da Sustentabilidade Ambiental,1702,Construção e Implantação de Parques Urbanos e Lineares,8,Tesouro Municipal - Recursos Vinculados,1.000,1.000,1.000,1.000
75,Fundo Municipal de Parques,10,Fundo Municipal de Parques,18,Gestão Ambiental,541,Preservação e Conservação Ambiental,3005,Promoção da Sustentabilidade Ambiental,1703,"Ampliação, Reforma e Requalificação de Parques Urbanos e Lineares",8,Tesouro Municipal - Recursos Vinculados,1.000,1.000,1.000,1.000
75,Fundo Municipal de Parques,10,Fundo Municipal de Parques,18,Gestão Ambiental,541,Preservação e Conservação Ambiental,3005,Promoção da Sustentabilidade Ambiental,1704,Construção e Implantação de Unidades de Conservação,8,Tesouro Municipal - Recursos Vinculados,1.000,1.000,1.000,1.000
75,Fundo Municipal de Parques,10,Fundo Municipal de Parques,18,Gestão Ambiental,541,Preservação e Conservação Ambiental,3005,Promoção da Sustentabilidade Ambiental,1705,"Ampliação, Reforma e Requalificação de Unidades de Conservação",8,Tesouro Municipal - Recursos Vinculados,1.000,1.000,1.000,1.000
76,Fundo Especial de Despesas da Câmara Municipal de São Paulo,10,Fundo Especial de Despesas da Câmara Municipal,1,Legislativa,31,Ação Legislativa,3011,"Modernização Tecnológica, Desburocratização e Inovação do Serviço Público",2818,"Aquisição de Materiais, Equipamentos e Serviços de Informação e Comunicação",8,Tesouro Municipal - Recursos Vinculados,780.512,832.226,916.641,1.013.235
76,Fundo Especial de Despesas da Câmara Municipal de São Paulo,10,Fundo Especial de Despesas da Câmara Municipal,1,Legislativa,31,Ação Legislativa,3014,Processo Legislativo e Controle Externo,2008,Expansão e Aperfeiçoamento das Atividades da CMSP,8,Tesouro Municipal - Recursos Vinculados,813.748,946.724,851.419,775.495
76,Fundo Especial de Despesas da Câmara Municipal de São Paulo,10,Fundo Especial de Despesas da Câmara Municipal,1,Legislativa,31,Ação Legislativa,3014,Processo Legislativo e Controle Externo,2011,Escola do Parlamento,8,Tesouro Municipal - Recursos Vinculados,932.000,932.000,965.000,965.000
77,Fundo Especial de Despesas do Tribunal de Contas,10,Fundo Especial de Despesas do Tribunal de Contas,1,Legislativa,32,Controle Externo,3011,"Modernização Tecnológica, Desburocratização e Inovação do Serviço Público",2818,"Aquisição de Materiais, Equipamentos e Serviços de Informação e Comunicação",8,Tesouro Municipal - Recursos Vinculados,1.293.651,310.869,330.001,355.777
77,Fundo Especial de Despesas do Tribunal de Contas,10,Fundo Especial de Despesas do Tribunal de Contas,1,Legislativa,32,Controle Externo,3014,Processo Legislativo e Controle Externo,2009,Expansão e Aperfeiçoamento das Atividades do TCM,8,Tesouro Municipal - Recursos Vinculados,1.343.877,1.395.170,1.440.594,1.483.887
77,Fundo Especial de Despesas do Tribunal de Contas,10,Fundo Especial de Despesas do Tribunal de Contas,1,Legislativa,32,Controle Externo,3014,Processo Legislativo e Controle Externo,2009,Expansão e Aperfeiçoamento das Atividades do TCM,10,Alienação de Bens/Ativos,2.496,2.500,2.500,2.500
80,Fundação Paulistana de Educação Tecnologia e Cultura,10,Fundação Paulistana de Educação Tecnologia e Cultura,12,Educação,122,Administração Geral,3024,Suporte Administrativo,2100,Administração da Unidade,0,Tesouro Municipal,2.634.661,2.785.708,2.913.171,3.096.659
80,Fundação Paulistana de Educação Tecnologia e Cultura,10,Fundação Paulistana de Educação Tecnologia e Cultura,12,Educação,122,Administração Geral,3024,Suporte Administrativo,2171,Manutenção e Operação de Sistemas de Informação e Comunicação,0,Tesouro Municipal,367.771,388.856,406.648,432.261
80,Fundação Paulistana de Educação Tecnologia e Cultura,10,Fundação Paulistana de Educação Tecnologia e Cultura,12,Educação,126,Tecnologia da Informação,3011,"Modernização Tecnológica, Desburocratização e Inovação do Serviço Público",1220,Desenvolvimento de Sistemas de Informação e Comunicação,0,Tesouro Municipal,1.000,1.000,1.000,1.000
80,Fundação Paulistana de Educação Tecnologia e Cultura,10,Fundação Paulistana de Educação Tecnologia e Cultura,12,Educação,126,Tecnologia da Informação,3011,"Modernização Tecnológica, Desburocratização e Inovação do Serviço Público",2818,"Aquisição de Materiais, Equipamentos e Serviços de Informação e Comunicação",0,Tesouro Municipal,445.121,470.640,492.175,523.175
80,Fundação Paulistana de Educação Tecnologia e Cultura,10,Fundação Paulistana de Educação Tecnologia e Cultura,12,Educação,128,Formação de Recursos Humanos,3011,"Modernização Tecnológica, Desburocratização e Inovação do Serviço Público",2180,"Capacitação, Formação e Aperfeiçoamento de Servidores",0,Tesouro Municipal,1.000,1.000,1.000,1.000
80,Fundação Paulistana de Educação Tecnologia e Cultura,10,Fundação Paulistana de Educação Tecnologia e Cultura,12,Educação,363,Ensino Profissional,3019,Promoção do Crescimento Econômico e Geração de Postos de Trabalho e Oportunidades,2416,Qualificação Profissional e Empreendedora,0,Tesouro Municipal,4.094.891,4.330.911,4.529.188,4.814.747
80,Fundação Paulistana de Educação Tecnologia e Cultura,10,Fundação Paulistana de Educação Tecnologia e Cultura,12,Educação,363,Ensino Profissional,3019,Promoção do Crescimento Econômico e Geração de Postos de Trabalho e Oportunidades,2881,Operação e Manutenção de Unidade da Fundação Paulistana - FPETC,0,Tesouro Municipal,14.488.772,15.319.424,16.020.382,17.029.433
80,Fundação Paulistana de Educação Tecnologia e Cultura,10,Fundação Paulistana de Educação Tecnologia e Cultura,12,Educação,363,Ensino Profissional,3019,Promoção do Crescimento Econômico e Geração de Postos de Trabalho e Oportunidades,2881,Operação e Manutenção de Unidade da Fundação Paulistana - FPETC,2,Transferências Federais,5.000,0,0,0
80,Fundação Paulistana de Educação Tecnologia e Cultura,10,Fundação Paulistana de Educação Tecnologia e Cultura,12,Educação,363,Ensino Profissional,3019,Promoção do Crescimento Econômico e Geração de Postos de Trabalho e Oportunidades,2881,Operação e Manutenção de Unidade da Fundação Paulistana - FPETC,6,Recursos Próprios da Administração Indireta,8.700,9.000,9.300,9.600
81,Autoridade Municipal de Limpeza Urbana/Fundo Municipal Limpeza Urbana,10,Autoridade Municipal de Limpeza Urbana,15,Urbanismo,122,Administração Geral,3024,Suporte Administrativo,2100,Administração da Unidade,0,Tesouro Municipal,5.178.176,0,0,0
81,Autoridade Municipal de Limpeza Urbana/Fundo Municipal Limpeza Urbana,10,Autoridade Municipal de Limpeza Urbana,15,Urbanismo,126,Tecnologia da Informação,3011,"Modernização Tecnológica, Desburocratização e Inovação do Serviço Público",2818,"Aquisição de Materiais, Equipamentos e Serviços de Informação e Comunicação",0,Tesouro Municipal,3.000,0,0,0
81,Autoridade Municipal de Limpeza Urbana/Fundo Municipal Limpeza Urbana,10,Autoridade Municipal de Limpeza Urbana,15,Urbanismo,126,Tecnologia da Informação,3024,Suporte Administrativo,2171,Manutenção e Operação de Sistemas de Informação e Comunicação,0,Tesouro Municipal,1.000,0,0,0
81,Autoridade Municipal de Limpeza Urbana/Fundo Municipal Limpeza Urbana,10,Autoridade Municipal de Limpeza Urbana,15,Urbanismo,452,Serviços Urbanos,3005,Promoção da Sustentabilidade Ambiental,2412,Campanha de Educação Ambiental,0,Tesouro Municipal,2.000,0,0,0
81,Autoridade Municipal de Limpeza Urbana/Fundo Municipal Limpeza Urbana,10,Autoridade Municipal de Limpeza Urbana,15,Urbanismo,452,Serviços Urbanos,3005,Promoção da Sustentabilidade Ambiental,2413,Ações de Coleta Seletiva em Prédios Públicos,0,Tesouro Municipal,2.000,0,0,0
81,Autoridade Municipal de Limpeza Urbana/Fundo Municipal Limpeza Urbana,10,Autoridade Municipal de Limpeza Urbana,15,Urbanismo,452,Serviços Urbanos,3005,Promoção da Sustentabilidade Ambiental,2422,Ações de Coleta Seletiva em Escolas,0,Tesouro Municipal,2.000,0,0,0
81,Autoridade Municipal de Limpeza Urbana/Fundo Municipal Limpeza Urbana,10,Autoridade Municipal de Limpeza Urbana,15,Urbanismo,452,Serviços Urbanos,3005,Promoção da Sustentabilidade Ambiental,2423,Ações de Programa de Manejo de Resíduos Orgânicos nas Escolas,0,Tesouro Municipal,2.000,0,0,0
81,Autoridade Municipal de Limpeza Urbana/Fundo Municipal Limpeza Urbana,10,Autoridade Municipal de Limpeza Urbana,15,Urbanismo,452,Serviços Urbanos,3005,Promoção da Sustentabilidade Ambiental,2707,Operação e Manutenção de Ecopontos,0,Tesouro Municipal,1.000,0,0,0
81,Autoridade Municipal de Limpeza Urbana/Fundo Municipal Limpeza Urbana,10,Autoridade Municipal de Limpeza Urbana,15,Urbanismo,452,Serviços Urbanos,3005,Promoção da Sustentabilidade Ambiental,6006,Operação e Manutenção das Centrais de Triagem - Coleta Seletiva,0,Tesouro Municipal,5.000,0,0,0
81,Autoridade Municipal de Limpeza Urbana/Fundo Municipal Limpeza Urbana,10,Autoridade Municipal de Limpeza Urbana,15,Urbanismo,452,Serviços Urbanos,3005,Promoção da Sustentabilidade Ambiental,6007,Serviços de Limpeza Urbana - Varrição e Lavagem de Áreas Públicas,0,Tesouro Municipal,1.000,0,0,0
81,Autoridade Municipal de Limpeza Urbana/Fundo Municipal Limpeza Urbana,10,Autoridade Municipal de Limpeza Urbana,15,Urbanismo,452,Serviços Urbanos,3005,Promoção da Sustentabilidade Ambiental,6009,"Coleta, Transporte, Tratamento e Dest. Final Resíduos Sólidos Inertes",0,Tesouro Municipal,1.000,0,0,0
81,Autoridade Municipal de Limpeza Urbana/Fundo Municipal Limpeza Urbana,10,Autoridade Municipal de Limpeza Urbana,15,Urbanismo,452,Serviços Urbanos,3005,Promoção da Sustentabilidade Ambiental,6010,Concessão dos Serviços Divisíveis de Limpeza Urbana em Regime Público,0,Tesouro Municipal,1.000,0,0,0
81,Autoridade Municipal de Limpeza Urbana/Fundo Municipal Limpeza Urbana,20,Fundo Municipal de Limpeza Urbana,15,Urbanismo,452,Serviços Urbanos,3005,Promoção da Sustentabilidade Ambiental,6010,Concessão dos Serviços Divisíveis de Limpeza Urbana em Regime Público,0,Tesouro Municipal,628.795.199,1.235.449.012,1.247.803.502,1.260.281.537
81,Autoridade Municipal de Limpeza Urbana/Fundo Municipal Limpeza Urbana,20,Fundo Municipal de Limpeza Urbana,15,Urbanismo,452,Serviços Urbanos,3005,Promoção da Sustentabilidade Ambiental,6010,Concessão dos Serviços Divisíveis de Limpeza Urbana em Regime Público,8,Tesouro Municipal - Recursos Vinculados,235.104.643,237.186.850,243.685.678,250.313.887
83,Companhia Metropolitana de Habitação de São Paulo,10,Companhia Metropolitana de Habitação de São Paulo,16,Habitação,122,Administração Geral,3024,Suporte Administrativo,2100,Administração da Unidade,0,Tesouro Municipal,56.000.886,58.308.490,60.976.462,64.817.093
83,Companhia Metropolitana de Habitação de São Paulo,10,Companhia Metropolitana de Habitação de São Paulo,16,Habitação,122,Administração Geral,3024,Suporte Administrativo,2100,Administração da Unidade,9,Recursos Próprios da Empresa Dependente,11.044.547,17.594.551,18.554.754,19.471.704
83,Companhia Metropolitana de Habitação de São Paulo,10,Companhia Metropolitana de Habitação de São Paulo,16,Habitação,122,Administração Geral,3024,Suporte Administrativo,2171,Manutenção e Operação de Sistemas de Informação e Comunicação,9,Recursos Próprios da Empresa Dependente,3.101.090,3.287.155,3.484.385,3.693.448
83,Companhia Metropolitana de Habitação de São Paulo,10,Companhia Metropolitana de Habitação de São Paulo,16,Habitação,122,Administração Geral,3024,Suporte Administrativo,2611,Administração da Carteira Imobiliária,9,Recursos Próprios da Empresa Dependente,15.486.198,16.415.370,17.400.292,18.444.310
83,Companhia Metropolitana de Habitação de São Paulo,10,Companhia Metropolitana de Habitação de São Paulo,16,Habitação,126,Tecnologia da Informação,3011,"Modernização Tecnológica, Desburocratização e Inovação do Serviço Público",2818,"Aquisição de Materiais, Equipamentos e Serviços de Informação e Comunicação",9,Recursos Próprios da Empresa Dependente,2.215.000,2.347.900,2.488.774,2.638.100
83,Companhia Metropolitana de Habitação de São Paulo,10,Companhia Metropolitana de Habitação de São Paulo,16,Habitação,482,Habitação Urbana,3002,Acesso à Moradia Adequada,3353,"Ampliação, Reforma e Requalificação de Unidades Habitacionais",2,Transferências Federais,426.504,0,0,0
83,Companhia Metropolitana de Habitação de São Paulo,10,Companhia Metropolitana de Habitação de São Paulo,16,Habitação,482,Habitação Urbana,3002,Acesso à Moradia Adequada,3353,"Ampliação, Reforma e Requalificação de Unidades Habitacionais",9,Recursos Próprios da Empresa Dependente,2.000,0,0,0
83,Companhia Metropolitana de Habitação de São Paulo,10,Companhia Metropolitana de Habitação de São Paulo,16,Habitação,482,Habitação Urbana,3002,Acesso à Moradia Adequada,3354,Construção de Unidades Habitacionais,0,Tesouro Municipal,1.000,1.000,1.000,1.000
83,Companhia Metropolitana de Habitação de São Paulo,10,Companhia Metropolitana de Habitação de São Paulo,16,Habitação,482,Habitação Urbana,3002,Acesso à Moradia Adequada,3354,Construção de Unidades Habitacionais,10,Alienação de Bens/Ativos,1.000,42.180.738,45.657.705,49.419.817
83,Companhia Metropolitana de Habitação de São Paulo,10,Companhia Metropolitana de Habitação de São Paulo,16,Habitação,482,Habitação Urbana,3002,Acesso à Moradia Adequada,3356,Regularização Fundiária,0,Tesouro Municipal,1.000,6.449.174,6.813.427,7.222.233
83,Companhia Metropolitana de Habitação de São Paulo,10,Companhia Metropolitana de Habitação de São Paulo,16,Habitação,482,Habitação Urbana,3002,Acesso à Moradia Adequada,3356,Regularização Fundiária,9,Recursos Próprios da Empresa Dependente,15.859.116,10.361.489,11.005.876,11.666.228
83,Companhia Metropolitana de Habitação de São Paulo,10,Companhia Metropolitana de Habitação de São Paulo,16,Habitação,482,Habitação Urbana,3002,Acesso à Moradia Adequada,3661,Parceria Público Privada - Habitação,0,Tesouro Municipal,45.001.000,38.550.826,38.186.573,37.777.767
83,Companhia Metropolitana de Habitação de São Paulo,10,Companhia Metropolitana de Habitação de São Paulo,16,Habitação,482,Habitação Urbana,3002,Acesso à Moradia Adequada,3661,Parceria Público Privada - Habitação,3,Transferências Estaduais,7.825.752,13.695.063,17.607.938,21.520.813
83,Companhia Metropolitana de Habitação de São Paulo,10,Companhia Metropolitana de Habitação de São Paulo,16,Habitação,482,Habitação Urbana,3002,Acesso à Moradia Adequada,4353,Manutenção de Unidades Habitacionais,9,Recursos Próprios da Empresa Dependente,8.041.137,8.523.605,9.035.022,9.577.123
84,Fundo Municipal de Saúde,10,Fundo Municipal de Saúde,10,Saúde,122,Administração Geral,3011,"Modernização Tecnológica, Desburocratização e Inovação do Serviço Público",1220,Desenvolvimento de Sistemas de Informação e Comunicação,0,Tesouro Municipal,1.000,1.597,1.556,1.556
84,Fundo Municipal de Saúde,10,Fundo Municipal de Saúde,10,Saúde,122,Administração Geral,3011,"Modernização Tecnológica, Desburocratização e Inovação do Serviço Público",2818,"Aquisição de Materiais, Equipamentos e Serviços de Informação e Comunicação",0,Tesouro Municipal,5.430.638,6.118.514,6.231.754,6.626.177
84,Fundo Municipal de Saúde,10,Fundo Municipal de Saúde,10,Saúde,122,Administração Geral,3011,"Modernização Tecnológica, Desburocratização e Inovação do Serviço Público",2818,"Aquisição de Materiais, Equipamentos e Serviços de Informação e Comunicação",2,Transferências Federais,100.000,101.073,104.372,107.969
84,Fundo Municipal de Saúde,10,Fundo Municipal de Saúde,10,Saúde,122,Administração Geral,3012,"Participação, Transparência e Controle Social da Administração Pública",2421,Publicidade Institucional,0,Tesouro Municipal,500.000,563.332,573.758,610.073
84,Fundo Municipal de Saúde,10,Fundo Municipal de Saúde,10,Saúde,122,Administração Geral,3012,"Participação, Transparência e Controle Social da Administração Pública",2430,Publicidade de Utilidade Pública,0,Tesouro Municipal,500.000,563.332,573.758,610.073
84,Fundo Municipal de Saúde,10,Fundo Municipal de Saúde,10,Saúde,122,Administração Geral,3024,Suporte Administrativo,2100,Administração da Unidade,0,Tesouro Municipal,2.173.293.535,2.469.421.705,2.511.209.380,2.656.759.229
84,Fundo Municipal de Saúde,10,Fundo Municipal de Saúde,10,Saúde,122,Administração Geral,3024,Suporte Administrativo,4851,Contraprestação de Parceria Público-Privada (PPP) - Geradores Urbanos,0,Tesouro Municipal,1.000,1.126,1.147,1.220
84,Fundo Municipal de Saúde,10,Fundo Municipal de Saúde,10,Saúde,126,Tecnologia da Informação,3024,Suporte Administrativo,2171,Manutenção e Operação de Sistemas de Informação e Comunicação,0,Tesouro Municipal,115.000.000,129.566.575,131.964.559,140.316.934
84,Fundo Municipal de Saúde,10,Fundo Municipal de Saúde,10,Saúde,126,Tecnologia da Informação,3024,Suporte Administrativo,2171,Manutenção e Operação de Sistemas de Informação e Comunicação,2,Transferências Federais,9.001.000,9.097.623,9.394.565,9.718.308
84,Fundo Municipal de Saúde,10,Fundo Municipal de Saúde,10,Saúde,128,Formação de Recursos Humanos,3011,"Modernização Tecnológica, Desburocratização e Inovação do Serviço Público",2180,"Capacitação, Formação e Aperfeiçoamento de Servidores",0,Tesouro Municipal,399.000,449.539,457.860,486.839
84,Fundo Municipal de Saúde,10,Fundo Municipal de Saúde,10,Saúde,128,Formação de Recursos Humanos,3011,"Modernização Tecnológica, Desburocratização e Inovação do Serviço Público",2180,"Capacitação, Formação e Aperfeiçoamento de Servidores",2,Transferências Federais,4.001.200,4.044.152,4.176.151,4.320.064
84,Fundo Municipal de Saúde,10,Fundo Municipal de Saúde,10,Saúde,128,Formação de Recursos Humanos,3011,"Modernização Tecnológica, Desburocratização e Inovação do Serviço Público",2180,"Capacitação, Formação e Aperfeiçoamento de Servidores",3,Transferências Estaduais,74.000,33.200,23.204,18.206
84,Fundo Municipal de Saúde,10,Fundo Municipal de Saúde,10,Saúde,131,Comunicação Social,3012,"Participação, Transparência e Controle Social da Administração Pública",2153,Publicação de Editais e Outras Publicações Legais e de Interesse do Município,0,Tesouro Municipal,6.710.000,7.559.927,7.699.845,8.187.188
84,Fundo Municipal de Saúde,10,Fundo Municipal de Saúde,10,Saúde,242,Assistência ao Portador de Deficiência,3003,"Ações e Serviços da Saúde em Atenção Básica, Especialidades e Vigilância",9029,"Implantação do Centro Especializado em Reabilitação - CER III, na Travessa Lázaro Perono - Pirituba",0,Tesouro Municipal,2.600.000,0,0,0
84,Fundo Municipal de Saúde,10,Fundo Municipal de Saúde,10,Saúde,301,Atenção Básica,3003,"Ações e Serviços da Saúde em Atenção Básica, Especialidades e Vigilância",1525,Construção e Implantação de Equipamentos de Atenção Básica e Especialidades,2,Transferências Federais,5.000,5.109,5.109,5.109
84,Fundo Municipal de Saúde,10,Fundo Municipal de Saúde,10,Saúde,301,Atenção Básica,3003,"Ações e Serviços da Saúde em Atenção Básica, Especialidades e Vigilância",1526,"Ampliação, Reforma e Requalificação de Equipamentos de Atenção Básica e Especialidades",2,Transferências Federais,5.000,5.109,5.109,5.109
84,Fundo Municipal de Saúde,10,Fundo Municipal de Saúde,10,Saúde,301,Atenção Básica,3003,"Ações e Serviços da Saúde em Atenção Básica, Especialidades e Vigilância",2520,"Manutenção e Operação em Atenção Básica, Especialidades e de Serviços Auxiliares de Diagnóstico e Terapia",0,Tesouro Municipal,3.859.864.452,3.784.993.954,3.856.271.942,4.100.781.130
84,Fundo Municipal de Saúde,10,Fundo Municipal de Saúde,10,Saúde,301,Atenção Básica,3003,"Ações e Serviços da Saúde em Atenção Básica, Especialidades e Vigilância",2520,"Manutenção e Operação em Atenção Básica, Especialidades e de Serviços Auxiliares de Diagnóstico e Terapia",2,Transferências Federais,871.014.036,880.364.137,909.098.798,940.426.891
84,Fundo Municipal de Saúde,10,Fundo Municipal de Saúde,10,Saúde,301,Atenção Básica,3003,"Ações e Serviços da Saúde em Atenção Básica, Especialidades e Vigilância",2520,"Manutenção e Operação em Atenção Básica, Especialidades e de Serviços Auxiliares de Diagnóstico e Terapia",3,Transferências Estaduais,17.960.800,8.058.194,5.632.035,4.418.955
84,Fundo Municipal de Saúde,10,Fundo Municipal de Saúde,10,Saúde,301,Atenção Básica,3003,"Ações e Serviços da Saúde em Atenção Básica, Especialidades e Vigilância",2520,"Manutenção e Operação em Atenção Básica, Especialidades e de Serviços Auxiliares de Diagnóstico e Terapia",5,Outras Fontes,5.000,587,569,546
84,Fundo Municipal de Saúde,10,Fundo Municipal de Saúde,10,Saúde,301,Atenção Básica,3003,"Ações e Serviços da Saúde em Atenção Básica, Especialidades e Vigilância",2520,"Manutenção e Operação em Atenção Básica, Especialidades e de Serviços Auxiliares de Diagnóstico e Terapia",21,Transf. Fed.: Custeio COVID Fundo a Fundo - Serv. Púb. de Saúde,6.000.000,2.653.846,2.081.538,1.556.538
84,Fundo Municipal de Saúde,10,Fundo Municipal de Saúde,10,Saúde,301,Atenção Básica,3003,"Ações e Serviços da Saúde em Atenção Básica, Especialidades e Vigilância",2530,"Administração de Material  Médico Hospitalar e Ambulatorial em Atenção Básica, Especialidades e Vigilância",0,Tesouro Municipal,105.611.000,118.988.309,121.190.514,128.860.971
84,Fundo Municipal de Saúde,10,Fundo Municipal de Saúde,10,Saúde,301,Atenção Básica,3003,"Ações e Serviços da Saúde em Atenção Básica, Especialidades e Vigilância",2530,"Administração de Material  Médico Hospitalar e Ambulatorial em Atenção Básica, Especialidades e Vigilância",2,Transferências Federais,20.000.000,20.214.695,20.874.493,21.593.840
84,Fundo Municipal de Saúde,10,Fundo Municipal de Saúde,10,Saúde,301,Atenção Básica,3003,"Ações e Serviços da Saúde em Atenção Básica, Especialidades e Vigilância",9030,Construção de UBS no Jardim Bandeirantes,0,Tesouro Municipal,8.000.000,0,0,0
84,Fundo Municipal de Saúde,10,Fundo Municipal de Saúde,10,Saúde,301,Atenção Básica,3003,"Ações e Serviços da Saúde em Atenção Básica, Especialidades e Vigilância",9126,Implantacão de AME,0,Tesouro Municipal,1.000,0,0,0
84,Fundo Municipal de Saúde,10,Fundo Municipal de Saúde,10,Saúde,301,Atenção Básica,3003,"Ações e Serviços da Saúde em Atenção Básica, Especialidades e Vigilância",9135,Implantação de AMA - Rua Manoel Maia - Pq América,0,Tesouro Municipal,1.000,0,0,0
84,Fundo Municipal de Saúde,10,Fundo Municipal de Saúde,10,Saúde,301,Atenção Básica,3003,"Ações e Serviços da Saúde em Atenção Básica, Especialidades e Vigilância",9136,Implantação de AME - Cidade Dutra,0,Tesouro Municipal,1.000,0,0,0
84,Fundo Municipal de Saúde,10,Fundo Municipal de Saúde,10,Saúde,301,Atenção Básica,3003,"Ações e Serviços da Saúde em Atenção Básica, Especialidades e Vigilância",9246,Ampliação e requalificação da UBS Arrastão,0,Tesouro Municipal,500.000,0,0,0
84,Fundo Municipal de Saúde,10,Fundo Municipal de Saúde,10,Saúde,301,Atenção Básica,3003,"Ações e Serviços da Saúde em Atenção Básica, Especialidades e Vigilância",9247,Ampliação e requalificação da UBS Jd Alfredo,0,Tesouro Municipal,500.000,0,0,0
84,Fundo Municipal de Saúde,10,Fundo Municipal de Saúde,10,Saúde,301,Atenção Básica,3003,"Ações e Serviços da Saúde em Atenção Básica, Especialidades e Vigilância",9268,Política Pública para Doenças Raras,0,Tesouro Municipal,1.000,0,0,0
84,Fundo Municipal de Saúde,10,Fundo Municipal de Saúde,10,Saúde,301,Atenção Básica,3003,"Ações e Serviços da Saúde em Atenção Básica, Especialidades e Vigilância",9269,Política Pública para População Idosa,0,Tesouro Municipal,1.000,0,0,0
84,Fundo Municipal de Saúde,10,Fundo Municipal de Saúde,10,Saúde,301,Atenção Básica,3003,"Ações e Serviços da Saúde em Atenção Básica, Especialidades e Vigilância",9294,E1007 - Compra de Mobiliário e Equipamentos para UBS LAUZANE,0,Tesouro Municipal,50.000,0,0,0
84,Fundo Municipal de Saúde,10,Fundo Municipal de Saúde,10,Saúde,301,Atenção Básica,3003,"Ações e Serviços da Saúde em Atenção Básica, Especialidades e Vigilância",9296,E1009 - Execução de Projetos Visando o Combate das Desigualdades Raciais na Saúde,0,Tesouro Municipal,150.000,0,0,0
84,Fundo Municipal de Saúde,10,Fundo Municipal de Saúde,10,Saúde,301,Atenção Básica,3003,"Ações e Serviços da Saúde em Atenção Básica, Especialidades e Vigilância",9297,"E1010 - Manutenção do Prédio, Telhado e Piso do AE Tucuruvi - Prof. Armando de Aguiar Pupo",0,Tesouro Municipal,300.000,0,0,0
84,Fundo Municipal de Saúde,10,Fundo Municipal de Saúde,10,Saúde,301,Atenção Básica,3003,"Ações e Serviços da Saúde em Atenção Básica, Especialidades e Vigilância",9299,"E1012 - Aquisição de Equipamentos e Insumos para Realização de Oficinas no Centro de Convivência e Cooperativa - CECCO Pe. Manoel da Nobrega, Rua Irmão Nicolau da Fonseca, 33, Cohab I, Arthur Alvim.",0,Tesouro Municipal,50.000,0,0,0
84,Fundo Municipal de Saúde,10,Fundo Municipal de Saúde,10,Saúde,301,Atenção Básica,3003,"Ações e Serviços da Saúde em Atenção Básica, Especialidades e Vigilância",9302,E1015 - Compra de Equipamentos do AE Tucuruvi - Prof. Armando de Aguiar Pupo,0,Tesouro Municipal,200.000,0,0,0
84,Fundo Municipal de Saúde,10,Fundo Municipal de Saúde,10,Saúde,301,Atenção Básica,3003,"Ações e Serviços da Saúde em Atenção Básica, Especialidades e Vigilância",9310,E1640 - UBS Jd. Antártica,0,Tesouro Municipal,1.000,0,0,0
84,Fundo Municipal de Saúde,10,Fundo Municipal de Saúde,10,Saúde,301,Atenção Básica,3003,"Ações e Serviços da Saúde em Atenção Básica, Especialidades e Vigilância",9311,E1641 - UPA Jd. Peri,0,Tesouro Municipal,1.000,0,0,0
84,Fundo Municipal de Saúde,10,Fundo Municipal de Saúde,10,Saúde,301,Atenção Básica,3003,"Ações e Serviços da Saúde em Atenção Básica, Especialidades e Vigilância",9312,E1642 - UBS Jd. Brasília,0,Tesouro Municipal,1.000,0,0,0
84,Fundo Municipal de Saúde,10,Fundo Municipal de Saúde,10,Saúde,301,Atenção Básica,3003,"Ações e Serviços da Saúde em Atenção Básica, Especialidades e Vigilância",9313,E1643 - UPA Vila Maria Baixa,0,Tesouro Municipal,1.000,0,0,0
84,Fundo Municipal de Saúde,10,Fundo Municipal de Saúde,10,Saúde,301,Atenção Básica,3003,"Ações e Serviços da Saúde em Atenção Básica, Especialidades e Vigilância",9314,E1644 - UPA Santana,0,Tesouro Municipal,1.000,0,0,0
84,Fundo Municipal de Saúde,10,Fundo Municipal de Saúde,10,Saúde,301,Atenção Básica,3003,"Ações e Serviços da Saúde em Atenção Básica, Especialidades e Vigilância",9315,E1645 - UPA 21 de Junho,0,Tesouro Municipal,1.000,0,0,0
84,Fundo Municipal de Saúde,10,Fundo Municipal de Saúde,10,Saúde,301,Atenção Básica,3003,"Ações e Serviços da Saúde em Atenção Básica, Especialidades e Vigilância",9319,E120 - Instalação de Espaço Kids em todas as Unidades Básicas de Saúde do Município de São Paulo,0,Tesouro Municipal,1.000,0,0,0
84,Fundo Municipal de Saúde,10,Fundo Municipal de Saúde,10,Saúde,301,Atenção Básica,3003,"Ações e Serviços da Saúde em Atenção Básica, Especialidades e Vigilância",9320,E129 - Atendimento Odontológico e Fornecimento de Próteses Dentárias,0,Tesouro Municipal,500.000,0,0,0
84,Fundo Municipal de Saúde,10,Fundo Municipal de Saúde,10,Saúde,301,Atenção Básica,3003,"Ações e Serviços da Saúde em Atenção Básica, Especialidades e Vigilância",9321,"E140 - Reforma, Locação de Imóvel, Construção e Aquisição de Equipamentos para as Unidades de Saúde da Supervisão Técnica de Saúde da Vila Mariana/Jabaquara.",0,Tesouro Municipal,1.000,0,0,0
84,Fundo Municipal de Saúde,10,Fundo Municipal de Saúde,10,Saúde,301,Atenção Básica,3003,"Ações e Serviços da Saúde em Atenção Básica, Especialidades e Vigilância",9325,"E601 - Reforma da UBS Vila Heloísa, localizada na rua Aíres Quaresma, 11 - Vila Cleonice, CEP 03286-095",0,Tesouro Municipal,150.000,0,0,0
84,Fundo Municipal de Saúde,10,Fundo Municipal de Saúde,10,Saúde,301,Atenção Básica,3003,"Ações e Serviços da Saúde em Atenção Básica, Especialidades e Vigilância",9326,"E602 - Reforma da AMA Especialidade Jardim Guairaca localizado a Rua Erva Imperial, 501 - Jardim Guairaca, CEP 03243-040.",0,Tesouro Municipal,200.000,0,0,0
84,Fundo Municipal de Saúde,10,Fundo Municipal de Saúde,10,Saúde,301,Atenção Básica,3003,"Ações e Serviços da Saúde em Atenção Básica, Especialidades e Vigilância",9327,"E603 - Ampliação e Reforma da UBS / AMA Integrada V. Carrão localizada à rua Dr. Jaci Barbosa, 280 - Vila Carrão, CEP 03447-000",0,Tesouro Municipal,300.000,0,0,0
84,Fundo Municipal de Saúde,10,Fundo Municipal de Saúde,10,Saúde,301,Atenção Básica,3003,"Ações e Serviços da Saúde em Atenção Básica, Especialidades e Vigilância",9328,"E604 - Aquisição de Mobiliário para a UBS V. Antonieta, localizada na Rua Cel. João de Oliveira Melo, 440 - Vila Antonieta, CEP 03474-020",0,Tesouro Municipal,200.000,0,0,0
84,Fundo Municipal de Saúde,10,Fundo Municipal de Saúde,10,Saúde,301,Atenção Básica,3003,"Ações e Serviços da Saúde em Atenção Básica, Especialidades e Vigilância",9329,"E605 - Aquisição de Mobiliário para a UBS São Lucas, localizada na rua Dr. Nogueira de Noronha, 322, Parque São Lucas, CEP 03239-080.",0,Tesouro Municipal,150.000,0,0,0
84,Fundo Municipal de Saúde,10,Fundo Municipal de Saúde,10,Saúde,301,Atenção Básica,3003,"Ações e Serviços da Saúde em Atenção Básica, Especialidades e Vigilância",9330,"E606 - Aquisição de Mobiliário para a UBS Vila Santo Estevão - Doutor Woady Jorge Kalil, localizado na R. Antônio Camardo, 678 - Tatuapé",0,Tesouro Municipal,200.000,0,0,0
84,Fundo Municipal de Saúde,10,Fundo Municipal de Saúde,10,Saúde,301,Atenção Básica,3003,"Ações e Serviços da Saúde em Atenção Básica, Especialidades e Vigilância",9331,"E607 - Aquisição de Equipamentos para a Supervisão de Saúde Vila Prudente, localizada na Praça Centenário de Vila Prudente, 108 - Vila Prudente, São Paulo - SP, CEP 03132-050.",0,Tesouro Municipal,30.000,0,0,0
84,Fundo Municipal de Saúde,10,Fundo Municipal de Saúde,10,Saúde,301,Atenção Básica,3003,"Ações e Serviços da Saúde em Atenção Básica, Especialidades e Vigilância",9332,"E608 - Aquisição de Mobiliário para a UBS Iaçapé, localizada na Rua Iaçapé, 302 - Parque Santa Madalena, CEP 03983-090",0,Tesouro Municipal,100.000,0,0,0
84,Fundo Municipal de Saúde,10,Fundo Municipal de Saúde,10,Saúde,301,Atenção Básica,3003,"Ações e Serviços da Saúde em Atenção Básica, Especialidades e Vigilância",9333,"E609 - Ampliação e Reforma da UBS V. Alpina, localizada na rua Paramu, 398 - Vila Alpina, CEP 03147-100",0,Tesouro Municipal,300.000,0,0,0
84,Fundo Municipal de Saúde,10,Fundo Municipal de Saúde,10,Saúde,301,Atenção Básica,3003,"Ações e Serviços da Saúde em Atenção Básica, Especialidades e Vigilância",9334,"E610 - Reforma do CAPS Infantil II Vila Prudente, localizada na Avenida Zelina, 322 - Vila Prudente, São Paulo - SP, CEP 03143-000.",0,Tesouro Municipal,250.000,0,0,0
84,Fundo Municipal de Saúde,10,Fundo Municipal de Saúde,10,Saúde,301,Atenção Básica,3003,"Ações e Serviços da Saúde em Atenção Básica, Especialidades e Vigilância",9335,"E611 - Aquisição de Mobiliário para a UBS Vila Ema localizada a rua Gustavo Stach, 137 - Vila Ema, CEP 03278-030",0,Tesouro Municipal,50.000,0,0,0
84,Fundo Municipal de Saúde,10,Fundo Municipal de Saúde,10,Saúde,301,Atenção Básica,3003,"Ações e Serviços da Saúde em Atenção Básica, Especialidades e Vigilância",9337,"E2347 - Ampliação e Construção na AMA/UBS Integrada Vila Antonieta, localizada na rua Cel. João de Oliveira Melo, 440 - Vila Antonieta, CEP 04038-000",0,Tesouro Municipal,1.000,0,0,0
84,Fundo Municipal de Saúde,10,Fundo Municipal de Saúde,10,Saúde,301,Atenção Básica,3003,"Ações e Serviços da Saúde em Atenção Básica, Especialidades e Vigilância",9338,Construção da UBS Jardim Julieta II no Distrito de Vila Medeiros.,0,Tesouro Municipal,1.000,5.000.000,0,0
84,Fundo Municipal de Saúde,10,Fundo Municipal de Saúde,10,Saúde,301,Atenção Básica,3003,"Ações e Serviços da Saúde em Atenção Básica, Especialidades e Vigilância",9339,E6629 - Implantação de um Centro de Atenção Psicossocial Adulto - CAPS na região da Subprefeitura Vila Maria/Vila Guilherme,0,Tesouro Municipal,1.000,0,0,0
84,Fundo Municipal de Saúde,10,Fundo Municipal de Saúde,10,Saúde,301,Atenção Básica,3003,"Ações e Serviços da Saúde em Atenção Básica, Especialidades e Vigilância",9340,E6627 - Ampliação da Quantidade de Equipamentos Públicos de Saúde da Região da Vila Maria/Vila Guilherme,0,Tesouro Municipal,1.000,0,0,0
84,Fundo Municipal de Saúde,10,Fundo Municipal de Saúde,10,Saúde,301,Atenção Básica,3003,"Ações e Serviços da Saúde em Atenção Básica, Especialidades e Vigilância",9488,Implantação de UBS Cidade Líder,0,Tesouro Municipal,0,5.000.000,0,0
84,Fundo Municipal de Saúde,10,Fundo Municipal de Saúde,10,Saúde,301,Atenção Básica,3004,Benefícios e Previdência de Funcionários,4120,Gratificação de Municipalização - Saúde - Lei 13.510/03,2,Transferências Federais,17.295.197,17.480.856,18.051.423,18.673.486
84,Fundo Municipal de Saúde,10,Fundo Municipal de Saúde,10,Saúde,301,Atenção Básica,3026,Ações e Serviços da Saúde em Atenção Hospitalar e de Urgência e Emergência,9505,"Reforma, Locação de Imóvel, Construção e Aquisição de Equipamentos para as Unidades de Saúde da Supervisão Técnica de Saúde da Vila Mariana/Jabaquara.",0,Tesouro Municipal,0,1.000,1.000,1.000
84,Fundo Municipal de Saúde,10,Fundo Municipal de Saúde,10,Saúde,302,Assistência Hospitalar e Ambulatorial,3003,"Ações e Serviços da Saúde em Atenção Básica, Especialidades e Vigilância",9287,E6671 - Centro de Reabilitação para Motociclistas,0,Tesouro Municipal,1.000,0,0,0
84,Fundo Municipal de Saúde,10,Fundo Municipal de Saúde,10,Saúde,302,Assistência Hospitalar e Ambulatorial,3003,"Ações e Serviços da Saúde em Atenção Básica, Especialidades e Vigilância",9288,E6672 - Hospital para Atendimento Fisioterápico,0,Tesouro Municipal,1.000,0,0,0
84,Fundo Municipal de Saúde,10,Fundo Municipal de Saúde,10,Saúde,302,Assistência Hospitalar e Ambulatorial,3003,"Ações e Serviços da Saúde em Atenção Básica, Especialidades e Vigilância",9295,E1008 - Aquisição de Equipamentos e Insumos para Atendimentos à População Transexual - Hospital Mário Degni,0,Tesouro Municipal,200.000,0,0,0
84,Fundo Municipal de Saúde,10,Fundo Municipal de Saúde,10,Saúde,302,Assistência Hospitalar e Ambulatorial,3003,"Ações e Serviços da Saúde em Atenção Básica, Especialidades e Vigilância",9301,E1014 - Compra de Mobiliário e Equipamentos para o Hospital Municipal Prof. Dr. Waldomiro de Paula,0,Tesouro Municipal,300.000,0,0,0
84,Fundo Municipal de Saúde,10,Fundo Municipal de Saúde,10,Saúde,302,Assistência Hospitalar e Ambulatorial,3003,"Ações e Serviços da Saúde em Atenção Básica, Especialidades e Vigilância",9307,E1037 - Ampliação do Hospital Santa Catarina,0,Tesouro Municipal,1.000.000,0,0,0
84,Fundo Municipal de Saúde,10,Fundo Municipal de Saúde,10,Saúde,302,Assistência Hospitalar e Ambulatorial,3003,"Ações e Serviços da Saúde em Atenção Básica, Especialidades e Vigilância",9322,E141 - Construção de Hospital Dia no Território da Supervisão Técnica de Saúde da Vila Mariana/Jabaquara.,0,Tesouro Municipal,1.000,0,0,0
84,Fundo Municipal de Saúde,10,Fundo Municipal de Saúde,10,Saúde,302,Assistência Hospitalar e Ambulatorial,3026,Ações e Serviços da Saúde em Atenção Hospitalar e de Urgência e Emergência,1535,Construção e Implantação de Equipamentos em Atenção Hospitalar e de Urgência e Emergência,0,Tesouro Municipal,1.000,1.597,1.556,1.556
84,Fundo Municipal de Saúde,10,Fundo Municipal de Saúde,10,Saúde,302,Assistência Hospitalar e Ambulatorial,3026,Ações e Serviços da Saúde em Atenção Hospitalar e de Urgência e Emergência,1535,Construção e Implantação de Equipamentos em Atenção Hospitalar e de Urgência e Emergência,2,Transferências Federais,7.502.000,7.665.187,7.665.187,7.665.187
84,Fundo Municipal de Saúde,10,Fundo Municipal de Saúde,10,Saúde,302,Assistência Hospitalar e Ambulatorial,3026,Ações e Serviços da Saúde em Atenção Hospitalar e de Urgência e Emergência,1535,Construção e Implantação de Equipamentos em Atenção Hospitalar e de Urgência e Emergência,3,Transferências Estaduais,160.000,133.333,126.667,117.778
84,Fundo Municipal de Saúde,10,Fundo Municipal de Saúde,10,Saúde,302,Assistência Hospitalar e Ambulatorial,3026,Ações e Serviços da Saúde em Atenção Hospitalar e de Urgência e Emergência,1535,Construção e Implantação de Equipamentos em Atenção Hospitalar e de Urgência e Emergência,22,Transf. Fed.: Invest. COVID Fundo a Fundo - Serv. Púb. de Saúde,6.006.000,3.126.000,2.322.000,1.290.000
84,Fundo Municipal de Saúde,10,Fundo Municipal de Saúde,10,Saúde,302,Assistência Hospitalar e Ambulatorial,3026,Ações e Serviços da Saúde em Atenção Hospitalar e de Urgência e Emergência,1536,"Ampliação, Reforma e Requalificação de Equipamentos em Atenção Hospitalar e de Urgência e Emergência",0,Tesouro Municipal,1.000,1.597,1.556,1.556
84,Fundo Municipal de Saúde,10,Fundo Municipal de Saúde,10,Saúde,302,Assistência Hospitalar e Ambulatorial,3026,Ações e Serviços da Saúde em Atenção Hospitalar e de Urgência e Emergência,1536,"Ampliação, Reforma e Requalificação de Equipamentos em Atenção Hospitalar e de Urgência e Emergência",2,Transferências Federais,7.501.000,7.664.164,7.664.164,7.664.164
84,Fundo Municipal de Saúde,10,Fundo Municipal de Saúde,10,Saúde,302,Assistência Hospitalar e Ambulatorial,3026,Ações e Serviços da Saúde em Atenção Hospitalar e de Urgência e Emergência,1536,"Ampliação, Reforma e Requalificação de Equipamentos em Atenção Hospitalar e de Urgência e Emergência",3,Transferências Estaduais,160.000,133.334,126.666,117.778
84,Fundo Municipal de Saúde,10,Fundo Municipal de Saúde,10,Saúde,302,Assistência Hospitalar e Ambulatorial,3026,Ações e Serviços da Saúde em Atenção Hospitalar e de Urgência e Emergência,1536,"Ampliação, Reforma e Requalificação de Equipamentos em Atenção Hospitalar e de Urgência e Emergência",22,Transf. Fed.: Invest. COVID Fundo a Fundo - Serv. Púb. de Saúde,6.006.000,3.126.000,2.322.000,1.290.000
84,Fundo Municipal de Saúde,10,Fundo Municipal de Saúde,10,Saúde,302,Assistência Hospitalar e Ambulatorial,3026,Ações e Serviços da Saúde em Atenção Hospitalar e de Urgência e Emergência,2507,Manutenção e Operação em Atenção Hospitalar e de Urgência e Emergência,0,Tesouro Municipal,2.776.910.262,2.610.271.059,2.658.581.280,2.826.849.682
84,Fundo Municipal de Saúde,10,Fundo Municipal de Saúde,10,Saúde,302,Assistência Hospitalar e Ambulatorial,3026,Ações e Serviços da Saúde em Atenção Hospitalar e de Urgência e Emergência,2507,Manutenção e Operação em Atenção Hospitalar e de Urgência e Emergência,2,Transferências Federais,325.951.245,329.450.245,340.203.341,351.926.954
84,Fundo Municipal de Saúde,10,Fundo Municipal de Saúde,10,Saúde,302,Assistência Hospitalar e Ambulatorial,3026,Ações e Serviços da Saúde em Atenção Hospitalar e de Urgência e Emergência,2507,Manutenção e Operação em Atenção Hospitalar e de Urgência e Emergência,3,Transferências Estaduais,12.000.400,5.384.033,3.763.010,2.952.499
84,Fundo Municipal de Saúde,10,Fundo Municipal de Saúde,10,Saúde,302,Assistência Hospitalar e Ambulatorial,3026,Ações e Serviços da Saúde em Atenção Hospitalar e de Urgência e Emergência,2507,Manutenção e Operação em Atenção Hospitalar e de Urgência e Emergência,5,Outras Fontes,1.411.600,165.949,160.951,154.494
84,Fundo Municipal de Saúde,10,Fundo Municipal de Saúde,10,Saúde,302,Assistência Hospitalar e Ambulatorial,3026,Ações e Serviços da Saúde em Atenção Hospitalar e de Urgência e Emergência,2507,Manutenção e Operação em Atenção Hospitalar e de Urgência e Emergência,8,Tesouro Municipal - Recursos Vinculados,1.000,642,594,570
84,Fundo Municipal de Saúde,10,Fundo Municipal de Saúde,10,Saúde,302,Assistência Hospitalar e Ambulatorial,3026,Ações e Serviços da Saúde em Atenção Hospitalar e de Urgência e Emergência,2507,Manutenção e Operação em Atenção Hospitalar e de Urgência e Emergência,21,Transf. Fed.: Custeio COVID Fundo a Fundo - Serv. Púb. de Saúde,12.200.000,5.396.155,4.232.463,3.164.963
84,Fundo Municipal de Saúde,10,Fundo Municipal de Saúde,10,Saúde,302,Assistência Hospitalar e Ambulatorial,3026,Ações e Serviços da Saúde em Atenção Hospitalar e de Urgência e Emergência,2514,Manutenção e Operação de Serviço de Atendimento Médico de Urgência (SAMU),0,Tesouro Municipal,34.840.000,39.253.039,39.979.524,42.509.930
84,Fundo Municipal de Saúde,10,Fundo Municipal de Saúde,10,Saúde,302,Assistência Hospitalar e Ambulatorial,3026,Ações e Serviços da Saúde em Atenção Hospitalar e de Urgência e Emergência,2514,Manutenção e Operação de Serviço de Atendimento Médico de Urgência (SAMU),2,Transferências Federais,50.400.000,50.941.030,52.603.721,54.416.477
84,Fundo Municipal de Saúde,10,Fundo Municipal de Saúde,10,Saúde,302,Assistência Hospitalar e Ambulatorial,3026,Ações e Serviços da Saúde em Atenção Hospitalar e de Urgência e Emergência,2521,Manutenção e Operação do Programa Melhor em Casa,2,Transferências Federais,14.000.000,14.150.286,14.612.145,15.115.688
84,Fundo Municipal de Saúde,10,Fundo Municipal de Saúde,10,Saúde,302,Assistência Hospitalar e Ambulatorial,3026,Ações e Serviços da Saúde em Atenção Hospitalar e de Urgência e Emergência,4107,"Administração de Material Médico Hospitalar em Atenção Hospitalar, de Urgência e Emergência",0,Tesouro Municipal,145.000.000,163.366.552,166.390.098,176.921.351
84,Fundo Municipal de Saúde,10,Fundo Municipal de Saúde,10,Saúde,302,Assistência Hospitalar e Ambulatorial,3026,Ações e Serviços da Saúde em Atenção Hospitalar e de Urgência e Emergência,4107,"Administração de Material Médico Hospitalar em Atenção Hospitalar, de Urgência e Emergência",2,Transferências Federais,62.369.796,63.039.319,65.096.892,67.340.170
84,Fundo Municipal de Saúde,10,Fundo Municipal de Saúde,10,Saúde,302,Assistência Hospitalar e Ambulatorial,3026,Ações e Serviços da Saúde em Atenção Hospitalar e de Urgência e Emergência,4107,"Administração de Material Médico Hospitalar em Atenção Hospitalar, de Urgência e Emergência",3,Transferências Estaduais,37.444.600,16.799.687,11.741.643,9.212.621
84,Fundo Municipal de Saúde,10,Fundo Municipal de Saúde,10,Saúde,302,Assistência Hospitalar e Ambulatorial,3026,Ações e Serviços da Saúde em Atenção Hospitalar e de Urgência e Emergência,4107,"Administração de Material Médico Hospitalar em Atenção Hospitalar, de Urgência e Emergência",21,Transf. Fed.: Custeio COVID Fundo a Fundo - Serv. Púb. de Saúde,5.000.000,2.211.538,1.734.615,1.297.115
84,Fundo Municipal de Saúde,10,Fundo Municipal de Saúde,10,Saúde,302,Assistência Hospitalar e Ambulatorial,3026,Ações e Serviços da Saúde em Atenção Hospitalar e de Urgência e Emergência,4113,"Sistema Municipal de Regulação, Controle, Avaliação e Auditoria do SUS",0,Tesouro Municipal,1.246.421.148,1.404.300.172,1.430.290.596,1.520.817.343
84,Fundo Municipal de Saúde,10,Fundo Municipal de Saúde,10,Saúde,302,Assistência Hospitalar e Ambulatorial,3026,Ações e Serviços da Saúde em Atenção Hospitalar e de Urgência e Emergência,4113,"Sistema Municipal de Regulação, Controle, Avaliação e Auditoria do SUS",2,Transferências Federais,1.050.175.326,1.086.024.889,1.121.472.219,1.160.118.827
84,Fundo Municipal de Saúde,10,Fundo Municipal de Saúde,10,Saúde,302,Assistência Hospitalar e Ambulatorial,3026,Ações e Serviços da Saúde em Atenção Hospitalar e de Urgência e Emergência,4113,"Sistema Municipal de Regulação, Controle, Avaliação e Auditoria do SUS",3,Transferências Estaduais,500.000,224.327,156.787,123.017
84,Fundo Municipal de Saúde,10,Fundo Municipal de Saúde,10,Saúde,302,Assistência Hospitalar e Ambulatorial,3026,Ações e Serviços da Saúde em Atenção Hospitalar e de Urgência e Emergência,4113,"Sistema Municipal de Regulação, Controle, Avaliação e Auditoria do SUS",21,Transf. Fed.: Custeio COVID Fundo a Fundo - Serv. Púb. de Saúde,5.000.000,2.211.538,1.734.615,1.297.115
84,Fundo Municipal de Saúde,10,Fundo Municipal de Saúde,10,Saúde,302,Assistência Hospitalar e Ambulatorial,3026,Ações e Serviços da Saúde em Atenção Hospitalar e de Urgência e Emergência,4121,Servidores Comissionados no Hospital Serv. Públco Municipal - HSPM,0,Tesouro Municipal,20.800.000,23.434.650,23.868.372,25.379.062
84,Fundo Municipal de Saúde,10,Fundo Municipal de Saúde,10,Saúde,302,Assistência Hospitalar e Ambulatorial,3026,Ações e Serviços da Saúde em Atenção Hospitalar e de Urgência e Emergência,8000,Recursos para a Santa Casa de Santo Amaro,0,Tesouro Municipal,500.000,0,0,0
84,Fundo Municipal de Saúde,10,Fundo Municipal de Saúde,10,Saúde,302,Assistência Hospitalar e Ambulatorial,3026,Ações e Serviços da Saúde em Atenção Hospitalar e de Urgência e Emergência,9017,Execução da 1ª Fase de Construção do Hospital Vila Carrão,0,Tesouro Municipal,1.000,0,0,0
84,Fundo Municipal de Saúde,10,Fundo Municipal de Saúde,10,Saúde,302,Assistência Hospitalar e Ambulatorial,3026,Ações e Serviços da Saúde em Atenção Hospitalar e de Urgência e Emergência,9051,Construção de Hospital do Idoso,0,Tesouro Municipal,1.000,0,0,0
84,Fundo Municipal de Saúde,10,Fundo Municipal de Saúde,10,Saúde,302,Assistência Hospitalar e Ambulatorial,3026,Ações e Serviços da Saúde em Atenção Hospitalar e de Urgência e Emergência,9052,Construção de Centro de Referência da Dor,0,Tesouro Municipal,1.000,0,0,0
84,Fundo Municipal de Saúde,10,Fundo Municipal de Saúde,10,Saúde,302,Assistência Hospitalar e Ambulatorial,3026,Ações e Serviços da Saúde em Atenção Hospitalar e de Urgência e Emergência,9249,Reforma e Readequação do Hospital M'Boi Mirim,0,Tesouro Municipal,1.000.000,0,0,0
84,Fundo Municipal de Saúde,10,Fundo Municipal de Saúde,10,Saúde,302,Assistência Hospitalar e Ambulatorial,3026,Ações e Serviços da Saúde em Atenção Hospitalar e de Urgência e Emergência,9250,Ampliação e Reforma do Hospital Campo Limpo,0,Tesouro Municipal,4.000.000,0,0,0
84,Fundo Municipal de Saúde,10,Fundo Municipal de Saúde,10,Saúde,302,Assistência Hospitalar e Ambulatorial,3026,Ações e Serviços da Saúde em Atenção Hospitalar e de Urgência e Emergência,9502,Construção e Implantação de Operação de Serviço de Atendimento Médico de Urgência (SAMU) na região do Ipiranga,0,Tesouro Municipal,0,1.000,1.000,1.000
84,Fundo Municipal de Saúde,10,Fundo Municipal de Saúde,10,Saúde,302,Assistência Hospitalar e Ambulatorial,3026,Ações e Serviços da Saúde em Atenção Hospitalar e de Urgência e Emergência,9506,Construção de Hospital Dia no Território da Supervisão Técnica de Saúde da Vila Mariana/Jabaquara;,0,Tesouro Municipal,0,1.000,1.000,1.000
84,Fundo Municipal de Saúde,10,Fundo Municipal de Saúde,10,Saúde,303,Suporte Profilático e Terapêutico,3003,"Ações e Serviços da Saúde em Atenção Básica, Especialidades e Vigilância",2519,"Manutenção e Operação em Atenção Básica, Especialidades e Vigilância da Assistência Farmacêutica",0,Tesouro Municipal,240.754.256,271.249.604,276.269.821,293.755.645
84,Fundo Municipal de Saúde,10,Fundo Municipal de Saúde,10,Saúde,303,Suporte Profilático e Terapêutico,3003,"Ações e Serviços da Saúde em Atenção Básica, Especialidades e Vigilância",2519,"Manutenção e Operação em Atenção Básica, Especialidades e Vigilância da Assistência Farmacêutica",2,Transferências Federais,42.500.000,42.956.226,44.358.297,45.886.910
84,Fundo Municipal de Saúde,10,Fundo Municipal de Saúde,10,Saúde,303,Suporte Profilático e Terapêutico,3003,"Ações e Serviços da Saúde em Atenção Básica, Especialidades e Vigilância",2519,"Manutenção e Operação em Atenção Básica, Especialidades e Vigilância da Assistência Farmacêutica",3,Transferências Estaduais,3.000.000,1.345.963,940.721,738.100
84,Fundo Municipal de Saúde,10,Fundo Municipal de Saúde,10,Saúde,303,Suporte Profilático e Terapêutico,3003,"Ações e Serviços da Saúde em Atenção Básica, Especialidades e Vigilância",9290,E2159 - Construção e Serviços do Complexo Municipal de Referência para Pessoas com Transtorno do Espectro autista - TEA,0,Tesouro Municipal,1.000,0,0,0
84,Fundo Municipal de Saúde,10,Fundo Municipal de Saúde,10,Saúde,303,Suporte Profilático e Terapêutico,3006,Promoção dos Direitos da Pessoa com Deficiência,9504,Construção e Serviços do Complexo Municipal de Referência para Pessoas com Transtorno do Espectro autista - TEA,0,Tesouro Municipal,0,30.000.000,30.000.000,30.000.000
84,Fundo Municipal de Saúde,10,Fundo Municipal de Saúde,10,Saúde,303,Suporte Profilático e Terapêutico,3026,Ações e Serviços da Saúde em Atenção Hospitalar e de Urgência e Emergência,2524,Manutenção e Operação da Atenção Hospitalar da Assistência Farmacêutica,0,Tesouro Municipal,75.000.000,84.499.940,86.063.843,91.511.044
84,Fundo Municipal de Saúde,10,Fundo Municipal de Saúde,10,Saúde,303,Suporte Profilático e Terapêutico,3026,Ações e Serviços da Saúde em Atenção Hospitalar e de Urgência e Emergência,2524,Manutenção e Operação da Atenção Hospitalar da Assistência Farmacêutica,2,Transferências Federais,46.148.000,46.643.386,48.165.804,49.825.627
84,Fundo Municipal de Saúde,10,Fundo Municipal de Saúde,10,Saúde,303,Suporte Profilático e Terapêutico,3026,Ações e Serviços da Saúde em Atenção Hospitalar e de Urgência e Emergência,2524,Manutenção e Operação da Atenção Hospitalar da Assistência Farmacêutica,3,Transferências Estaduais,2.000.000,897.309,627.147,492.067
84,Fundo Municipal de Saúde,10,Fundo Municipal de Saúde,10,Saúde,303,Suporte Profilático e Terapêutico,3026,Ações e Serviços da Saúde em Atenção Hospitalar e de Urgência e Emergência,2524,Manutenção e Operação da Atenção Hospitalar da Assistência Farmacêutica,21,Transf. Fed.: Custeio COVID Fundo a Fundo - Serv. Púb. de Saúde,3.000.000,1.326.923,1.040.769,778.269
84,Fundo Municipal de Saúde,10,Fundo Municipal de Saúde,10,Saúde,304,Vigilância Sanitária,3003,"Ações e Serviços da Saúde em Atenção Básica, Especialidades e Vigilância",1519,Construção e Implantação de Unidade de Vigilância em Saúde,2,Transferências Federais,4.979.500,5.087.817,5.087.817,5.087.817
84,Fundo Municipal de Saúde,10,Fundo Municipal de Saúde,10,Saúde,304,Vigilância Sanitária,3003,"Ações e Serviços da Saúde em Atenção Básica, Especialidades e Vigilância",1520,"Ampliação, Reforma e Requalificação de Unidade de Vigilância em Saúde",0,Tesouro Municipal,2.000,3.195,3.112,3.112
84,Fundo Municipal de Saúde,10,Fundo Municipal de Saúde,10,Saúde,304,Vigilância Sanitária,3003,"Ações e Serviços da Saúde em Atenção Básica, Especialidades e Vigilância",1520,"Ampliação, Reforma e Requalificação de Unidade de Vigilância em Saúde",2,Transferências Federais,7.632.500,7.798.526,7.798.526,7.798.526
84,Fundo Municipal de Saúde,10,Fundo Municipal de Saúde,10,Saúde,304,Vigilância Sanitária,3003,"Ações e Serviços da Saúde em Atenção Básica, Especialidades e Vigilância",1520,"Ampliação, Reforma e Requalificação de Unidade de Vigilância em Saúde",3,Transferências Estaduais,4.000.000,3.333.333,3.166.667,2.944.444
84,Fundo Municipal de Saúde,10,Fundo Municipal de Saúde,10,Saúde,304,Vigilância Sanitária,3003,"Ações e Serviços da Saúde em Atenção Básica, Especialidades e Vigilância",2522,Manutenção e Operação de Vigilância em Saúde,2,Transferências Federais,104.974.940,106.101.818,109.564.930,113.340.603
84,Fundo Municipal de Saúde,10,Fundo Municipal de Saúde,10,Saúde,304,Vigilância Sanitária,3003,"Ações e Serviços da Saúde em Atenção Básica, Especialidades e Vigilância",2522,Manutenção e Operação de Vigilância em Saúde,3,Transferências Estaduais,50.000,22.433,15.679,12.302
84,Fundo Municipal de Saúde,10,Fundo Municipal de Saúde,10,Saúde,304,Vigilância Sanitária,3003,"Ações e Serviços da Saúde em Atenção Básica, Especialidades e Vigilância",2522,Manutenção e Operação de Vigilância em Saúde,8,Tesouro Municipal - Recursos Vinculados,4.522.041,3.575.339,3.220.631,2.806.646
84,Fundo Municipal de Saúde,10,Fundo Municipal de Saúde,10,Saúde,304,Vigilância Sanitária,3003,"Ações e Serviços da Saúde em Atenção Básica, Especialidades e Vigilância",2523,Manutenção e Operação dos Serviços de DST / AIDS,0,Tesouro Municipal,6.065.000,6.833.229,6.959.696,7.400.193
84,Fundo Municipal de Saúde,10,Fundo Municipal de Saúde,10,Saúde,304,Vigilância Sanitária,3003,"Ações e Serviços da Saúde em Atenção Básica, Especialidades e Vigilância",2523,Manutenção e Operação dos Serviços de DST / AIDS,2,Transferências Federais,9.657.000,9.760.665,10.079.249,10.426.586
84,Fundo Municipal de Saúde,10,Fundo Municipal de Saúde,10,Saúde,304,Vigilância Sanitária,3003,"Ações e Serviços da Saúde em Atenção Básica, Especialidades e Vigilância",2523,Manutenção e Operação dos Serviços de DST / AIDS,3,Transferências Estaduais,1.000.000,448.654,313.574,246.033
84,Fundo Municipal de Saúde,10,Fundo Municipal de Saúde,10,Saúde,304,Vigilância Sanitária,3003,"Ações e Serviços da Saúde em Atenção Básica, Especialidades e Vigilância",9298,"E1011 - Aquisição de Equipamentos e Insumos para o Atendimento no SAE DST/AIDS Cidade Líder II, Zona Leste, Rua Médio Iguaçu, nº 86",0,Tesouro Municipal,50.000,0,0,0
84,Fundo Municipal de Saúde,10,Fundo Municipal de Saúde,10,Saúde,304,Vigilância Sanitária,3027,Ações e Serviços da Saúde Animal,1530,Construção e Implantação de Equipamentos de Saúde Animal,2,Transferências Federais,2.000,2.044,2.044,2.044
84,Fundo Municipal de Saúde,10,Fundo Municipal de Saúde,10,Saúde,304,Vigilância Sanitária,3027,Ações e Serviços da Saúde Animal,1531,"Ampliação, Reforma e Requalificação de Equipamentos de Saúde Animal",2,Transferências Federais,2.000,2.044,2.044,2.044
84,Fundo Municipal de Saúde,10,Fundo Municipal de Saúde,10,Saúde,304,Vigilância Sanitária,3027,Ações e Serviços da Saúde Animal,2501,Manutenção e Operação em Serviços de Saúde Animal,0,Tesouro Municipal,31.200.000,29.293.313,29.835.465,31.723.828
84,Fundo Municipal de Saúde,10,Fundo Municipal de Saúde,10,Saúde,304,Vigilância Sanitária,3027,Ações e Serviços da Saúde Animal,9022,Hopital Veterinário Itaim Paulista,0,Tesouro Municipal,6.000.000,0,0,0
84,Fundo Municipal de Saúde,10,Fundo Municipal de Saúde,10,Saúde,304,Vigilância Sanitária,3027,Ações e Serviços da Saúde Animal,9050,Construção de Hospital Veterinário do Grajaú,0,Tesouro Municipal,1.000,0,0,0
84,Fundo Municipal de Saúde,10,Fundo Municipal de Saúde,10,Saúde,304,Vigilância Sanitária,3027,Ações e Serviços da Saúde Animal,9105,Criação e Implantação de Inspetoria dos Animais,0,Tesouro Municipal,1.000,0,0,0
84,Fundo Municipal de Saúde,10,Fundo Municipal de Saúde,10,Saúde,304,Vigilância Sanitária,3027,Ações e Serviços da Saúde Animal,9140,Construção Hospital Veterinário,0,Tesouro Municipal,1.000,0,0,0
84,Fundo Municipal de Saúde,10,Fundo Municipal de Saúde,10,Saúde,304,Vigilância Sanitária,3027,Ações e Serviços da Saúde Animal,9248,Implantação do Hospital Veterinário M'Boi Mirim,0,Tesouro Municipal,40.000,0,0,0
84,Fundo Municipal de Saúde,10,Fundo Municipal de Saúde,10,Saúde,304,Vigilância Sanitária,3027,Ações e Serviços da Saúde Animal,9291,Construção e Serviços do Hospital para Animais de Grande Porte da Cidade de São Paulo,0,Tesouro Municipal,1.000,30.000.000,30.000.000,30.000.000
84,Fundo Municipal de Saúde,10,Fundo Municipal de Saúde,10,Saúde,304,Vigilância Sanitária,3027,Ações e Serviços da Saúde Animal,9292,Fomento ao evento Virada da Castração,0,Tesouro Municipal,1.000,3.000.000,3.000.000,3.000.000
84,Fundo Municipal de Saúde,10,Fundo Municipal de Saúde,10,Saúde,422,"Direitos Individuais, Coletivos e Difusos",3012,"Participação, Transparência e Controle Social da Administração Pública",2803,Manutenção e Operação dos Conselhos e Espaços Participativos Municipais,0,Tesouro Municipal,351.700,396.248,403.581,429.125
84,Fundo Municipal de Saúde,10,Fundo Municipal de Saúde,10,Saúde,422,"Direitos Individuais, Coletivos e Difusos",3012,"Participação, Transparência e Controle Social da Administração Pública",6250,Realização de Conferências Municipais Temáticas,0,Tesouro Municipal,252.000,283.920,289.174,307.477
84,Fundo Municipal de Saúde,10,Fundo Municipal de Saúde,14,Direitos da Cidadania,242,Assistência ao Portador de Deficiência,3003,"Ações e Serviços da Saúde em Atenção Básica, Especialidades e Vigilância",9489,"Execução e ampliação do projeto Território Inclusivo, de atendimento a mulheres com deficiência na Rede Municipal de Saúde, conforme Lei no 17.589/2021.",0,Tesouro Municipal,0,5.000.000,5.000.000,5.000.000
84,Fundo Municipal de Saúde,11,Fundo Municipal de Saúde/BID,10,Saúde,122,Administração Geral,3003,"Ações e Serviços da Saúde em Atenção Básica, Especialidades e Vigilância",5204,"Avança Saúde SP - Ampliação, Reforma e Requalificação de Equipamentos de Saúde",0,Tesouro Municipal,15.000.000,4.793.620,4.668.717,4.670.065
84,Fundo Municipal de Saúde,11,Fundo Municipal de Saúde/BID,10,Saúde,122,Administração Geral,3003,"Ações e Serviços da Saúde em Atenção Básica, Especialidades e Vigilância",5204,"Avança Saúde SP - Ampliação, Reforma e Requalificação de Equipamentos de Saúde",1,Operações de Crédito,19.601.312,4.194.140,797.368,55.521
84,Fundo Municipal de Saúde,11,Fundo Municipal de Saúde/BID,10,Saúde,126,Tecnologia da Informação,3003,"Ações e Serviços da Saúde em Atenção Básica, Especialidades e Vigilância",5204,"Avança Saúde SP - Ampliação, Reforma e Requalificação de Equipamentos de Saúde",1,Operações de Crédito,47.946.615,10.259.248,1.950.431,135.803
84,Fundo Municipal de Saúde,11,Fundo Municipal de Saúde/BID,10,Saúde,128,Formação de Recursos Humanos,3003,"Ações e Serviços da Saúde em Atenção Básica, Especialidades e Vigilância",5204,"Avança Saúde SP - Ampliação, Reforma e Requalificação de Equipamentos de Saúde",1,Operações de Crédito,3.500.000,748.903,142.377,9.913
84,Fundo Municipal de Saúde,11,Fundo Municipal de Saúde/BID,10,Saúde,301,Atenção Básica,3003,"Ações e Serviços da Saúde em Atenção Básica, Especialidades e Vigilância",5204,"Avança Saúde SP - Ampliação, Reforma e Requalificação de Equipamentos de Saúde",0,Tesouro Municipal,21.000.000,6.711.066,6.536.201,6.538.090
84,Fundo Municipal de Saúde,11,Fundo Municipal de Saúde/BID,10,Saúde,301,Atenção Básica,3003,"Ações e Serviços da Saúde em Atenção Básica, Especialidades e Vigilância",5204,"Avança Saúde SP - Ampliação, Reforma e Requalificação de Equipamentos de Saúde",1,Operações de Crédito,58.625.746,12.544.287,2.384.850,166.050
84,Fundo Municipal de Saúde,11,Fundo Municipal de Saúde/BID,10,Saúde,302,Assistência Hospitalar e Ambulatorial,3003,"Ações e Serviços da Saúde em Atenção Básica, Especialidades e Vigilância",5204,"Avança Saúde SP - Ampliação, Reforma e Requalificação de Equipamentos de Saúde",0,Tesouro Municipal,14.000.000,4.474.044,4.357.467,4.358.726
84,Fundo Municipal de Saúde,11,Fundo Municipal de Saúde/BID,10,Saúde,302,Assistência Hospitalar e Ambulatorial,3003,"Ações e Serviços da Saúde em Atenção Básica, Especialidades e Vigilância",5204,"Avança Saúde SP - Ampliação, Reforma e Requalificação de Equipamentos de Saúde",1,Operações de Crédito,60.978.237,13.047.655,2.480.548,172.713
84,Fundo Municipal de Saúde,11,Fundo Municipal de Saúde/BID,10,Saúde,302,Assistência Hospitalar e Ambulatorial,3003,"Ações e Serviços da Saúde em Atenção Básica, Especialidades e Vigilância",5204,"Avança Saúde SP - Ampliação, Reforma e Requalificação de Equipamentos de Saúde",2,Transferências Federais,1.000,0,0,0
84,Fundo Municipal de Saúde,21,Hosp.Munic. e Maternidade Escola Dr. Mário de Moraes Altenfelder Silva,10,Saúde,302,Assistência Hospitalar e Ambulatorial,3026,Ações e Serviços da Saúde em Atenção Hospitalar e de Urgência e Emergência,2507,Manutenção e Operação em Atenção Hospitalar e de Urgência e Emergência,0,Tesouro Municipal,38.544.628,42.502.879,43.004.349,45.290.322
84,Fundo Municipal de Saúde,22,Coordenação de Vigilância em Saúde,10,Saúde,122,Administração Geral,3024,Suporte Administrativo,2100,Administração da Unidade,0,Tesouro Municipal,7.427.750,8.368.592,8.523.476,9.062.948
84,Fundo Municipal de Saúde,22,Coordenação de Vigilância em Saúde,10,Saúde,126,Tecnologia da Informação,3011,"Modernização Tecnológica, Desburocratização e Inovação do Serviço Público",2818,"Aquisição de Materiais, Equipamentos e Serviços de Informação e Comunicação",0,Tesouro Municipal,347.325,391.319,398.561,423.788
84,Fundo Municipal de Saúde,22,Coordenação de Vigilância em Saúde,10,Saúde,304,Vigilância Sanitária,3003,"Ações e Serviços da Saúde em Atenção Básica, Especialidades e Vigilância",2522,Manutenção e Operação de Vigilância em Saúde,0,Tesouro Municipal,31.542.726,35.538.113,36.195.843,38.486.770
84,Fundo Municipal de Saúde,22,Coordenação de Vigilância em Saúde,10,Saúde,304,Vigilância Sanitária,3027,Ações e Serviços da Saúde Animal,9308,E2154 - Construção de um hospital veterinário na Zona Sul.,0,Tesouro Municipal,1.000,0,0,0
84,Fundo Municipal de Saúde,22,Coordenação de Vigilância em Saúde,10,Saúde,304,Vigilância Sanitária,3027,Ações e Serviços da Saúde Animal,9309,E2155 - Construção de um hospital veterinário na região Leste de São Paulo.,0,Tesouro Municipal,1.000,0,0,0
84,Fundo Municipal de Saúde,23,Coordenadoria Regional de Saúde Norte,10,Saúde,122,Administração Geral,3024,Suporte Administrativo,2100,Administração da Unidade,0,Tesouro Municipal,457.512,515.462,525.002,558.231
84,Fundo Municipal de Saúde,23,Coordenadoria Regional de Saúde Norte,10,Saúde,301,Atenção Básica,3003,"Ações e Serviços da Saúde em Atenção Básica, Especialidades e Vigilância",2520,"Manutenção e Operação em Atenção Básica, Especialidades e de Serviços Auxiliares de Diagnóstico e Terapia",0,Tesouro Municipal,58.859.277,66.314.738,67.542.074,71.816.985
84,Fundo Municipal de Saúde,23,Coordenadoria Regional de Saúde Norte,10,Saúde,301,Atenção Básica,3003,"Ações e Serviços da Saúde em Atenção Básica, Especialidades e Vigilância",2530,"Administração de Material  Médico Hospitalar e Ambulatorial em Atenção Básica, Especialidades e Vigilância",0,Tesouro Municipal,165.000,185.899,189.340,201.324
84,Fundo Municipal de Saúde,23,Coordenadoria Regional de Saúde Norte,10,Saúde,301,Atenção Básica,3003,"Ações e Serviços da Saúde em Atenção Básica, Especialidades e Vigilância",9300,E1013 - Execução de Programa de Combate à Violência contra a Mulher,0,Tesouro Municipal,150.000,0,0,0
84,Fundo Municipal de Saúde,23,Coordenadoria Regional de Saúde Norte,10,Saúde,301,Atenção Básica,3003,"Ações e Serviços da Saúde em Atenção Básica, Especialidades e Vigilância",9317,E118 - Ampliação e Reforma da UBS - Jardim Vista Alegre,0,Tesouro Municipal,1.000.000,0,0,0
84,Fundo Municipal de Saúde,23,Coordenadoria Regional de Saúde Norte,10,Saúde,302,Assistência Hospitalar e Ambulatorial,3003,"Ações e Serviços da Saúde em Atenção Básica, Especialidades e Vigilância",9316,"E117 - Construção de Hospital Dia - HD e de Centro Especializado em Reabilitação - CER na região da Casa Verde, Rua Doutor Gabriel Covelli, 779",0,Tesouro Municipal,1.000,0,0,0
84,Fundo Municipal de Saúde,23,Coordenadoria Regional de Saúde Norte,10,Saúde,303,Suporte Profilático e Terapêutico,3003,"Ações e Serviços da Saúde em Atenção Básica, Especialidades e Vigilância",2519,"Manutenção e Operação em Atenção Básica, Especialidades e Vigilância da Assistência Farmacêutica",0,Tesouro Municipal,33.000,37.179,37.868,40.265
84,Fundo Municipal de Saúde,23,Coordenadoria Regional de Saúde Norte,10,Saúde,422,"Direitos Individuais, Coletivos e Difusos",3012,"Participação, Transparência e Controle Social da Administração Pública",2803,Manutenção e Operação dos Conselhos e Espaços Participativos Municipais,0,Tesouro Municipal,19.800,22.307,22.721,24.158
84,Fundo Municipal de Saúde,24,Coordenadoria Regional de Saúde Sul,10,Saúde,122,Administração Geral,3024,Suporte Administrativo,2100,Administração da Unidade,0,Tesouro Municipal,18.276.034,20.590.983,20.972.076,22.299.452
84,Fundo Municipal de Saúde,24,Coordenadoria Regional de Saúde Sul,10,Saúde,301,Atenção Básica,3003,"Ações e Serviços da Saúde em Atenção Básica, Especialidades e Vigilância",2520,"Manutenção e Operação em Atenção Básica, Especialidades e de Serviços Auxiliares de Diagnóstico e Terapia",0,Tesouro Municipal,78.357.119,88.282.291,89.916.197,95.607.223
84,Fundo Municipal de Saúde,24,Coordenadoria Regional de Saúde Sul,10,Saúde,301,Atenção Básica,3003,"Ações e Serviços da Saúde em Atenção Básica, Especialidades e Vigilância",2530,"Administração de Material  Médico Hospitalar e Ambulatorial em Atenção Básica, Especialidades e Vigilância",0,Tesouro Municipal,2.354.000,2.652.170,2.701.257,2.872.226
84,Fundo Municipal de Saúde,24,Coordenadoria Regional de Saúde Sul,10,Saúde,302,Assistência Hospitalar e Ambulatorial,3003,"Ações e Serviços da Saúde em Atenção Básica, Especialidades e Vigilância",9304,E1017 - Equipamentos para as Unidades de Saúde da Coordenadoria,0,Tesouro Municipal,250.000,0,0,0
84,Fundo Municipal de Saúde,24,Coordenadoria Regional de Saúde Sul,10,Saúde,302,Assistência Hospitalar e Ambulatorial,3003,"Ações e Serviços da Saúde em Atenção Básica, Especialidades e Vigilância",9305,E1018 - Manutenção e Revitalização das Unidades de Saúde da Coordenadoria,0,Tesouro Municipal,250.000,0,0,0
84,Fundo Municipal de Saúde,24,Coordenadoria Regional de Saúde Sul,10,Saúde,303,Suporte Profilático e Terapêutico,3003,"Ações e Serviços da Saúde em Atenção Básica, Especialidades e Vigilância",2519,"Manutenção e Operação em Atenção Básica, Especialidades e Vigilância da Assistência Farmacêutica",0,Tesouro Municipal,253.000,285.045,290.322,308.696
84,Fundo Municipal de Saúde,24,Coordenadoria Regional de Saúde Sul,10,Saúde,422,"Direitos Individuais, Coletivos e Difusos",3012,"Participação, Transparência e Controle Social da Administração Pública",2803,Manutenção e Operação dos Conselhos e Espaços Participativos Municipais,0,Tesouro Municipal,80.080,90.223,91.892,97.709
84,Fundo Municipal de Saúde,25,Coordenadoria Regional de Saúde Sudeste,10,Saúde,122,Administração Geral,3024,Suporte Administrativo,2100,Administração da Unidade,0,Tesouro Municipal,6.622.204,7.461.011,7.599.097,8.080.064
84,Fundo Municipal de Saúde,25,Coordenadoria Regional de Saúde Sudeste,10,Saúde,301,Atenção Básica,3003,"Ações e Serviços da Saúde em Atenção Básica, Especialidades e Vigilância",2520,"Manutenção e Operação em Atenção Básica, Especialidades e de Serviços Auxiliares de Diagnóstico e Terapia",0,Tesouro Municipal,71.472.629,80.525.772,82.016.122,87.207.132
84,Fundo Municipal de Saúde,25,Coordenadoria Regional de Saúde Sudeste,10,Saúde,301,Atenção Básica,3003,"Ações e Serviços da Saúde em Atenção Básica, Especialidades e Vigilância",2530,"Administração de Material  Médico Hospitalar e Ambulatorial em Atenção Básica, Especialidades e Vigilância",0,Tesouro Municipal,187.000,210.686,214.586,228.167
84,Fundo Municipal de Saúde,25,Coordenadoria Regional de Saúde Sudeste,10,Saúde,303,Suporte Profilático e Terapêutico,3003,"Ações e Serviços da Saúde em Atenção Básica, Especialidades e Vigilância",2519,"Manutenção e Operação em Atenção Básica, Especialidades e Vigilância da Assistência Farmacêutica",0,Tesouro Municipal,110.000,123.933,126.227,134.216
84,Fundo Municipal de Saúde,25,Coordenadoria Regional de Saúde Sudeste,10,Saúde,304,Vigilância Sanitária,3003,"Ações e Serviços da Saúde em Atenção Básica, Especialidades e Vigilância",9318,E119 - Construção de Crematório de Animais na Região do Ipiranga,0,Tesouro Municipal,1.000,0,0,0
84,Fundo Municipal de Saúde,25,Coordenadoria Regional de Saúde Sudeste,10,Saúde,422,"Direitos Individuais, Coletivos e Difusos",3012,"Participação, Transparência e Controle Social da Administração Pública",2803,Manutenção e Operação dos Conselhos e Espaços Participativos Municipais,0,Tesouro Municipal,33.000,37.179,37.868,40.265
84,Fundo Municipal de Saúde,26,Coordenadoria Regional de Saúde Leste,10,Saúde,122,Administração Geral,3024,Suporte Administrativo,2100,Administração da Unidade,0,Tesouro Municipal,9.379.195,10.567.219,10.762.794,11.443.998
84,Fundo Municipal de Saúde,26,Coordenadoria Regional de Saúde Leste,10,Saúde,301,Atenção Básica,3003,"Ações e Serviços da Saúde em Atenção Básica, Especialidades e Vigilância",2520,"Manutenção e Operação em Atenção Básica, Especialidades e de Serviços Auxiliares de Diagnóstico e Terapia",0,Tesouro Municipal,58.642.195,66.070.160,67.292.969,71.552.113
84,Fundo Municipal de Saúde,26,Coordenadoria Regional de Saúde Leste,10,Saúde,301,Atenção Básica,3003,"Ações e Serviços da Saúde em Atenção Básica, Especialidades e Vigilância",2530,"Administração de Material  Médico Hospitalar e Ambulatorial em Atenção Básica, Especialidades e Vigilância",0,Tesouro Municipal,660.000,743.599,757.361,805.297
84,Fundo Municipal de Saúde,26,Coordenadoria Regional de Saúde Leste,10,Saúde,303,Suporte Profilático e Terapêutico,3003,"Ações e Serviços da Saúde em Atenção Básica, Especialidades e Vigilância",2519,"Manutenção e Operação em Atenção Básica, Especialidades e Vigilância da Assistência Farmacêutica",0,Tesouro Municipal,88.000,99.146,100.981,107.373
84,Fundo Municipal de Saúde,26,Coordenadoria Regional de Saúde Leste,10,Saúde,422,"Direitos Individuais, Coletivos e Difusos",3012,"Participação, Transparência e Controle Social da Administração Pública",2803,Manutenção e Operação dos Conselhos e Espaços Participativos Municipais,0,Tesouro Municipal,57.200,64.445,65.637,69.792
84,Fundo Municipal de Saúde,27,Coordenadoria Regional de Saúde Oeste,10,Saúde,122,Administração Geral,3024,Suporte Administrativo,2100,Administração da Unidade,0,Tesouro Municipal,4.496.782,5.066.370,5.160.138,5.486.736
84,Fundo Municipal de Saúde,27,Coordenadoria Regional de Saúde Oeste,10,Saúde,301,Atenção Básica,3003,"Ações e Serviços da Saúde em Atenção Básica, Especialidades e Vigilância",2520,"Manutenção e Operação em Atenção Básica, Especialidades e de Serviços Auxiliares de Diagnóstico e Terapia",0,Tesouro Municipal,33.808.252,38.090.604,38.795.574,41.251.046
84,Fundo Municipal de Saúde,27,Coordenadoria Regional de Saúde Oeste,10,Saúde,301,Atenção Básica,3003,"Ações e Serviços da Saúde em Atenção Básica, Especialidades e Vigilância",2530,"Administração de Material  Médico Hospitalar e Ambulatorial em Atenção Básica, Especialidades e Vigilância",0,Tesouro Municipal,237.052,7.483.326,7.621.825,8.104.230
84,Fundo Municipal de Saúde,27,Coordenadoria Regional de Saúde Oeste,10,Saúde,301,Atenção Básica,3003,"Ações e Serviços da Saúde em Atenção Básica, Especialidades e Vigilância",9303,E1016 - Manutenção Predial e Revitalização de Unidades Básicas de Saúde,0,Tesouro Municipal,400.000,0,0,0
84,Fundo Municipal de Saúde,27,Coordenadoria Regional de Saúde Oeste,10,Saúde,303,Suporte Profilático e Terapêutico,3003,"Ações e Serviços da Saúde em Atenção Básica, Especialidades e Vigilância",2519,"Manutenção e Operação em Atenção Básica, Especialidades e Vigilância da Assistência Farmacêutica",0,Tesouro Municipal,11.000,12.393,12.622,13.422
84,Fundo Municipal de Saúde,27,Coordenadoria Regional de Saúde Oeste,10,Saúde,422,"Direitos Individuais, Coletivos e Difusos",3012,"Participação, Transparência e Controle Social da Administração Pública",2803,Manutenção e Operação dos Conselhos e Espaços Participativos Municipais,0,Tesouro Municipal,38.500,43.376,44.179,46.975
84,Fundo Municipal de Saúde,28,Coordenadoria Regional de Saúde Centro,10,Saúde,122,Administração Geral,3024,Suporte Administrativo,2100,Administração da Unidade,0,Tesouro Municipal,5.080.097,5.723.572,5.829.502,6.198.466
84,Fundo Municipal de Saúde,28,Coordenadoria Regional de Saúde Centro,10,Saúde,301,Atenção Básica,3003,"Ações e Serviços da Saúde em Atenção Básica, Especialidades e Vigilância",2520,"Manutenção e Operação em Atenção Básica, Especialidades e de Serviços Auxiliares de Diagnóstico e Terapia",0,Tesouro Municipal,6.642.010,7.483.326,7.621.825,8.104.230
84,Fundo Municipal de Saúde,28,Coordenadoria Regional de Saúde Centro,10,Saúde,301,Atenção Básica,3003,"Ações e Serviços da Saúde em Atenção Básica, Especialidades e Vigilância",2530,"Administração de Material  Médico Hospitalar e Ambulatorial em Atenção Básica, Especialidades e Vigilância",0,Tesouro Municipal,134.200,151.198,153.997,163.743
84,Fundo Municipal de Saúde,28,Coordenadoria Regional de Saúde Centro,10,Saúde,303,Suporte Profilático e Terapêutico,3003,"Ações e Serviços da Saúde em Atenção Básica, Especialidades e Vigilância",2519,"Manutenção e Operação em Atenção Básica, Especialidades e Vigilância da Assistência Farmacêutica",0,Tesouro Municipal,23.100,26.025,26.507,28.185
84,Fundo Municipal de Saúde,28,Coordenadoria Regional de Saúde Centro,10,Saúde,422,"Direitos Individuais, Coletivos e Difusos",3012,"Participação, Transparência e Controle Social da Administração Pública",2803,Manutenção e Operação dos Conselhos e Espaços Participativos Municipais,0,Tesouro Municipal,5.775,6.506,6.626,7.046
85,Fundação Theatro Municipal de São Paulo,10,Fundação Theatro Municipal de São Paulo,13,Cultura,122,Administração Geral,3001,Acesso à Cultura,6439,Ações de Difusão Cultural do Theatro Municipal - Administrativos,0,Tesouro Municipal,6.242.590,5.570.666,5.758.495,6.023.623
85,Fundação Theatro Municipal de São Paulo,10,Fundação Theatro Municipal de São Paulo,13,Cultura,122,Administração Geral,3024,Suporte Administrativo,2100,Administração da Unidade,0,Tesouro Municipal,4.571.967,4.080.718,4.218.352,4.412.626
85,Fundação Theatro Municipal de São Paulo,10,Fundação Theatro Municipal de São Paulo,13,Cultura,126,Tecnologia da Informação,3011,"Modernização Tecnológica, Desburocratização e Inovação do Serviço Público",1220,Desenvolvimento de Sistemas de Informação e Comunicação,0,Tesouro Municipal,1.000,1.000,1.000,1.000
85,Fundação Theatro Municipal de São Paulo,10,Fundação Theatro Municipal de São Paulo,13,Cultura,126,Tecnologia da Informação,3011,"Modernização Tecnológica, Desburocratização e Inovação do Serviço Público",2818,"Aquisição de Materiais, Equipamentos e Serviços de Informação e Comunicação",0,Tesouro Municipal,110.000,98.159,101.469,106.141
85,Fundação Theatro Municipal de São Paulo,10,Fundação Theatro Municipal de São Paulo,13,Cultura,126,Tecnologia da Informação,3024,Suporte Administrativo,2171,Manutenção e Operação de Sistemas de Informação e Comunicação,0,Tesouro Municipal,250.000,223.090,230.612,241.230
85,Fundação Theatro Municipal de São Paulo,10,Fundação Theatro Municipal de São Paulo,13,Cultura,392,Difusão Cultural,3001,Acesso à Cultura,6434,Ações de formação das Escolas de Música e Dança do Theatro Municipal e da Praça das Artes,0,Tesouro Municipal,17.964.061,17.142.665,17.720.673,18.536.555
85,Fundação Theatro Municipal de São Paulo,10,Fundação Theatro Municipal de São Paulo,13,Cultura,392,Difusão Cultural,3001,Acesso à Cultura,6434,Ações de formação das Escolas de Música e Dança do Theatro Municipal e da Praça das Artes,6,Recursos Próprios da Administração Indireta,115.000,118.000,120.000,122.000
85,Fundação Theatro Municipal de São Paulo,10,Fundação Theatro Municipal de São Paulo,13,Cultura,392,Difusão Cultural,3001,Acesso à Cultura,6438,Ações de Difusão Cultural do Theatro Municipal - Programação Artística,0,Tesouro Municipal,8.207.105,7.323.733,7.570.673,7.919.234
85,Fundação Theatro Municipal de São Paulo,10,Fundação Theatro Municipal de São Paulo,13,Cultura,392,Difusão Cultural,3001,Acesso à Cultura,6490,"Ações de Difusão Cultural do Theatro Municipal - Grupos Artísticos, Técnicos e Administrativos",0,Tesouro Municipal,84.817.280,83.440.025,86.253.417,90.224.628
85,Fundação Theatro Municipal de São Paulo,10,Fundação Theatro Municipal de São Paulo,13,Cultura,392,Difusão Cultural,3001,Acesso à Cultura,6491,Ações de Difusão Cultural do Theatro Municipal - Patrimônio,0,Tesouro Municipal,10.413.440,10.244.346,10.589.760,11.077.325
86,Fundo Municipal de Saneamento Ambiental e Infraestrutura,12,FMSAI - Secretaria Municipal das Subprefeituras,15,Urbanismo,543,Recuperação de Áreas Degradadas,3022,Requalificação e Promoção da Ocupação dos Espaços Públicos,1193,Obras e Serviços nas Áreas de Riscos Geológicos,3,Transferências Estaduais,17.242.745,17.262.336,20.202.622,22.175.873
86,Fundo Municipal de Saneamento Ambiental e Infraestrutura,12,FMSAI - Secretaria Municipal das Subprefeituras,17,Saneamento,451,Infra-Estrutura Urbana,3008,Gestão dos Riscos e Promoção da Resiliência a Desastres e Eventos Críticos,5013,Intervenções no Sistema de Drenagem,3,Transferências Estaduais,8.019.000,8.028.112,9.395.537,10.313.227
86,Fundo Municipal de Saneamento Ambiental e Infraestrutura,14,FMSAI - Secretaria Municipal da Habitação,16,Habitação,451,Infra-Estrutura Urbana,3002,Acesso à Moradia Adequada,3354,Construção de Unidades Habitacionais,3,Transferências Estaduais,2.616.311,2.619.284,3.065.434,3.364.850
86,Fundo Municipal de Saneamento Ambiental e Infraestrutura,14,FMSAI - Secretaria Municipal da Habitação,16,Habitação,451,Infra-Estrutura Urbana,3002,Acesso à Moradia Adequada,3356,Regularização Fundiária,3,Transferências Estaduais,2.000,2.000,2.000,2.000
86,Fundo Municipal de Saneamento Ambiental e Infraestrutura,14,FMSAI - Secretaria Municipal da Habitação,16,Habitação,451,Infra-Estrutura Urbana,3002,Acesso à Moradia Adequada,3357,Urbanização de Favelas,3,Transferências Estaduais,3.000,3.000,3.000,3.000
86,Fundo Municipal de Saneamento Ambiental e Infraestrutura,14,FMSAI - Secretaria Municipal da Habitação,16,Habitação,482,Habitação Urbana,3005,Promoção da Sustentabilidade Ambiental,3355,Execução do Programa de Mananciais,3,Transferências Estaduais,244.943.772,245.220.120,286.989.526,315.021.335
86,Fundo Municipal de Saneamento Ambiental e Infraestrutura,22,FMSAI - Secretaria Municipal de Infraestrutura Urbana e Obras,15,Urbanismo,452,Serviços Urbanos,3005,Promoção da Sustentabilidade Ambiental,5087,Compensações Ambientais,3,Transferências Estaduais,3.703.394,3.800.000,3.800.000,3.800.000
86,Fundo Municipal de Saneamento Ambiental e Infraestrutura,22,FMSAI - Secretaria Municipal de Infraestrutura Urbana e Obras,17,Saneamento,451,Infra-Estrutura Urbana,3008,Gestão dos Riscos e Promoção da Resiliência a Desastres e Eventos Críticos,5013,Intervenções no Sistema de Drenagem,3,Transferências Estaduais,192.900.918,193.027.721,226.553.290,249.052.587
86,Fundo Municipal de Saneamento Ambiental e Infraestrutura,27,FMSAI - Secretaria Municipal do Verde e Meio Ambiente,18,Gestão Ambiental,541,Preservação e Conservação Ambiental,3005,Promoção da Sustentabilidade Ambiental,1702,Construção e Implantação de Parques Urbanos e Lineares,3,Transferências Estaduais,17.601.085,17.703.315,20.718.712,22.742.370
86,Fundo Municipal de Saneamento Ambiental e Infraestrutura,27,FMSAI - Secretaria Municipal do Verde e Meio Ambiente,18,Gestão Ambiental,541,Preservação e Conservação Ambiental,3005,Promoção da Sustentabilidade Ambiental,1703,"Ampliação, Reforma e Requalificação de Parques Urbanos e Lineares",3,Transferências Estaduais,17.763.355,17.703.312,20.718.708,22.742.364
86,Fundo Municipal de Saneamento Ambiental e Infraestrutura,27,FMSAI - Secretaria Municipal do Verde e Meio Ambiente,18,Gestão Ambiental,541,Preservação e Conservação Ambiental,3005,Promoção da Sustentabilidade Ambiental,1704,Construção e Implantação de Unidades de Conservação,3,Transferências Estaduais,1.000,1.000,1.000,1.000
86,Fundo Municipal de Saneamento Ambiental e Infraestrutura,27,FMSAI - Secretaria Municipal do Verde e Meio Ambiente,18,Gestão Ambiental,541,Preservação e Conservação Ambiental,3005,Promoção da Sustentabilidade Ambiental,1705,"Ampliação, Reforma e Requalificação de Unidades de Conservação",3,Transferências Estaduais,1.000,1.000,1.000,1.000
87,Fundo Municipal de Desenvolvimento de Trânsito,10,Fundo Municipal de Desenvolvimento de Trânsito,4,Administração,123,Administração Financeira,0,Encargos Especiais,6835,Tarifa de Arrecadação de Multas,8,Tesouro Municipal - Recursos Vinculados,13.200.000,13.236.162,13.260.907,13.287.801
87,Fundo Municipal de Desenvolvimento de Trânsito,10,Fundo Municipal de Desenvolvimento de Trânsito,14,Direitos da Cidadania,422,"Direitos Individuais, Coletivos e Difusos",3009,Melhoria da Mobilidade Urbana Universal,4657,Ações de Educação de Trânsito,8,Tesouro Municipal - Recursos Vinculados,24.000.000,24.065.749,24.110.741,24.159.640
87,Fundo Municipal de Desenvolvimento de Trânsito,10,Fundo Municipal de Desenvolvimento de Trânsito,15,Urbanismo,451,Infra-Estrutura Urbana,3009,Melhoria da Mobilidade Urbana Universal,5100,Intervenções no Sistema Viário,8,Tesouro Municipal - Recursos Vinculados,2.000,2.000,2.000,2.000
87,Fundo Municipal de Desenvolvimento de Trânsito,10,Fundo Municipal de Desenvolvimento de Trânsito,15,Urbanismo,451,Infra-Estrutura Urbana,3009,Melhoria da Mobilidade Urbana Universal,5187,Recuperação e Reforço de Obras de Arte Especiais - OAE,8,Tesouro Municipal - Recursos Vinculados,2.000,2.000,2.000,2.000
87,Fundo Municipal de Desenvolvimento de Trânsito,10,Fundo Municipal de Desenvolvimento de Trânsito,15,Urbanismo,451,Infra-Estrutura Urbana,3009,Melhoria da Mobilidade Urbana Universal,5287,Inspeção de Obras de Artes Especiais - OAE,8,Tesouro Municipal - Recursos Vinculados,1.000,1.000,1.000,1.000
87,Fundo Municipal de Desenvolvimento de Trânsito,10,Fundo Municipal de Desenvolvimento de Trânsito,15,Urbanismo,452,Serviços Urbanos,3006,Promoção dos Direitos da Pessoa com Deficiência,1169,Reforma e Acessibilidade em Passeios Públicos,8,Tesouro Municipal - Recursos Vinculados,1.000,1.000,1.000,1.000
87,Fundo Municipal de Desenvolvimento de Trânsito,10,Fundo Municipal de Desenvolvimento de Trânsito,15,Urbanismo,452,Serviços Urbanos,3009,Melhoria da Mobilidade Urbana Universal,3757,Implantação de Projetos de Redesenho Urbano para Segurança Viária,8,Tesouro Municipal - Recursos Vinculados,2.000,2.000,2.000,2.000
87,Fundo Municipal de Desenvolvimento de Trânsito,10,Fundo Municipal de Desenvolvimento de Trânsito,15,Urbanismo,452,Serviços Urbanos,3022,Requalificação e Promoção da Ocupação dos Espaços Públicos,1137,Pavimentação e Recapeamento de Vias,8,Tesouro Municipal - Recursos Vinculados,1.000,1.000,1.000,1.000
87,Fundo Municipal de Desenvolvimento de Trânsito,10,Fundo Municipal de Desenvolvimento de Trânsito,26,Transporte,126,Tecnologia da Informação,3011,"Modernização Tecnológica, Desburocratização e Inovação do Serviço Público",1220,Desenvolvimento de Sistemas de Informação e Comunicação,8,Tesouro Municipal - Recursos Vinculados,1.000,1.000,1.000,1.000
87,Fundo Municipal de Desenvolvimento de Trânsito,10,Fundo Municipal de Desenvolvimento de Trânsito,26,Transporte,126,Tecnologia da Informação,3011,"Modernização Tecnológica, Desburocratização e Inovação do Serviço Público",2818,"Aquisição de Materiais, Equipamentos e Serviços de Informação e Comunicação",8,Tesouro Municipal - Recursos Vinculados,10.094.000,10.121.652,10.140.576,10.161.141
87,Fundo Municipal de Desenvolvimento de Trânsito,10,Fundo Municipal de Desenvolvimento de Trânsito,26,Transporte,126,Tecnologia da Informação,3024,Suporte Administrativo,2171,Manutenção e Operação de Sistemas de Informação e Comunicação,8,Tesouro Municipal - Recursos Vinculados,65.000.000,94.264.212,94.440.441,94.631.976
87,Fundo Municipal de Desenvolvimento de Trânsito,10,Fundo Municipal de Desenvolvimento de Trânsito,26,Transporte,181,Policiamento,3009,Melhoria da Mobilidade Urbana Universal,4656,Manutenção e Operação do Policiamento de Trânsito,8,Tesouro Municipal - Recursos Vinculados,37.932.225,38.036.142,38.107.250,38.184.537
87,Fundo Municipal de Desenvolvimento de Trânsito,10,Fundo Municipal de Desenvolvimento de Trânsito,26,Transporte,451,Infra-Estrutura Urbana,3022,Requalificação e Promoção da Ocupação dos Espaços Públicos,2340,Operação Tapa Buraco,8,Tesouro Municipal - Recursos Vinculados,278.492.854,1.000,1.000,1.000
87,Fundo Municipal de Desenvolvimento de Trânsito,10,Fundo Municipal de Desenvolvimento de Trânsito,26,Transporte,451,Infra-Estrutura Urbana,3022,Requalificação e Promoção da Ocupação dos Espaços Públicos,2341,Manutenção de Vias e Áreas Públicas,8,Tesouro Municipal - Recursos Vinculados,1.000,1.003,1.005,1.007
87,Fundo Municipal de Desenvolvimento de Trânsito,10,Fundo Municipal de Desenvolvimento de Trânsito,26,Transporte,453,Transportes Coletivos Urbanos,3009,Melhoria da Mobilidade Urbana Universal,1095,Construção de Terminais de Ônibus,8,Tesouro Municipal - Recursos Vinculados,67.030.294,3.000,3.000,3.000
87,Fundo Municipal de Desenvolvimento de Trânsito,10,Fundo Municipal de Desenvolvimento de Trânsito,26,Transporte,453,Transportes Coletivos Urbanos,3009,Melhoria da Mobilidade Urbana Universal,1096,"Acessibilidade, Ampliação, Reforma e Requalificação de Terminais de Ônibus",8,Tesouro Municipal - Recursos Vinculados,2.000,2.000,2.000,2.000
87,Fundo Municipal de Desenvolvimento de Trânsito,10,Fundo Municipal de Desenvolvimento de Trânsito,26,Transporte,453,Transportes Coletivos Urbanos,3009,Melhoria da Mobilidade Urbana Universal,1099,Construção de Corredores de Ônibus,8,Tesouro Municipal - Recursos Vinculados,3.000,3.000,3.000,3.000
87,Fundo Municipal de Desenvolvimento de Trânsito,10,Fundo Municipal de Desenvolvimento de Trânsito,26,Transporte,453,Transportes Coletivos Urbanos,3009,Melhoria da Mobilidade Urbana Universal,1100,"Ampliação, Reforma e Requalificação de Corredores de Ônibus",8,Tesouro Municipal - Recursos Vinculados,39.605.335,3.000,3.000,3.000
87,Fundo Municipal de Desenvolvimento de Trânsito,10,Fundo Municipal de Desenvolvimento de Trânsito,26,Transporte,453,Transportes Coletivos Urbanos,3009,Melhoria da Mobilidade Urbana Universal,2096,Manutenção e Operação de Terminais de Ônibus,8,Tesouro Municipal - Recursos Vinculados,74.649.268,1.003,1.005,1.007
87,Fundo Municipal de Desenvolvimento de Trânsito,10,Fundo Municipal de Desenvolvimento de Trânsito,26,Transporte,453,Transportes Coletivos Urbanos,3009,Melhoria da Mobilidade Urbana Universal,2099,Manutenção de Corredores de Ônibus,8,Tesouro Municipal - Recursos Vinculados,1.000,1.003,1.005,1.007
87,Fundo Municipal de Desenvolvimento de Trânsito,10,Fundo Municipal de Desenvolvimento de Trânsito,26,Transporte,453,Transportes Coletivos Urbanos,3009,Melhoria da Mobilidade Urbana Universal,4662,Manutenção de Corredores de Ônibus e Faixa Exclusiva de Ônibus em Pavimento Flexível,8,Tesouro Municipal - Recursos Vinculados,1.000,1.003,1.005,1.007
87,Fundo Municipal de Desenvolvimento de Trânsito,10,Fundo Municipal de Desenvolvimento de Trânsito,26,Transporte,453,Transportes Coletivos Urbanos,3009,Melhoria da Mobilidade Urbana Universal,5392,Implantação de Corredores de Ônibus Novos,8,Tesouro Municipal - Recursos Vinculados,1.000,1.000,1.000,1.000
87,Fundo Municipal de Desenvolvimento de Trânsito,10,Fundo Municipal de Desenvolvimento de Trânsito,26,Transporte,453,Transportes Coletivos Urbanos,3009,Melhoria da Mobilidade Urbana Universal,5393,"Ampliação, Reforma e Requalificação de Corredores de Ônibus e Faixa Exclusiva de Ônibus em Pavimento Rígido",8,Tesouro Municipal - Recursos Vinculados,1.000,1.000,1.000,1.000
87,Fundo Municipal de Desenvolvimento de Trânsito,10,Fundo Municipal de Desenvolvimento de Trânsito,26,Transporte,572,Desenvolvimento Tecnológico e Engenharia,3009,Melhoria da Mobilidade Urbana Universal,1240,Modernização Semafórica,8,Tesouro Municipal - Recursos Vinculados,1.000,1.000,1.000,1.000
87,Fundo Municipal de Desenvolvimento de Trânsito,10,Fundo Municipal de Desenvolvimento de Trânsito,26,Transporte,572,Desenvolvimento Tecnológico e Engenharia,3009,Melhoria da Mobilidade Urbana Universal,3743,Modernização do Controle e Fiscalização de Tráfego,8,Tesouro Municipal - Recursos Vinculados,1.000,1.000,1.000,1.000
87,Fundo Municipal de Desenvolvimento de Trânsito,10,Fundo Municipal de Desenvolvimento de Trânsito,26,Transporte,572,Desenvolvimento Tecnológico e Engenharia,3009,Melhoria da Mobilidade Urbana Universal,4658,Manutenção e Operação da Sinalização do Sistema Viário,8,Tesouro Municipal - Recursos Vinculados,100.000.000,285.377.743,285.911.264,286.491.122
87,Fundo Municipal de Desenvolvimento de Trânsito,10,Fundo Municipal de Desenvolvimento de Trânsito,26,Transporte,572,Desenvolvimento Tecnológico e Engenharia,3009,Melhoria da Mobilidade Urbana Universal,4702,Serviços de Engenharia de Tráfego,8,Tesouro Municipal - Recursos Vinculados,459.910.477,461.135.403,1.051.823.970,1.053.957.237
87,Fundo Municipal de Desenvolvimento de Trânsito,10,Fundo Municipal de Desenvolvimento de Trânsito,26,Transporte,572,Desenvolvimento Tecnológico e Engenharia,3009,Melhoria da Mobilidade Urbana Universal,4703,Manutenção e Operação do Controle e Fiscalização de Tráfego,8,Tesouro Municipal - Recursos Vinculados,150.000.000,397.285.406,398.028.142,398.835.384
87,Fundo Municipal de Desenvolvimento de Trânsito,10,Fundo Municipal de Desenvolvimento de Trânsito,26,Transporte,572,Desenvolvimento Tecnológico e Engenharia,3009,Melhoria da Mobilidade Urbana Universal,6841,Manutenção e Operação Semafórica,8,Tesouro Municipal - Recursos Vinculados,50.000.000,50.136.977,50.230.709,50.332.582
87,Fundo Municipal de Desenvolvimento de Trânsito,10,Fundo Municipal de Desenvolvimento de Trânsito,26,Transporte,785,Transportes Especiais,3009,Melhoria da Mobilidade Urbana Universal,1097,"Construção de Ciclovias, Ciclofaixas e Ciclorrotas",8,Tesouro Municipal - Recursos Vinculados,2.000,2.000,2.000,2.000
87,Fundo Municipal de Desenvolvimento de Trânsito,10,Fundo Municipal de Desenvolvimento de Trânsito,26,Transporte,785,Transportes Especiais,3009,Melhoria da Mobilidade Urbana Universal,1098,"Ampliação, Reforma e Requalificação de Ciclovias, Ciclofaixas e Ciclorrotas",8,Tesouro Municipal - Recursos Vinculados,1.000,1.000,1.000,1.000
87,Fundo Municipal de Desenvolvimento de Trânsito,10,Fundo Municipal de Desenvolvimento de Trânsito,26,Transporte,785,Transportes Especiais,3009,Melhoria da Mobilidade Urbana Universal,2098,"Manutenção de Ciclovias, Ciclofaixas e Ciclorrotas",8,Tesouro Municipal - Recursos Vinculados,1.000,1.003,1.005,1.007
88,Fundo de Preservação do Patrimônio Histórico e Cultural,10,Fundo de Preservação do Patrimônio Histórico e Cultural,13,Cultura,391,"Patrimônio Histórico, Artístico e Arqueológico",3001,Acesso à Cultura,5957,"Preservação do Patrimônio Histórico, Artístico, Cultural e Arqueológico",8,Tesouro Municipal - Recursos Vinculados,9.816,7.412,7.620,7.835
89,Fundo Municipal de Esportes e Lazer,10,Fundo Municipal de Esportes e Lazer,27,Desporto e Lazer,812,Desporto Comunitário,3017,"Promoção de Atividades Esportivas, Recreativas e de Lazer",3512,"Ampliação, Reforma e Requalificação de Equipamentos Esportivos",5,Outras Fontes,100.000,100.000,100.000,100.000
89,Fundo Municipal de Esportes e Lazer,10,Fundo Municipal de Esportes e Lazer,27,Desporto e Lazer,812,Desporto Comunitário,3017,"Promoção de Atividades Esportivas, Recreativas e de Lazer",3512,"Ampliação, Reforma e Requalificação de Equipamentos Esportivos",8,Tesouro Municipal - Recursos Vinculados,516.600,516.600,738.000,738.000
90,Fundo Municipal dos Direitos da Criança e do Adolescente,10,Fundo Municipal dos Direitos da Criança e do Adolescente,8,Assistência Social,126,Tecnologia da Informação,3011,"Modernização Tecnológica, Desburocratização e Inovação do Serviço Público",1220,Desenvolvimento de Sistemas de Informação e Comunicação,0,Tesouro Municipal,1.000,1.000,1.000,1.000
90,Fundo Municipal dos Direitos da Criança e do Adolescente,10,Fundo Municipal dos Direitos da Criança e do Adolescente,8,Assistência Social,243,Assistência à Criança e ao Adolescente,3012,"Participação, Transparência e Controle Social da Administração Pública",2803,Manutenção e Operação dos Conselhos e Espaços Participativos Municipais,0,Tesouro Municipal,584.025,617.179,646.046,686.738
90,Fundo Municipal dos Direitos da Criança e do Adolescente,10,Fundo Municipal dos Direitos da Criança e do Adolescente,8,Assistência Social,243,Assistência à Criança e ao Adolescente,3013,"Promoção da Segurança Urbana, Prevenção e Proteção às Vítimas de Violência",6160,Ações Permanentes de Promoção dos Direitos da Criança e do Adolescente,5,Outras Fontes,60.599.902,53.076.900,86.790.900,80.890.900
90,Fundo Municipal dos Direitos da Criança e do Adolescente,10,Fundo Municipal dos Direitos da Criança e do Adolescente,8,Assistência Social,243,Assistência à Criança e ao Adolescente,3013,"Promoção da Segurança Urbana, Prevenção e Proteção às Vítimas de Violência",6160,Ações Permanentes de Promoção dos Direitos da Criança e do Adolescente,8,Tesouro Municipal - Recursos Vinculados,7.768.008,9.676.397,11.663.997,13.575.996
91,Fundo Municipal de Habitação,10,Fundo Municipal de Habitação,16,Habitação,122,Administração Geral,3024,Suporte Administrativo,2611,Administração da Carteira Imobiliária,0,Tesouro Municipal,17.494.236,18.474.412,19.319.730,20.536.592
91,Fundo Municipal de Habitação,10,Fundo Municipal de Habitação,16,Habitação,122,Administração Geral,3024,Suporte Administrativo,2611,Administração da Carteira Imobiliária,8,Tesouro Municipal - Recursos Vinculados,3.981.231,4.492.894,5.028.296,5.587.890
91,Fundo Municipal de Habitação,10,Fundo Municipal de Habitação,16,Habitação,482,Habitação Urbana,3002,Acesso à Moradia Adequada,1276,Projetos e Ações de Apoio Habitacional,8,Tesouro Municipal - Recursos Vinculados,1.000,1.000,1.000,1.000
91,Fundo Municipal de Habitação,10,Fundo Municipal de Habitação,16,Habitação,482,Habitação Urbana,3002,Acesso à Moradia Adequada,3353,"Ampliação, Reforma e Requalificação de Unidades Habitacionais",0,Tesouro Municipal,1.000,1.000,1.000,1.000
91,Fundo Municipal de Habitação,10,Fundo Municipal de Habitação,16,Habitação,482,Habitação Urbana,3002,Acesso à Moradia Adequada,3353,"Ampliação, Reforma e Requalificação de Unidades Habitacionais",8,Tesouro Municipal - Recursos Vinculados,4.009.500,4.250.070,4.505.074,4.773.379
91,Fundo Municipal de Habitação,10,Fundo Municipal de Habitação,16,Habitação,482,Habitação Urbana,3002,Acesso à Moradia Adequada,3354,Construção de Unidades Habitacionais,0,Tesouro Municipal,1.000,1.000,1.000,1.000
91,Fundo Municipal de Habitação,10,Fundo Municipal de Habitação,16,Habitação,482,Habitação Urbana,3002,Acesso à Moradia Adequada,3354,Construção de Unidades Habitacionais,8,Tesouro Municipal - Recursos Vinculados,2.500,2.000,2.000,2.000
91,Fundo Municipal de Habitação,10,Fundo Municipal de Habitação,16,Habitação,482,Habitação Urbana,3002,Acesso à Moradia Adequada,3356,Regularização Fundiária,0,Tesouro Municipal,1.000,1.000,1.000,1.000
91,Fundo Municipal de Habitação,10,Fundo Municipal de Habitação,16,Habitação,482,Habitação Urbana,3002,Acesso à Moradia Adequada,3356,Regularização Fundiária,8,Tesouro Municipal - Recursos Vinculados,9.969.800,10.662.551,11.353.024,12.036.386
91,Fundo Municipal de Habitação,10,Fundo Municipal de Habitação,16,Habitação,482,Habitação Urbana,3002,Acesso à Moradia Adequada,3358,Locação Social,0,Tesouro Municipal,1.000,1.000,1.000,1.000
91,Fundo Municipal de Habitação,10,Fundo Municipal de Habitação,16,Habitação,482,Habitação Urbana,3002,Acesso à Moradia Adequada,3358,Locação Social,8,Tesouro Municipal - Recursos Vinculados,5.000.000,5.301.060,5.619.124,5.956.271
91,Fundo Municipal de Habitação,10,Fundo Municipal de Habitação,16,Habitação,482,Habitação Urbana,3002,Acesso à Moradia Adequada,4353,Manutenção de Unidades Habitacionais,8,Tesouro Municipal - Recursos Vinculados,4.300.265,4.300.265,4.300.265,4.300.265
92,"Fundo Municipal do Trabalho, Emprego e Renda",10,"Fundo Municipal do Trabalho, Emprego e Renda",11,Trabalho,334,Fomento ao Trabalho,3019,Promoção do Crescimento Econômico e Geração de Postos de Trabalho e Oportunidades,2411,Ações do Sistema Nacional de Emprego (SINE),0,Tesouro Municipal,1.000,1.000,1.020,1.030
93,Fundo Municipal de Assistência Social,10,Fundo Municipal de Assistência Social,8,Assistência Social,126,Tecnologia da Informação,3011,"Modernização Tecnológica, Desburocratização e Inovação do Serviço Público",2818,"Aquisição de Materiais, Equipamentos e Serviços de Informação e Comunicação",0,Tesouro Municipal,1.724.912,1.080,1.039,1.000
93,Fundo Municipal de Assistência Social,10,Fundo Municipal de Assistência Social,8,Assistência Social,126,Tecnologia da Informação,3011,"Modernização Tecnológica, Desburocratização e Inovação do Serviço Público",2818,"Aquisição de Materiais, Equipamentos e Serviços de Informação e Comunicação",2,Transferências Federais,1.000,1.000,1.000,1.000
93,Fundo Municipal de Assistência Social,10,Fundo Municipal de Assistência Social,8,Assistência Social,126,Tecnologia da Informação,3024,Suporte Administrativo,2171,Manutenção e Operação de Sistemas de Informação e Comunicação,0,Tesouro Municipal,13.698.978,1.080,1.039,1.000
93,Fundo Municipal de Assistência Social,10,Fundo Municipal de Assistência Social,8,Assistência Social,128,Formação de Recursos Humanos,3023,Proteção à População em Situação de Vulnerabilidade Social,6212,Educação Permanente dos Trabalhadores do SUAS,0,Tesouro Municipal,171.000,1.080,1.039,1.000
93,Fundo Municipal de Assistência Social,10,Fundo Municipal de Assistência Social,8,Assistência Social,128,Formação de Recursos Humanos,3023,Proteção à População em Situação de Vulnerabilidade Social,6212,Educação Permanente dos Trabalhadores do SUAS,2,Transferências Federais,4.000,1.000,1.000,1.000
93,Fundo Municipal de Assistência Social,10,Fundo Municipal de Assistência Social,8,Assistência Social,241,Assistência ao Idoso,3007,Promoção dos Direitos da População Idosa,2902,Manutenção e Operação de Equipamentos de Convivência e Fortalecimento de Vínculos para a Pessoa Idosa,0,Tesouro Municipal,35.182.544,40.234.265,40.457.827,41.388.325
93,Fundo Municipal de Assistência Social,10,Fundo Municipal de Assistência Social,8,Assistência Social,241,Assistência ao Idoso,3007,Promoção dos Direitos da População Idosa,2902,Manutenção e Operação de Equipamentos de Convivência e Fortalecimento de Vínculos para a Pessoa Idosa,2,Transferências Federais,1.000,1.000,1.000,1.000
93,Fundo Municipal de Assistência Social,10,Fundo Municipal de Assistência Social,8,Assistência Social,241,Assistência ao Idoso,3007,Promoção dos Direitos da População Idosa,2902,Manutenção e Operação de Equipamentos de Convivência e Fortalecimento de Vínculos para a Pessoa Idosa,3,Transferências Estaduais,1.000,1.000,1.000,1.000
93,Fundo Municipal de Assistência Social,10,Fundo Municipal de Assistência Social,8,Assistência Social,241,Assistência ao Idoso,3007,Promoção dos Direitos da População Idosa,6154,Manutenção e Operação de Equipamentos de Proteção Social Especial à População Idosa,0,Tesouro Municipal,58.838.409,67.286.782,67.660.660,69.216.802
93,Fundo Municipal de Assistência Social,10,Fundo Municipal de Assistência Social,8,Assistência Social,241,Assistência ao Idoso,3007,Promoção dos Direitos da População Idosa,6154,Manutenção e Operação de Equipamentos de Proteção Social Especial à População Idosa,2,Transferências Federais,1.000,1.000,1.000,1.000
93,Fundo Municipal de Assistência Social,10,Fundo Municipal de Assistência Social,8,Assistência Social,241,Assistência ao Idoso,3007,Promoção dos Direitos da População Idosa,6154,Manutenção e Operação de Equipamentos de Proteção Social Especial à População Idosa,3,Transferências Estaduais,1.000,1.000,1.000,1.000
93,Fundo Municipal de Assistência Social,10,Fundo Municipal de Assistência Social,8,Assistência Social,241,Assistência ao Idoso,3007,Promoção dos Direitos da População Idosa,9156,"Implementação da ""Creche para Idosos""",0,Tesouro Municipal,1.000,0,0,0
93,Fundo Municipal de Assistência Social,10,Fundo Municipal de Assistência Social,8,Assistência Social,241,Assistência ao Idoso,3007,Promoção dos Direitos da População Idosa,9345,E6668 - Centro de Acolhimento de Idosos,0,Tesouro Municipal,1.000,0,0,0
93,Fundo Municipal de Assistência Social,10,Fundo Municipal de Assistência Social,8,Assistência Social,242,Assistência ao Portador de Deficiência,3006,Promoção dos Direitos da Pessoa com Deficiência,6152,Manutenção e Operação de Equipamentos de Proteção Social Especial à Pessoa com Deficiência,0,Tesouro Municipal,49.408.782,52.497.510,52.789.211,54.003.322
93,Fundo Municipal de Assistência Social,10,Fundo Municipal de Assistência Social,8,Assistência Social,242,Assistência ao Portador de Deficiência,3006,Promoção dos Direitos da Pessoa com Deficiência,6152,Manutenção e Operação de Equipamentos de Proteção Social Especial à Pessoa com Deficiência,2,Transferências Federais,1.112.612,1.112.611,1.112.611,1.112.611
93,Fundo Municipal de Assistência Social,10,Fundo Municipal de Assistência Social,8,Assistência Social,242,Assistência ao Portador de Deficiência,3006,Promoção dos Direitos da Pessoa com Deficiência,6152,Manutenção e Operação de Equipamentos de Proteção Social Especial à Pessoa com Deficiência,3,Transferências Estaduais,1.000,1.000,1.000,1.000
93,Fundo Municipal de Assistência Social,10,Fundo Municipal de Assistência Social,8,Assistência Social,243,Assistência à Criança e ao Adolescente,3023,Proteção à População em Situação de Vulnerabilidade Social,2059,Manutenção e Operação de Equipamentos de Convivência e Fortalecimento de Vínculos para Crianças e Adolescentes,0,Tesouro Municipal,249.295.848,235.324.009,242.559.351,256.383.821
93,Fundo Municipal de Assistência Social,10,Fundo Municipal de Assistência Social,8,Assistência Social,243,Assistência à Criança e ao Adolescente,3023,Proteção à População em Situação de Vulnerabilidade Social,2059,Manutenção e Operação de Equipamentos de Convivência e Fortalecimento de Vínculos para Crianças e Adolescentes,2,Transferências Federais,17.188.355,14.852.334,14.852.334,14.852.334
93,Fundo Municipal de Assistência Social,10,Fundo Municipal de Assistência Social,8,Assistência Social,243,Assistência à Criança e ao Adolescente,3023,Proteção à População em Situação de Vulnerabilidade Social,2059,Manutenção e Operação de Equipamentos de Convivência e Fortalecimento de Vínculos para Crianças e Adolescentes,3,Transferências Estaduais,22.192.545,22.160.712,22.160.712,22.160.712
93,Fundo Municipal de Assistência Social,10,Fundo Municipal de Assistência Social,8,Assistência Social,243,Assistência à Criança e ao Adolescente,3023,Proteção à População em Situação de Vulnerabilidade Social,6221,"Manutenção e Operação de Equipamentos de Proteção Social Especial a Crianças, Adolescentes e Jovens em Risco Social",0,Tesouro Municipal,197.990.176,134.931.918,135.681.663,138.802.237
93,Fundo Municipal de Assistência Social,10,Fundo Municipal de Assistência Social,8,Assistência Social,243,Assistência à Criança e ao Adolescente,3023,Proteção à População em Situação de Vulnerabilidade Social,6221,"Manutenção e Operação de Equipamentos de Proteção Social Especial a Crianças, Adolescentes e Jovens em Risco Social",2,Transferências Federais,8.316.313,8.316.313,8.316.313,8.316.313
93,Fundo Municipal de Assistência Social,10,Fundo Municipal de Assistência Social,8,Assistência Social,243,Assistência à Criança e ao Adolescente,3023,Proteção à População em Situação de Vulnerabilidade Social,6221,"Manutenção e Operação de Equipamentos de Proteção Social Especial a Crianças, Adolescentes e Jovens em Risco Social",3,Transferências Estaduais,1.000,1.000,1.000,1.000
93,Fundo Municipal de Assistência Social,10,Fundo Municipal de Assistência Social,8,Assistência Social,243,Assistência à Criança e ao Adolescente,3023,Proteção à População em Situação de Vulnerabilidade Social,9382,E1658 - Apoio na Instalação e Desenvolvimento de Atividades de Centro para Crianças e Adolescentes do Jardim Primavera,0,Tesouro Municipal,100.000,0,0,0
93,Fundo Municipal de Assistência Social,10,Fundo Municipal de Assistência Social,8,Assistência Social,244,Assistência Comunitária,3012,"Participação, Transparência e Controle Social da Administração Pública",2803,Manutenção e Operação dos Conselhos e Espaços Participativos Municipais,0,Tesouro Municipal,443.370,1.080,1.039,1.000
93,Fundo Municipal de Assistência Social,10,Fundo Municipal de Assistência Social,8,Assistência Social,244,Assistência Comunitária,3012,"Participação, Transparência e Controle Social da Administração Pública",2803,Manutenção e Operação dos Conselhos e Espaços Participativos Municipais,2,Transferências Federais,306.823,1.000,1.000,1.000
93,Fundo Municipal de Assistência Social,10,Fundo Municipal de Assistência Social,8,Assistência Social,244,Assistência Comunitária,3023,Proteção à População em Situação de Vulnerabilidade Social,3399,"Ampliação, Reforma e Requalificação de Equipamentos da Assistência Social",0,Tesouro Municipal,1.000,1.080,1.039,1.000
93,Fundo Municipal de Assistência Social,10,Fundo Municipal de Assistência Social,8,Assistência Social,244,Assistência Comunitária,3023,Proteção à População em Situação de Vulnerabilidade Social,4306,Inserção das Famílias no Cadastro Único,0,Tesouro Municipal,1.938.276,3.430,3.449,3.529
93,Fundo Municipal de Assistência Social,10,Fundo Municipal de Assistência Social,8,Assistência Social,244,Assistência Comunitária,3023,Proteção à População em Situação de Vulnerabilidade Social,4306,Inserção das Famílias no Cadastro Único,2,Transferências Federais,14.977.465,16.913.741,16.913.741,16.913.741
93,Fundo Municipal de Assistência Social,10,Fundo Municipal de Assistência Social,8,Assistência Social,244,Assistência Comunitária,3023,Proteção à População em Situação de Vulnerabilidade Social,4308,Manutenção e Operação de Equipamentos de Proteção Social Especial à População em Situação de Rua,0,Tesouro Municipal,389.441.522,445.323.496,447.797.922,458.096.927
93,Fundo Municipal de Assistência Social,10,Fundo Municipal de Assistência Social,8,Assistência Social,244,Assistência Comunitária,3023,Proteção à População em Situação de Vulnerabilidade Social,4308,Manutenção e Operação de Equipamentos de Proteção Social Especial à População em Situação de Rua,2,Transferências Federais,18.132.794,18.132.793,18.132.793,18.132.793
93,Fundo Municipal de Assistência Social,10,Fundo Municipal de Assistência Social,8,Assistência Social,244,Assistência Comunitária,3023,Proteção à População em Situação de Vulnerabilidade Social,4308,Manutenção e Operação de Equipamentos de Proteção Social Especial à População em Situação de Rua,3,Transferências Estaduais,42.738.315,42.811.140,42.770.140,42.811.140
93,Fundo Municipal de Assistência Social,10,Fundo Municipal de Assistência Social,8,Assistência Social,244,Assistência Comunitária,3023,Proteção à População em Situação de Vulnerabilidade Social,4309,Manutenção e Operação de Equipamentos de Proteção Social Básica às Famílias,0,Tesouro Municipal,64.400.714,73.647.757,74.056.979,75.760.232
93,Fundo Municipal de Assistência Social,10,Fundo Municipal de Assistência Social,8,Assistência Social,244,Assistência Comunitária,3023,Proteção à População em Situação de Vulnerabilidade Social,4309,Manutenção e Operação de Equipamentos de Proteção Social Básica às Famílias,2,Transferências Federais,1.000,1.000,1.000,1.000
93,Fundo Municipal de Assistência Social,10,Fundo Municipal de Assistência Social,8,Assistência Social,244,Assistência Comunitária,3023,Proteção à População em Situação de Vulnerabilidade Social,4309,Manutenção e Operação de Equipamentos de Proteção Social Básica às Famílias,3,Transferências Estaduais,1.000,1.000,1.000,1.000
93,Fundo Municipal de Assistência Social,10,Fundo Municipal de Assistência Social,8,Assistência Social,244,Assistência Comunitária,3023,Proteção à População em Situação de Vulnerabilidade Social,4399,Manutenção e Operação de Equipamentos da Assistência Social,0,Tesouro Municipal,76.023.654,85.583.346,86.058.887,88.038.175
93,Fundo Municipal de Assistência Social,10,Fundo Municipal de Assistência Social,8,Assistência Social,244,Assistência Comunitária,3023,Proteção à População em Situação de Vulnerabilidade Social,4399,Manutenção e Operação de Equipamentos da Assistência Social,2,Transferências Federais,6.203.578,6.912.153,6.912.153,6.912.153
93,Fundo Municipal de Assistência Social,10,Fundo Municipal de Assistência Social,8,Assistência Social,244,Assistência Comunitária,3023,Proteção à População em Situação de Vulnerabilidade Social,6151,Ações de Pronto Atendimento Socioassistencial,0,Tesouro Municipal,8.723.342,10.694.882,10.694.841,10.694.802
93,Fundo Municipal de Assistência Social,10,Fundo Municipal de Assistência Social,8,Assistência Social,244,Assistência Comunitária,3023,Proteção à População em Situação de Vulnerabilidade Social,6163,Ações de Vigilância Socioassistencial,2,Transferências Federais,1.000,1.000,1.000,1.000
93,Fundo Municipal de Assistência Social,10,Fundo Municipal de Assistência Social,8,Assistência Social,244,Assistência Comunitária,3023,Proteção à População em Situação de Vulnerabilidade Social,6166,Programa de Garantia de Renda Familiar Mínima,0,Tesouro Municipal,20.139.112,23.030.806,23.158.776,23.691.411
93,Fundo Municipal de Assistência Social,10,Fundo Municipal de Assistência Social,8,Assistência Social,244,Assistência Comunitária,3023,Proteção à População em Situação de Vulnerabilidade Social,6167,Benefícios Eventuais,0,Tesouro Municipal,24.822.936,28.387.162,28.544.895,29.201.406
93,Fundo Municipal de Assistência Social,10,Fundo Municipal de Assistência Social,8,Assistência Social,244,Assistência Comunitária,3023,Proteção à População em Situação de Vulnerabilidade Social,6167,Benefícios Eventuais,2,Transferências Federais,1.000,1.000,1.000,1.000
93,Fundo Municipal de Assistência Social,10,Fundo Municipal de Assistência Social,8,Assistência Social,244,Assistência Comunitária,3023,Proteção à População em Situação de Vulnerabilidade Social,6167,Benefícios Eventuais,3,Transferências Estaduais,1.000,1.000,1.000,1.000
93,Fundo Municipal de Assistência Social,10,Fundo Municipal de Assistência Social,8,Assistência Social,244,Assistência Comunitária,3023,Proteção à População em Situação de Vulnerabilidade Social,6170,Operacionalização do Benefício de Prestação Continuada,2,Transferências Federais,1.000,1.000,1.000,1.000
93,Fundo Municipal de Assistência Social,10,Fundo Municipal de Assistência Social,8,Assistência Social,244,Assistência Comunitária,3023,Proteção à População em Situação de Vulnerabilidade Social,6206,Manutenção e Operação de Equipamentos Intergeracionais de Convivência e Fortalecimento de Vínculos,0,Tesouro Municipal,102.749.826,117.503.266,118.156.170,120.873.670
93,Fundo Municipal de Assistência Social,10,Fundo Municipal de Assistência Social,8,Assistência Social,244,Assistência Comunitária,3023,Proteção à População em Situação de Vulnerabilidade Social,6206,Manutenção e Operação de Equipamentos Intergeracionais de Convivência e Fortalecimento de Vínculos,2,Transferências Federais,1.000,1.000,1.000,1.000
93,Fundo Municipal de Assistência Social,10,Fundo Municipal de Assistência Social,8,Assistência Social,244,Assistência Comunitária,3023,Proteção à População em Situação de Vulnerabilidade Social,6206,Manutenção e Operação de Equipamentos Intergeracionais de Convivência e Fortalecimento de Vínculos,3,Transferências Estaduais,1.000,1.000,1.000,1.000
93,Fundo Municipal de Assistência Social,10,Fundo Municipal de Assistência Social,8,Assistência Social,244,Assistência Comunitária,3023,Proteção à População em Situação de Vulnerabilidade Social,6206,Manutenção e Operação de Equipamentos Intergeracionais de Convivência e Fortalecimento de Vínculos,5,Outras Fontes,1.000,1.000,1.000,1.000
93,Fundo Municipal de Assistência Social,10,Fundo Municipal de Assistência Social,8,Assistência Social,244,Assistência Comunitária,3023,Proteção à População em Situação de Vulnerabilidade Social,6242,Manutenção e Operação de Equipamentos de Proteção Jurídico Social,0,Tesouro Municipal,15.788.663,18.055.694,18.156.020,18.573.595
93,Fundo Municipal de Assistência Social,10,Fundo Municipal de Assistência Social,8,Assistência Social,244,Assistência Comunitária,3023,Proteção à População em Situação de Vulnerabilidade Social,6242,Manutenção e Operação de Equipamentos de Proteção Jurídico Social,2,Transferências Federais,1.000,1.000,1.000,1.000
93,Fundo Municipal de Assistência Social,10,Fundo Municipal de Assistência Social,8,Assistência Social,244,Assistência Comunitária,3023,Proteção à População em Situação de Vulnerabilidade Social,6242,Manutenção e Operação de Equipamentos de Proteção Jurídico Social,3,Transferências Estaduais,1.000,1.000,1.000,1.000
93,Fundo Municipal de Assistência Social,10,Fundo Municipal de Assistência Social,8,Assistência Social,244,Assistência Comunitária,3023,Proteção à População em Situação de Vulnerabilidade Social,9025,Virada Social,0,Tesouro Municipal,1.000,0,0,0
93,Fundo Municipal de Assistência Social,10,Fundo Municipal de Assistência Social,8,Assistência Social,244,Assistência Comunitária,3023,Proteção à População em Situação de Vulnerabilidade Social,9342,E892 - Criação e Manutenção de Banheiros Públicos Permanentes,0,Tesouro Municipal,1.000,0,0,0
93,Fundo Municipal de Assistência Social,10,Fundo Municipal de Assistência Social,8,Assistência Social,244,Assistência Comunitária,3023,Proteção à População em Situação de Vulnerabilidade Social,9343,E893 - Programa Rede Cozinha Cidadã,0,Tesouro Municipal,1.000,0,0,0
93,Fundo Municipal de Assistência Social,10,Fundo Municipal de Assistência Social,8,Assistência Social,244,Assistência Comunitária,3023,Proteção à População em Situação de Vulnerabilidade Social,9344,E6666 - Ações Voltadas ao Atendimento a Pessoas em Situação de Vulnerabilidade Social,0,Tesouro Municipal,1.000,0,0,0
93,Fundo Municipal de Assistência Social,10,Fundo Municipal de Assistência Social,8,Assistência Social,244,Assistência Comunitária,3023,Proteção à População em Situação de Vulnerabilidade Social,9346,E6678 - Implantação do Programa Refeição Solidária,0,Tesouro Municipal,1.000,0,0,0
93,Fundo Municipal de Assistência Social,10,Fundo Municipal de Assistência Social,8,Assistência Social,244,Assistência Comunitária,3023,Proteção à População em Situação de Vulnerabilidade Social,9350,E994 - Revitalização e Aquisição de Equipamentos para a Área do Circo Social São Remo,0,Tesouro Municipal,200.000,0,0,0
93,Fundo Municipal de Assistência Social,10,Fundo Municipal de Assistência Social,8,Assistência Social,244,Assistência Comunitária,3023,Proteção à População em Situação de Vulnerabilidade Social,9351,E995 - Reparo e Manutenção do Prédio Público do CCA São Miguel - Subprefeitura do Butantã,0,Tesouro Municipal,200.000,0,0,0
93,Fundo Municipal de Assistência Social,10,Fundo Municipal de Assistência Social,8,Assistência Social,244,Assistência Comunitária,3023,Proteção à População em Situação de Vulnerabilidade Social,9352,E996 - Revitalização e Manutenção da Unidade do CTA Butantã - Subprefeitura de Butantã,0,Tesouro Municipal,185.000,0,0,0
93,Fundo Municipal de Assistência Social,10,Fundo Municipal de Assistência Social,8,Assistência Social,244,Assistência Comunitária,3023,Proteção à População em Situação de Vulnerabilidade Social,9380,E1656 - Ação de Assistência e Apoio aos Sobreviventes do Surto de Poliomielite,0,Tesouro Municipal,100.000,0,0,0
93,Fundo Municipal de Assistência Social,10,Fundo Municipal de Assistência Social,8,Assistência Social,244,Assistência Comunitária,3023,Proteção à População em Situação de Vulnerabilidade Social,9396,E617 - Projeto Social Salesianas Cecilia Stringni Executado pela Associação Samaritano São Francisco de Assis (CNPJ nº 02627820/0001-33),0,Tesouro Municipal,100.000,0,0,0
93,Fundo Municipal de Assistência Social,10,Fundo Municipal de Assistência Social,8,Assistência Social,244,Assistência Comunitária,3023,Proteção à População em Situação de Vulnerabilidade Social,9397,E619 - Projeto Social NASCE Executado pelo Núcleo de Apoio Social ao Cantinho da Esperança (CNPJ nº 03363505/0001-09),0,Tesouro Municipal,100.000,0,0,0
93,Fundo Municipal de Assistência Social,10,Fundo Municipal de Assistência Social,8,Assistência Social,244,Assistência Comunitária,3023,Proteção à População em Situação de Vulnerabilidade Social,9411,"E6630 - Implantação na Vila Medeiros de SASF - Serviço de Assistência Social a Família, CEDESP - Centro de Desenvolvimento Social e Produtivo, CDI - Centro Dia para o Idoso e NCI - Núcleo de Convivência de Idosos",0,Tesouro Municipal,1.000,0,0,0
93,Fundo Municipal de Assistência Social,10,Fundo Municipal de Assistência Social,8,Assistência Social,422,"Direitos Individuais, Coletivos e Difusos",3013,"Promoção da Segurança Urbana, Prevenção e Proteção às Vítimas de Violência",6178,Manutenção e Operação de Equipamentos Públicos Voltados ao Atendimento de Mulheres,0,Tesouro Municipal,10.618.312,12.142.953,12.210.425,12.491.255
93,Fundo Municipal de Assistência Social,10,Fundo Municipal de Assistência Social,8,Assistência Social,422,"Direitos Individuais, Coletivos e Difusos",3013,"Promoção da Segurança Urbana, Prevenção e Proteção às Vítimas de Violência",6178,Manutenção e Operação de Equipamentos Públicos Voltados ao Atendimento de Mulheres,2,Transferências Federais,1.000,1.000,1.000,1.000
93,Fundo Municipal de Assistência Social,10,Fundo Municipal de Assistência Social,8,Assistência Social,422,"Direitos Individuais, Coletivos e Difusos",3013,"Promoção da Segurança Urbana, Prevenção e Proteção às Vítimas de Violência",6178,Manutenção e Operação de Equipamentos Públicos Voltados ao Atendimento de Mulheres,3,Transferências Estaduais,1.000,1.000,1.000,1.000
93,Fundo Municipal de Assistência Social,10,Fundo Municipal de Assistência Social,8,Assistência Social,422,"Direitos Individuais, Coletivos e Difusos",3013,"Promoção da Segurança Urbana, Prevenção e Proteção às Vítimas de Violência",9041,Implementação do Centro de Defesa e Convivência da Mulher - CDCM - Ermelino Matarazzo,0,Tesouro Municipal,1.000,0,0,0
94,Fundo Especial do Meio Ambiente e Desenvolvimento Sustentável,10,Fundo Especial do Meio Ambiente e Desenvolvimento Sustentável,18,Gestão Ambiental,541,Preservação e Conservação Ambiental,3005,Promoção da Sustentabilidade Ambiental,1702,Construção e Implantação de Parques Urbanos e Lineares,8,Tesouro Municipal - Recursos Vinculados,2.101.000,956.512,977.568,1.000.836
94,Fundo Especial do Meio Ambiente e Desenvolvimento Sustentável,10,Fundo Especial do Meio Ambiente e Desenvolvimento Sustentável,18,Gestão Ambiental,541,Preservação e Conservação Ambiental,3005,Promoção da Sustentabilidade Ambiental,1703,"Ampliação, Reforma e Requalificação de Parques Urbanos e Lineares",3,Transferências Estaduais,4.359.563,42.135,44.768,47.566
94,Fundo Especial do Meio Ambiente e Desenvolvimento Sustentável,10,Fundo Especial do Meio Ambiente e Desenvolvimento Sustentável,18,Gestão Ambiental,541,Preservação e Conservação Ambiental,3005,Promoção da Sustentabilidade Ambiental,1703,"Ampliação, Reforma e Requalificação de Parques Urbanos e Lineares",8,Tesouro Municipal - Recursos Vinculados,5.836.399,2.658.048,2.716.512,2.780.832
94,Fundo Especial do Meio Ambiente e Desenvolvimento Sustentável,10,Fundo Especial do Meio Ambiente e Desenvolvimento Sustentável,18,Gestão Ambiental,541,Preservação e Conservação Ambiental,3005,Promoção da Sustentabilidade Ambiental,1704,Construção e Implantação de Unidades de Conservação,8,Tesouro Municipal - Recursos Vinculados,1.000,1.000,1.000,1.000
94,Fundo Especial do Meio Ambiente e Desenvolvimento Sustentável,10,Fundo Especial do Meio Ambiente e Desenvolvimento Sustentável,18,Gestão Ambiental,541,Preservação e Conservação Ambiental,3005,Promoção da Sustentabilidade Ambiental,1705,"Ampliação, Reforma e Requalificação de Unidades de Conservação",8,Tesouro Municipal - Recursos Vinculados,1.000,1.000,1.000,1.000
94,Fundo Especial do Meio Ambiente e Desenvolvimento Sustentável,10,Fundo Especial do Meio Ambiente e Desenvolvimento Sustentável,18,Gestão Ambiental,541,Preservação e Conservação Ambiental,3005,Promoção da Sustentabilidade Ambiental,1710,"Ampliação, Reforma e Requalificação da UMAPAZ",8,Tesouro Municipal - Recursos Vinculados,1.000,1.000,1.000,1.000
94,Fundo Especial do Meio Ambiente e Desenvolvimento Sustentável,10,Fundo Especial do Meio Ambiente e Desenvolvimento Sustentável,18,Gestão Ambiental,541,Preservação e Conservação Ambiental,3005,Promoção da Sustentabilidade Ambiental,1711,"Ampliação, Reforma e Requalificação dos Serviços de Atendimento e Manejo da Fauna Silvestre",8,Tesouro Municipal - Recursos Vinculados,1.000,1.000,1.000,1.000
94,Fundo Especial do Meio Ambiente e Desenvolvimento Sustentável,10,Fundo Especial do Meio Ambiente e Desenvolvimento Sustentável,18,Gestão Ambiental,541,Preservação e Conservação Ambiental,3005,Promoção da Sustentabilidade Ambiental,2702,Manutenção e Operação de Unidades de Conservação,8,Tesouro Municipal - Recursos Vinculados,1.000,1.000,1.000,1.000
94,Fundo Especial do Meio Ambiente e Desenvolvimento Sustentável,10,Fundo Especial do Meio Ambiente e Desenvolvimento Sustentável,18,Gestão Ambiental,541,Preservação e Conservação Ambiental,3005,Promoção da Sustentabilidade Ambiental,2703,Manutenção e Operação de Parques Urbanos e Lineares,8,Tesouro Municipal - Recursos Vinculados,3.968.183,7.000.779,7.748.214,8.239.335
94,Fundo Especial do Meio Ambiente e Desenvolvimento Sustentável,10,Fundo Especial do Meio Ambiente e Desenvolvimento Sustentável,18,Gestão Ambiental,541,Preservação e Conservação Ambiental,3005,Promoção da Sustentabilidade Ambiental,5681,"Ampliação, Reforma e Requalificação do Herbário Municipal",8,Tesouro Municipal - Recursos Vinculados,1.000,1.000,1.000,1.000
94,Fundo Especial do Meio Ambiente e Desenvolvimento Sustentável,10,Fundo Especial do Meio Ambiente e Desenvolvimento Sustentável,18,Gestão Ambiental,541,Preservação e Conservação Ambiental,3005,Promoção da Sustentabilidade Ambiental,6659,Pagamentos de Serviços Ambientais,8,Tesouro Municipal - Recursos Vinculados,5.941.426,9.565.163,17.106.574,18.719.856
94,Fundo Especial do Meio Ambiente e Desenvolvimento Sustentável,10,Fundo Especial do Meio Ambiente e Desenvolvimento Sustentável,18,Gestão Ambiental,541,Preservação e Conservação Ambiental,3005,Promoção da Sustentabilidade Ambiental,6660,"Fiscalização, Monitoramento e Controle Ambiental",8,Tesouro Municipal - Recursos Vinculados,500.000,803.939,878.250,959.911
94,Fundo Especial do Meio Ambiente e Desenvolvimento Sustentável,10,Fundo Especial do Meio Ambiente e Desenvolvimento Sustentável,18,Gestão Ambiental,541,Preservação e Conservação Ambiental,3005,Promoção da Sustentabilidade Ambiental,7117,Recuperação de áreas degradadas e/ou contaminadas,8,Tesouro Municipal - Recursos Vinculados,100.000,44.625,45.610,46.593
94,Fundo Especial do Meio Ambiente e Desenvolvimento Sustentável,10,Fundo Especial do Meio Ambiente e Desenvolvimento Sustentável,18,Gestão Ambiental,541,Preservação e Conservação Ambiental,3005,Promoção da Sustentabilidade Ambiental,7127,"Estudos, Planos e Projetos Ambientais",8,Tesouro Municipal - Recursos Vinculados,2.843.608,1.294.595,1.323.065,1.354.382
94,Fundo Especial do Meio Ambiente e Desenvolvimento Sustentável,10,Fundo Especial do Meio Ambiente e Desenvolvimento Sustentável,18,Gestão Ambiental,541,Preservação e Conservação Ambiental,3005,Promoção da Sustentabilidade Ambiental,7129,"Ampliação, Reforma e Requalificação de Viveiros",8,Tesouro Municipal - Recursos Vinculados,100.000,42.220,43.245,44.357
94,Fundo Especial do Meio Ambiente e Desenvolvimento Sustentável,10,Fundo Especial do Meio Ambiente e Desenvolvimento Sustentável,18,Gestão Ambiental,541,Preservação e Conservação Ambiental,3005,Promoção da Sustentabilidade Ambiental,7130,Plantio de Árvores,8,Tesouro Municipal - Recursos Vinculados,1.000,1.000,1.000,1.000
95,Fundo Especial de Promoção de Atividades Culturais,10,Fundo Especial de Promoção de Atividades Culturais,13,Cultura,392,Difusão Cultural,3001,Acesso à Cultura,6353,Políticas de promoção cultural,8,Tesouro Municipal - Recursos Vinculados,180.560,185.150,189.786,194.531
95,Fundo Especial de Promoção de Atividades Culturais,10,Fundo Especial de Promoção de Atividades Culturais,13,Cultura,392,Difusão Cultural,3001,Acesso à Cultura,6354,Programação de Atividades Culturais,8,Tesouro Municipal - Recursos Vinculados,940.000,963.424,1.492.117,1.529.419
96,Fundo Municipal de Turismo,10,Fundo Municipal de Turismo,23,Comércio e Serviços,695,Turismo,3015,Promoção da Cidade como Referência Global e Destino Turístico,1021,Projetos de Fomento ao Turismo,0,Tesouro Municipal,1.000,1.000,1.000,1.000
97,Fundo de Proteção do Patrimônio Cultural e Ambiental Paulistano,10,Fundo de Proteção do Patrimônio Cultural e Ambiental Paulistano,13,Cultura,391,"Patrimônio Histórico, Artístico e Arqueológico",3001,Acesso à Cultura,5957,"Preservação do Patrimônio Histórico, Artístico, Cultural e Arqueológico",8,Tesouro Municipal - Recursos Vinculados,307.676,318.443,470.840,487.320
98,Fundo de Desenvolvimento Urbano,12,FUNDURB - Secretaria Municipal das Subprefeituras,15,Urbanismo,452,Serviços Urbanos,3005,Promoção da Sustentabilidade Ambiental,1706,Implantação e Construção de Ecopontos,8,Tesouro Municipal - Recursos Vinculados,1.000,1.000,1.000,1.000
98,Fundo de Desenvolvimento Urbano,12,FUNDURB - Secretaria Municipal das Subprefeituras,15,Urbanismo,452,Serviços Urbanos,3006,Promoção dos Direitos da Pessoa com Deficiência,1169,Reforma e Acessibilidade em Passeios Públicos,8,Tesouro Municipal - Recursos Vinculados,155.797.000,128.108.000,136.954.115,179.858.509
98,Fundo de Desenvolvimento Urbano,12,FUNDURB - Secretaria Municipal das Subprefeituras,15,Urbanismo,452,Serviços Urbanos,3022,Requalificação e Promoção da Ocupação dos Espaços Públicos,1137,Pavimentação e Recapeamento de Vias,8,Tesouro Municipal - Recursos Vinculados,1.000,1.000,1.000,1.000
98,Fundo de Desenvolvimento Urbano,12,FUNDURB - Secretaria Municipal das Subprefeituras,15,Urbanismo,452,Serviços Urbanos,3022,Requalificação e Promoção da Ocupação dos Espaços Públicos,3350,"Ampliação, Reforma e Requalificação de Áreas Públicas",8,Tesouro Municipal - Recursos Vinculados,1.000,1.000,1.000,1.000
98,Fundo de Desenvolvimento Urbano,12,FUNDURB - Secretaria Municipal das Subprefeituras,15,Urbanismo,543,Recuperação de Áreas Degradadas,3022,Requalificação e Promoção da Ocupação dos Espaços Públicos,1193,Obras e Serviços nas Áreas de Riscos Geológicos,8,Tesouro Municipal - Recursos Vinculados,1.000,0,0,0
98,Fundo de Desenvolvimento Urbano,14,FUNDURB - Secretaria Municipal de Habitação,16,Habitação,451,Infra-Estrutura Urbana,3002,Acesso à Moradia Adequada,3340,Programa Pode Entrar,8,Tesouro Municipal - Recursos Vinculados,1.325.247,71.515.720,75.948.535,80.610.362
98,Fundo de Desenvolvimento Urbano,14,FUNDURB - Secretaria Municipal de Habitação,16,Habitação,451,Infra-Estrutura Urbana,3002,Acesso à Moradia Adequada,3354,Construção de Unidades Habitacionais,8,Tesouro Municipal - Recursos Vinculados,149.228.120,87.408.103,92.825.989,98.523.779
98,Fundo de Desenvolvimento Urbano,14,FUNDURB - Secretaria Municipal de Habitação,16,Habitação,451,Infra-Estrutura Urbana,3002,Acesso à Moradia Adequada,3357,Urbanização de Favelas,8,Tesouro Municipal - Recursos Vinculados,1.000,1.000,1.000,1.000
98,Fundo de Desenvolvimento Urbano,14,FUNDURB - Secretaria Municipal de Habitação,16,Habitação,451,Infra-Estrutura Urbana,3002,Acesso à Moradia Adequada,3358,Locação Social,8,Tesouro Municipal - Recursos Vinculados,1.000,1.000,1.000,1.000
98,Fundo de Desenvolvimento Urbano,14,FUNDURB - Secretaria Municipal de Habitação,16,Habitação,482,Habitação Urbana,3005,Promoção da Sustentabilidade Ambiental,3355,Execução do Programa de Mananciais,8,Tesouro Municipal - Recursos Vinculados,1.000,0,0,0
98,Fundo de Desenvolvimento Urbano,20,FUNDURB - Secretaria Municipal de Transportes,15,Urbanismo,451,Infra-Estrutura Urbana,3009,Melhoria da Mobilidade Urbana Universal,5100,Intervenções no Sistema Viário,8,Tesouro Municipal - Recursos Vinculados,1.000,0,0,0
98,Fundo de Desenvolvimento Urbano,20,FUNDURB - Secretaria Municipal de Transportes,15,Urbanismo,452,Serviços Urbanos,3009,Melhoria da Mobilidade Urbana Universal,3757,Implantação de Projetos de Redesenho Urbano para Segurança Viária,8,Tesouro Municipal - Recursos Vinculados,6.972.186,0,1.806.305,0
98,Fundo de Desenvolvimento Urbano,20,FUNDURB - Secretaria Municipal de Transportes,26,Transporte,453,Transportes Coletivos Urbanos,3009,Melhoria da Mobilidade Urbana Universal,1095,Construção de Terminais de Ônibus,8,Tesouro Municipal - Recursos Vinculados,1.000,0,88.758.232,0
98,Fundo de Desenvolvimento Urbano,20,FUNDURB - Secretaria Municipal de Transportes,26,Transporte,453,Transportes Coletivos Urbanos,3009,Melhoria da Mobilidade Urbana Universal,1100,"Ampliação, Reforma e Requalificação de Corredores de Ônibus",8,Tesouro Municipal - Recursos Vinculados,1.000,0,0,0
98,Fundo de Desenvolvimento Urbano,20,FUNDURB - Secretaria Municipal de Transportes,26,Transporte,453,Transportes Coletivos Urbanos,3009,Melhoria da Mobilidade Urbana Universal,5362,Implantação de Transporte Público Hidroviário,8,Tesouro Municipal - Recursos Vinculados,1.000,0,0,0
98,Fundo de Desenvolvimento Urbano,20,FUNDURB - Secretaria Municipal de Transportes,26,Transporte,453,Transportes Coletivos Urbanos,3009,Melhoria da Mobilidade Urbana Universal,5391,Implantação de Faixas Exclusivas de Ônibus,8,Tesouro Municipal - Recursos Vinculados,1.000,0,0,0
98,Fundo de Desenvolvimento Urbano,20,FUNDURB - Secretaria Municipal de Transportes,26,Transporte,453,Transportes Coletivos Urbanos,3009,Melhoria da Mobilidade Urbana Universal,5392,Implantação de Corredores de Ônibus Novos,8,Tesouro Municipal - Recursos Vinculados,31.062.216,93.803.095,0,90.000.000
98,Fundo de Desenvolvimento Urbano,20,FUNDURB - Secretaria Municipal de Transportes,26,Transporte,453,Transportes Coletivos Urbanos,3009,Melhoria da Mobilidade Urbana Universal,5394,"Ampliação, Reforma e Requalificação nas Áreas de Parada e Plataforma de Embarque de Faixa Exclusiva de Ônibus",8,Tesouro Municipal - Recursos Vinculados,1.000,0,0,0
98,Fundo de Desenvolvimento Urbano,20,FUNDURB - Secretaria Municipal de Transportes,26,Transporte,785,Transportes Especiais,3009,Melhoria da Mobilidade Urbana Universal,1097,"Construção de Ciclovias, Ciclofaixas e Ciclorrotas",8,Tesouro Municipal - Recursos Vinculados,37.391.346,1.000.000,1.000.000,1.000.000
98,Fundo de Desenvolvimento Urbano,20,FUNDURB - Secretaria Municipal de Transportes,26,Transporte,785,Transportes Especiais,3009,Melhoria da Mobilidade Urbana Universal,1098,"Ampliação, Reforma e Requalificação de Ciclovias, Ciclofaixas e Ciclorrotas",8,Tesouro Municipal - Recursos Vinculados,1.000,0,0,0
98,Fundo de Desenvolvimento Urbano,22,FUNDURB - Secretaria Municipal de Infraestrutura Urbana e Obras,13,Cultura,695,Turismo,3015,Promoção da Cidade como Referência Global e Destino Turístico,5409,Implantação de Estrutura Turística no Triângulo Histórico,8,Tesouro Municipal - Recursos Vinculados,999.034,10.001.000,7.001.000,3.501.000
98,Fundo de Desenvolvimento Urbano,22,FUNDURB - Secretaria Municipal de Infraestrutura Urbana e Obras,15,Urbanismo,451,Infra-Estrutura Urbana,3009,Melhoria da Mobilidade Urbana Universal,5100,Intervenções no Sistema Viário,8,Tesouro Municipal - Recursos Vinculados,500.000,26.000.003,30.201.611,17.943.203
98,Fundo de Desenvolvimento Urbano,22,FUNDURB - Secretaria Municipal de Infraestrutura Urbana e Obras,15,Urbanismo,451,Infra-Estrutura Urbana,3009,Melhoria da Mobilidade Urbana Universal,5187,Recuperação e Reforço de Obras de Arte Especiais - OAE,8,Tesouro Municipal - Recursos Vinculados,43.485.015,59.978.397,59.478.342,44.396.000
98,Fundo de Desenvolvimento Urbano,22,FUNDURB - Secretaria Municipal de Infraestrutura Urbana e Obras,15,Urbanismo,451,Infra-Estrutura Urbana,3009,Melhoria da Mobilidade Urbana Universal,5287,Inspeção de Obras de Artes Especiais - OAE,8,Tesouro Municipal - Recursos Vinculados,500.000,7.500.000,5.400.000,2.900.000
98,Fundo de Desenvolvimento Urbano,22,FUNDURB - Secretaria Municipal de Infraestrutura Urbana e Obras,15,Urbanismo,452,Serviços Urbanos,3022,Requalificação e Promoção da Ocupação dos Espaços Públicos,5088,Construção e Implantação de Equipamentos Públicos,8,Tesouro Municipal - Recursos Vinculados,1.000,2.000,2.000,2.000
98,Fundo de Desenvolvimento Urbano,22,FUNDURB - Secretaria Municipal de Infraestrutura Urbana e Obras,15,Urbanismo,452,Serviços Urbanos,3022,Requalificação e Promoção da Ocupação dos Espaços Públicos,5388,Construção e Implantação do Parque Minhocão,8,Tesouro Municipal - Recursos Vinculados,500.000,500.000,500.000,500.000
98,Fundo de Desenvolvimento Urbano,22,FUNDURB - Secretaria Municipal de Infraestrutura Urbana e Obras,15,Urbanismo,543,Recuperação de Áreas Degradadas,3022,Requalificação e Promoção da Ocupação dos Espaços Públicos,1193,Obras e Serviços nas Áreas de Riscos Geológicos,8,Tesouro Municipal - Recursos Vinculados,1.000,0,0,0
98,Fundo de Desenvolvimento Urbano,22,FUNDURB - Secretaria Municipal de Infraestrutura Urbana e Obras,17,Saneamento,451,Infra-Estrutura Urbana,3008,Gestão dos Riscos e Promoção da Resiliência a Desastres e Eventos Críticos,5013,Intervenções no Sistema de Drenagem,8,Tesouro Municipal - Recursos Vinculados,1.000,0,0,0
98,Fundo de Desenvolvimento Urbano,22,FUNDURB - Secretaria Municipal de Infraestrutura Urbana e Obras,26,Transporte,453,Transportes Coletivos Urbanos,3009,Melhoria da Mobilidade Urbana Universal,1095,Construção de Terminais de Ônibus,8,Tesouro Municipal - Recursos Vinculados,4.000.000,24.000.000,24.000.000,11.500.000
98,Fundo de Desenvolvimento Urbano,22,FUNDURB - Secretaria Municipal de Infraestrutura Urbana e Obras,26,Transporte,453,Transportes Coletivos Urbanos,3009,Melhoria da Mobilidade Urbana Universal,5105,Intervenções na Área de Mobilidade Urbana,8,Tesouro Municipal - Recursos Vinculados,10.905.406,20.000.000,17.000.000,13.500.000
98,Fundo de Desenvolvimento Urbano,22,FUNDURB - Secretaria Municipal de Infraestrutura Urbana e Obras,26,Transporte,453,Transportes Coletivos Urbanos,3009,Melhoria da Mobilidade Urbana Universal,5392,Implantação de Corredores de Ônibus Novos,8,Tesouro Municipal - Recursos Vinculados,7.292.778,85.000.000,63.617.658,30.200.000
98,Fundo de Desenvolvimento Urbano,25,FUNDURB - Secretaria Municipal de Cultura,13,Cultura,391,"Patrimônio Histórico, Artístico e Arqueológico",3001,Acesso à Cultura,5421,Implantação do Memorial dos Aflitos,8,Tesouro Municipal - Recursos Vinculados,1.000,1.000,1.000,1.000
98,Fundo de Desenvolvimento Urbano,25,FUNDURB - Secretaria Municipal de Cultura,13,Cultura,391,"Patrimônio Histórico, Artístico e Arqueológico",3001,Acesso à Cultura,5957,"Preservação do Patrimônio Histórico, Artístico, Cultural e Arqueológico",8,Tesouro Municipal - Recursos Vinculados,8.038.000,6.697.000,8.700.000,5.000.000
98,Fundo de Desenvolvimento Urbano,25,FUNDURB - Secretaria Municipal de Cultura,13,Cultura,392,Difusão Cultural,3001,Acesso à Cultura,5400,Construção e Implantação de Espaços Lúdicos e Educativos,8,Tesouro Municipal - Recursos Vinculados,1.000,1.000,1.000,1.000
98,Fundo de Desenvolvimento Urbano,25,FUNDURB - Secretaria Municipal de Cultura,13,Cultura,392,Difusão Cultural,3001,Acesso à Cultura,5425,Implantação da Casa de Cultura Cidade Ademar,8,Tesouro Municipal - Recursos Vinculados,4.000.000,2.500.000,1.500.000,2.000.000
98,Fundo de Desenvolvimento Urbano,25,FUNDURB - Secretaria Municipal de Cultura,13,Cultura,392,Difusão Cultural,3001,Acesso à Cultura,5959,Implantação de Equipamentos Culturais,8,Tesouro Municipal - Recursos Vinculados,1.000,1.000,1.000,1.000
98,Fundo de Desenvolvimento Urbano,25,FUNDURB - Secretaria Municipal de Cultura,13,Cultura,392,Difusão Cultural,3001,Acesso à Cultura,5960,"Ampliação, Reforma e Requalificação de Equipamentos Culturais",8,Tesouro Municipal - Recursos Vinculados,1.959.000,800.000,2.797.000,8.996.000
98,Fundo de Desenvolvimento Urbano,25,FUNDURB - Secretaria Municipal de Cultura,13,Cultura,392,Difusão Cultural,3001,Acesso à Cultura,9078,Contrução da Casa de Cultura de Pedreira,8,Tesouro Municipal - Recursos Vinculados,0,1.000.000,1.000.000,1.000.000
98,Fundo de Desenvolvimento Urbano,25,FUNDURB - Secretaria Municipal de Cultura,13,Cultura,392,Difusão Cultural,3001,Acesso à Cultura,9079,Construção da Casa de Samba na Região de Santo Amaro,8,Tesouro Municipal - Recursos Vinculados,0,1.000.000,1.000.000,1.000.000
98,Fundo de Desenvolvimento Urbano,25,FUNDURB - Secretaria Municipal de Cultura,13,Cultura,392,Difusão Cultural,3001,Acesso à Cultura,9080,Construção de Memorial Municipal da Capoeira,8,Tesouro Municipal - Recursos Vinculados,0,1.000.000,1.000.000,1.000.000
98,Fundo de Desenvolvimento Urbano,25,FUNDURB - Secretaria Municipal de Cultura,13,Cultura,392,Difusão Cultural,3020,Promoção da Economia Criativa,5426,Implantação de Distritos Criativos,8,Tesouro Municipal - Recursos Vinculados,1.000.000,1.500.000,2.000.000,1.000
98,Fundo de Desenvolvimento Urbano,27,FUNDURB - Secretaria Municipal do Verde e do Meio Ambiente,18,Gestão Ambiental,541,Preservação e Conservação Ambiental,3005,Promoção da Sustentabilidade Ambiental,1702,Construção e Implantação de Parques Urbanos e Lineares,8,Tesouro Municipal - Recursos Vinculados,1.497.000,21.898.000,12.398.000,12.898.000
98,Fundo de Desenvolvimento Urbano,27,FUNDURB - Secretaria Municipal do Verde e do Meio Ambiente,18,Gestão Ambiental,541,Preservação e Conservação Ambiental,3005,Promoção da Sustentabilidade Ambiental,1703,"Ampliação, Reforma e Requalificação de Parques Urbanos e Lineares",8,Tesouro Municipal - Recursos Vinculados,1.000,100.000,100.000,100.000
98,Fundo de Desenvolvimento Urbano,27,FUNDURB - Secretaria Municipal do Verde e do Meio Ambiente,18,Gestão Ambiental,541,Preservação e Conservação Ambiental,3005,Promoção da Sustentabilidade Ambiental,1704,Construção e Implantação de Unidades de Conservação,8,Tesouro Municipal - Recursos Vinculados,1.000,1.000,1.000,1.000
98,Fundo de Desenvolvimento Urbano,27,FUNDURB - Secretaria Municipal do Verde e do Meio Ambiente,18,Gestão Ambiental,541,Preservação e Conservação Ambiental,3005,Promoção da Sustentabilidade Ambiental,1705,"Ampliação, Reforma e Requalificação de Unidades de Conservação",8,Tesouro Municipal - Recursos Vinculados,1.000,1.000,1.000,1.000
98,Fundo de Desenvolvimento Urbano,29,FUNDURB - Secretaria Municipal de Urbanismo e Licenciamento,15,Urbanismo,451,Infra-Estrutura Urbana,3022,Requalificação e Promoção da Ocupação dos Espaços Públicos,1241,"Desenvolvimento de Estudos, Projetos  e Instrumentos de Políticas Urbanas",8,Tesouro Municipal - Recursos Vinculados,1.000,3.000.000,3.000.000,3.000.000
98,Fundo de Desenvolvimento Urbano,29,FUNDURB - Secretaria Municipal de Urbanismo e Licenciamento,15,Urbanismo,451,Infra-Estrutura Urbana,3022,Requalificação e Promoção da Ocupação dos Espaços Públicos,3350,"Ampliação, Reforma e Requalificação de Áreas Públicas",8,Tesouro Municipal - Recursos Vinculados,26.497.000,36.998.000,37.498.000,37.998.000
98,Fundo de Desenvolvimento Urbano,29,FUNDURB - Secretaria Municipal de Urbanismo e Licenciamento,15,Urbanismo,451,Infra-Estrutura Urbana,3022,Requalificação e Promoção da Ocupação dos Espaços Públicos,5507,Projeto de Intervenção Urbana - PIU,8,Tesouro Municipal - Recursos Vinculados,1.000,1.000,1.000,1.000
98,Fundo de Desenvolvimento Urbano,29,FUNDURB - Secretaria Municipal de Urbanismo e Licenciamento,15,Urbanismo,451,Infra-Estrutura Urbana,3022,Requalificação e Promoção da Ocupação dos Espaços Públicos,5518,Área de Intervenção Urbana - AIU,8,Tesouro Municipal - Recursos Vinculados,1.000,1.000,1.000,1.000
99,Fundo Municipal de Iluminação Pública,10,Fundo Municipal de Iluminação Pública,15,Urbanismo,122,Administração Geral,3024,Suporte Administrativo,2100,Administração da Unidade,8,Tesouro Municipal - Recursos Vinculados,1.205.133,1.265.390,1.879.457,1.949.384
99,Fundo Municipal de Iluminação Pública,10,Fundo Municipal de Iluminação Pública,15,Urbanismo,126,Tecnologia da Informação,3011,"Modernização Tecnológica, Desburocratização e Inovação do Serviço Público",2818,"Aquisição de Materiais, Equipamentos e Serviços de Informação e Comunicação",8,Tesouro Municipal - Recursos Vinculados,200.000,210.000,311.909,323.513
99,Fundo Municipal de Iluminação Pública,10,Fundo Municipal de Iluminação Pública,15,Urbanismo,126,Tecnologia da Informação,3024,Suporte Administrativo,2171,Manutenção e Operação de Sistemas de Informação e Comunicação,8,Tesouro Municipal - Recursos Vinculados,1.739.720,1.826.706,2.713.168,2.814.114
99,Fundo Municipal de Iluminação Pública,10,Fundo Municipal de Iluminação Pública,15,Urbanismo,451,Infra-Estrutura Urbana,3022,Requalificação e Promoção da Ocupação dos Espaços Públicos,5160,"Implantação, Ampliação e Requalificação da Rede de Iluminação Pública",8,Tesouro Municipal - Recursos Vinculados,3.000,3.000,3.000,3.000
99,Fundo Municipal de Iluminação Pública,10,Fundo Municipal de Iluminação Pública,15,Urbanismo,452,Serviços Urbanos,3022,Requalificação e Promoção da Ocupação dos Espaços Públicos,6027,Contraprestação de Parceria Público-Privada (PPP) - Iluminação Pública,8,Tesouro Municipal - Recursos Vinculados,430.315.630,451.825.948,671.088.639,696.057.046
99,Fundo Municipal de Iluminação Pública,10,Fundo Municipal de Iluminação Pública,15,Urbanismo,452,Serviços Urbanos,3022,Requalificação e Promoção da Ocupação dos Espaços Públicos,6161,Manutenção e Operação da Rede de Iluminação Pública,8,Tesouro Municipal - Recursos Vinculados,105.250.741,107.971.610,160.367.984,166.334.589
